fb24a559	PDE_DATA	vmlinux	REQUIRED
12641630	__ClearPageMovable	vmlinux	REQUIRED
ba0d0a4a	__SetPageMovable	vmlinux	REQUIRED
4f0b3b26	___pskb_trim	vmlinux	REQUIRED
1d24c881	___ratelimit	vmlinux	REQUIRED
b1736077	__alloc_disk_node	vmlinux	REQUIRED
cfd14bde	__alloc_pages_nodemask	vmlinux	REQUIRED
949f7342	__alloc_percpu	vmlinux	REQUIRED
af793668	__alloc_percpu_gfp	vmlinux	REQUIRED
bcf85bc0	__alloc_skb	vmlinux	REQUIRED
55686530	__arch_clear_user	vmlinux	kernel
af507de1	__arch_copy_from_user	vmlinux	REQUIRED
c9957204	__arch_copy_in_user	vmlinux	REQUIRED
6b2941b2	__arch_copy_to_user	vmlinux	REQUIRED
50f85302	__arm_smccc_hvc	vmlinux	kernel
f93aae46	__arm_smccc_smc	vmlinux	kernel
36ad13b3	__bforget	vmlinux	kernel
39b52d19	__bitmap_and	vmlinux	kernel
adfdfcef	__bitmap_andnot	vmlinux	kernel
922f45a6	__bitmap_clear	vmlinux	REQUIRED
7c173634	__bitmap_complement	vmlinux	kernel
f3e6402e	__bitmap_equal	vmlinux	kernel
a084749a	__bitmap_or	vmlinux	REQUIRED
18345b8e	__bitmap_replace	vmlinux	kernel
615911d7	__bitmap_set	vmlinux	REQUIRED
63c4d61f	__bitmap_weight	vmlinux	kernel
f6fc8791	__bitmap_xor	vmlinux	kernel
c8bca6d2	__blk_mq_debugfs_rq_show	vmlinux	kernel
a78e1006	__blk_mq_end_request	vmlinux	REQUIRED
e9431d1f	__blk_rq_map_sg	vmlinux	kernel
e9450e03	__blkdev_issue_discard	vmlinux	kernel
7b316f70	__blkdev_issue_zeroout	vmlinux	kernel
d7737510	__blockdev_direct_IO	vmlinux	kernel
d3c847f2	__bread_gfp	vmlinux	kernel
c03d425f	__breadahead	vmlinux	kernel
d13f7bd7	__brelse	vmlinux	kernel
90ed37d3	__cancel_dirty_page	vmlinux	kernel
2cd90edd	__cfi_slowpath	vmlinux	REQUIRED
88db9f48	__check_object_size	vmlinux	REQUIRED
13a54ed5	__class_create	vmlinux	REQUIRED
2e9469a2	__class_register	vmlinux	REQUIRED
4e7c5ad4	__cleancache_get_page	vmlinux	kernel
deb3337d	__cleancache_invalidate_inode	vmlinux	kernel
c3de6eec	__clk_determine_rate	vmlinux	kernel
554e334d	__clk_get_hw	vmlinux	kernel
c569d8ce	__clk_get_name	vmlinux	kernel
4100ef44	__clk_hw_register_divider	vmlinux	kernel
c2e9ca6c	__clk_hw_register_fixed_rate	vmlinux	kernel
45a642a4	__clk_hw_register_gate	vmlinux	kernel
a9c619f6	__clk_hw_register_mux	vmlinux	kernel
c6a4a872	__clk_is_enabled	vmlinux	REQUIRED
f30b6575	__clk_mux_determine_rate	vmlinux	kernel
9f19d905	__clk_mux_determine_rate_closest	vmlinux	kernel
0b30d744	__clocksource_register_scale	vmlinux	kernel
8ceafbcd	__close_fd	vmlinux	REQUIRED
eae3dfd6	__const_udelay	vmlinux	REQUIRED
15db3b99	__cpu_active_mask	vmlinux	REQUIRED
ac594e02	__cpu_online_mask	vmlinux	REQUIRED
de7ece30	__cpu_possible_mask	vmlinux	REQUIRED
b3055449	__cpu_present_mask	vmlinux	REQUIRED
f9f83ee7	__cpufreq_driver_target	vmlinux	kernel
63547718	__cpuhp_remove_state	vmlinux	REQUIRED
57ad17e9	__cpuhp_setup_state	vmlinux	REQUIRED
46f24c3c	__cpuhp_setup_state_cpuslocked	vmlinux	REQUIRED
e21d8f58	__cpuhp_state_add_instance	vmlinux	REQUIRED
6753e8cf	__cpuhp_state_remove_instance	vmlinux	REQUIRED
5a44f8cb	__crypto_memneq	vmlinux	kernel
a3f12f69	__crypto_xor	vmlinux	kernel
5ed4e6dc	__dev_direct_xmit	vmlinux	kernel
0c0fc177	__dev_get_by_index	vmlinux	REQUIRED
c87c29e6	__dev_kfree_skb_any	vmlinux	REQUIRED
73e3ae55	__dev_kfree_skb_irq	vmlinux	kernel
afe4df5d	__device_reset	vmlinux	kernel
b4185d37	__devm_alloc_percpu	vmlinux	kernel
9e583a5c	__devm_drm_dev_alloc	vmlinux	kernel
38193182	__devm_iio_device_register	vmlinux	REQUIRED
c2b4de71	__devm_irq_alloc_descs	vmlinux	kernel
df8c0f37	__devm_of_phy_provider_register	vmlinux	kernel
480c136b	__devm_regmap_init	vmlinux	REQUIRED
d60bcef6	__devm_regmap_init_i2c	vmlinux	REQUIRED
c8d95c88	__devm_regmap_init_mmio_clk	vmlinux	kernel
b2658a6f	__devm_regmap_init_spi	vmlinux	kernel
96028d3f	__devm_release_region	vmlinux	kernel
27c4b21e	__devm_request_region	vmlinux	kernel
edb7b09a	__devm_reset_control_get	vmlinux	REQUIRED
53aa2ed2	__devm_spi_alloc_controller	vmlinux	kernel
5d880007	__dma_request_channel	vmlinux	kernel
4198ca95	__do_once_done	vmlinux	kernel
18e60984	__do_once_start	vmlinux	kernel
fc80548a	__dquot_alloc_space	vmlinux	kernel
709bc739	__dquot_free_space	vmlinux	kernel
2dcc5f50	__dquot_transfer	vmlinux	kernel
f034fb0d	__drm_atomic_helper_connector_destroy_state	vmlinux	REQUIRED
d9c1f0f4	__drm_atomic_helper_connector_duplicate_state	vmlinux	REQUIRED
7fb0e87a	__drm_atomic_helper_connector_reset	vmlinux	REQUIRED
3614bb84	__drm_atomic_helper_crtc_destroy_state	vmlinux	REQUIRED
d76e03e0	__drm_atomic_helper_crtc_duplicate_state	vmlinux	REQUIRED
70405d5d	__drm_atomic_helper_crtc_reset	vmlinux	kernel
305442c8	__drm_atomic_helper_disable_plane	vmlinux	kernel
242c00f8	__drm_atomic_helper_plane_destroy_state	vmlinux	kernel
af878c6b	__drm_atomic_helper_plane_duplicate_state	vmlinux	REQUIRED
b6d5b99e	__drm_atomic_helper_plane_reset	vmlinux	kernel
bb841998	__drm_atomic_helper_private_obj_duplicate_state	vmlinux	REQUIRED
b9cad492	__drm_atomic_state_free	vmlinux	REQUIRED
ae277372	__drm_crtc_commit_free	vmlinux	kernel
ec12af74	__drm_dbg	vmlinux	REQUIRED
4f18a150	__drm_debug	vmlinux	REQUIRED
b11ac7a7	__drm_err	vmlinux	REQUIRED
ea00fe81	__drm_printfn_coredump	vmlinux	kernel
e317082a	__drm_printfn_info	vmlinux	kernel
feb953b1	__drm_printfn_seq_file	vmlinux	kernel
3b0e5e9c	__drm_puts_coredump	vmlinux	kernel
513072fe	__drm_puts_seq_file	vmlinux	kernel
9fab6b91	__dynamic_dev_dbg	vmlinux	kernel
837b7b09	__dynamic_pr_debug	vmlinux	kernel
dcd75307	__ethtool_get_link_ksettings	vmlinux	REQUIRED
c1d8cfaf	__fdget	vmlinux	REQUIRED
262243f6	__filemap_set_wb_err	vmlinux	kernel
e2e0c7c6	__flush_icache_range	vmlinux	kernel
5a095c99	__free_pages	vmlinux	REQUIRED
4c91ff01	__fscrypt_encrypt_symlink	vmlinux	kernel
6e60c3de	__fscrypt_inode_uses_inline_crypto	vmlinux	kernel
c1ae954c	__fscrypt_prepare_link	vmlinux	kernel
801342ce	__fscrypt_prepare_lookup	vmlinux	kernel
5362518c	__fscrypt_prepare_readdir	vmlinux	kernel
9d841ca6	__fscrypt_prepare_rename	vmlinux	kernel
80b32771	__fscrypt_prepare_setattr	vmlinux	kernel
f9033426	__generic_file_write_iter	vmlinux	kernel
f1220c5b	__genphy_config_aneg	vmlinux	kernel
6a5cb5ee	__get_free_pages	vmlinux	REQUIRED
c2a656d9	__get_task_comm	vmlinux	REQUIRED
87eb7b44	__get_vm_area_caller	vmlinux	kernel
4c9af7f2	__getblk_gfp	vmlinux	kernel
06c0aa14	__hci_cmd_sync	vmlinux	kernel
83964547	__hci_cmd_sync_ev	vmlinux	kernel
be362106	__hid_register_driver	vmlinux	kernel
62d87780	__hid_request	vmlinux	kernel
ed269ad2	__hrtimer_get_remaining	vmlinux	REQUIRED
b7ef2ce8	__hvc_resize	vmlinux	kernel
f389fe60	__hw_addr_init	vmlinux	kernel
865029ac	__hw_addr_sync	vmlinux	kernel
3e9110fa	__hw_addr_unsync	vmlinux	kernel
0c922cc7	__hwspin_lock_timeout	vmlinux	kernel
2aac8a01	__hwspin_unlock	vmlinux	kernel
53eea490	__i2c_smbus_xfer	vmlinux	kernel
74210c6f	__i2c_transfer	vmlinux	kernel
122a9634	__iio_device_register	vmlinux	kernel
1cd4b3ad	__inet6_lookup_established	vmlinux	kernel
c328de8f	__inet_lookup_established	vmlinux	kernel
f5a94b83	__init_rwsem	vmlinux	REQUIRED
608741b5	__init_swait_queue_head	vmlinux	REQUIRED
d9a5ea54	__init_waitqueue_head	vmlinux	REQUIRED
75834c90	__insert_inode_hash	vmlinux	kernel
3801776b	__ioread32_copy	vmlinux	REQUIRED
6b4b2933	__ioremap	vmlinux	REQUIRED
2dba276a	__iowrite32_copy	vmlinux	REQUIRED
0d542439	__ipv6_addr_type	vmlinux	REQUIRED
5db075d0	__irq_alloc_descs	vmlinux	kernel
0d9b5c1a	__irq_alloc_domain_generic_chips	vmlinux	kernel
73d2ee76	__irq_domain_add	vmlinux	REQUIRED
49a38900	__irq_set_handler	vmlinux	kernel
139f2189	__kfifo_alloc	vmlinux	REQUIRED
db760f52	__kfifo_free	vmlinux	REQUIRED
f23fcb99	__kfifo_in	vmlinux	REQUIRED
bd462b55	__kfifo_init	vmlinux	kernel
13d0adf7	__kfifo_out	vmlinux	REQUIRED
281823c5	__kfifo_out_peek	vmlinux	kernel
4578f528	__kfifo_to_user	vmlinux	kernel
22abc70f	__kfree_skb	vmlinux	kernel
eb233a45	__kmalloc	vmlinux	REQUIRED
4616a1da	__kthread_init_worker	vmlinux	REQUIRED
68f31cbd	__list_add_valid	vmlinux	REQUIRED
e1537255	__list_del_entry_valid	vmlinux	REQUIRED
3c3fce39	__local_bh_enable_ip	vmlinux	REQUIRED
e031c7f0	__lock_buffer	vmlinux	kernel
5eb52dac	__lock_page	vmlinux	REQUIRED
6980ea4b	__log_post_read_mmio	vmlinux	REQUIRED
cf1211a8	__log_read_mmio	vmlinux	REQUIRED
31dfd5cd	__log_write_mmio	vmlinux	REQUIRED
7849895c	__mark_inode_dirty	vmlinux	kernel
312104a9	__mdiobus_read	vmlinux	kernel
fdff74cc	__mdiobus_register	vmlinux	REQUIRED
6ddb4546	__mdiobus_write	vmlinux	kernel
8e8feb5f	__media_device_register	vmlinux	REQUIRED
c03d7dfd	__media_entity_setup_link	vmlinux	kernel
d64ed259	__memcat_p	vmlinux	REQUIRED
5d112304	__memcpy_fromio	vmlinux	REQUIRED
f77555cd	__memcpy_toio	vmlinux	REQUIRED
18b48e28	__memset_io	vmlinux	REQUIRED
4a164b4d	__mmc_claim_host	vmlinux	kernel
46aa6131	__mmc_send_status	vmlinux	kernel
2f76d662	__mmdrop	vmlinux	kernel
b4f24d4d	__mod_node_page_state	vmlinux	kernel
5104c6ef	__mod_zone_page_state	vmlinux	kernel
96c21ce0	__module_get	vmlinux	REQUIRED
7f02188f	__msecs_to_jiffies	vmlinux	REQUIRED
574add77	__mutex_init	vmlinux	REQUIRED
e2b85dd7	__napi_alloc_skb	vmlinux	kernel
56b7e3b1	__napi_schedule	vmlinux	REQUIRED
34f5d259	__napi_schedule_irqoff	vmlinux	kernel
df8c695a	__ndelay	vmlinux	kernel
78218cd9	__neigh_event_send	vmlinux	kernel
250f3ecf	__netdev_alloc_skb	vmlinux	REQUIRED
339d9ecc	__netif_napi_del	vmlinux	REQUIRED
376690a8	__netif_set_xps_queue	vmlinux	kernel
eebb47bf	__netlink_kernel_create	vmlinux	REQUIRED
46bc2066	__next_zones_zonelist	vmlinux	kernel
420964e3	__nla_parse	vmlinux	REQUIRED
431ec3a9	__nla_validate	vmlinux	REQUIRED
ce13b725	__nlmsg_put	vmlinux	REQUIRED
c60d0620	__num_online_cpus	vmlinux	REQUIRED
5a578e62	__of_reset_control_get	vmlinux	kernel
13b9896b	__page_file_index	vmlinux	kernel
39b41957	__page_file_mapping	vmlinux	kernel
3bf87961	__page_mapcount	vmlinux	kernel
00336a06	__page_pinner_migration_failed	vmlinux	REQUIRED
0e26e5ad	__pagevec_release	vmlinux	kernel
0339795e	__pci_register_driver	vmlinux	REQUIRED
280f9f14	__per_cpu_offset	vmlinux	REQUIRED
20cbb30a	__percpu_counter_init	vmlinux	kernel
53126ecc	__percpu_counter_sum	vmlinux	kernel
ec40655f	__percpu_down_read	vmlinux	kernel
21a1cfeb	__percpu_init_rwsem	vmlinux	kernel
e2d2c633	__phy_modify	vmlinux	kernel
2c04a37a	__platform_driver_probe	vmlinux	kernel
503a285e	__platform_driver_register	vmlinux	REQUIRED
f92ad4a6	__platform_register_drivers	vmlinux	kernel
a9941a8b	__pm_relax	vmlinux	REQUIRED
a7c8e259	__pm_runtime_disable	vmlinux	REQUIRED
871df5fa	__pm_runtime_idle	vmlinux	REQUIRED
8637ac5d	__pm_runtime_resume	vmlinux	REQUIRED
5ec1d781	__pm_runtime_set_status	vmlinux	REQUIRED
d8ed0ca2	__pm_runtime_suspend	vmlinux	REQUIRED
0ac3099d	__pm_runtime_use_autosuspend	vmlinux	REQUIRED
2a3901ee	__pm_stay_awake	vmlinux	REQUIRED
6128b5fc	__printk_ratelimit	vmlinux	kernel
074ea512	__pskb_copy_fclone	vmlinux	kernel
852c3cd1	__pskb_pull_tail	vmlinux	REQUIRED
092e9bac	__put_net	vmlinux	kernel
1022e36e	__put_page	vmlinux	REQUIRED
9a80f9a6	__put_task_struct	vmlinux	REQUIRED
551bd071	__rb_erase_color	vmlinux	kernel
120b336a	__rb_insert_augmented	vmlinux	kernel
8d522714	__rcu_read_lock	vmlinux	REQUIRED
2469810f	__rcu_read_unlock	vmlinux	REQUIRED
04482cdb	__refrigerator	vmlinux	REQUIRED
bb0a7735	__register_chrdev	vmlinux	REQUIRED
80e710a1	__register_rpmsg_driver	vmlinux	REQUIRED
50ab5bd6	__regmap_init	vmlinux	REQUIRED
4626114a	__regmap_init_mmio_clk	vmlinux	kernel
1848221d	__release_region	vmlinux	REQUIRED
8d68002b	__remove_inode_hash	vmlinux	kernel
a24f23d8	__request_module	vmlinux	REQUIRED
6d9ee2a0	__request_percpu_irq	vmlinux	kernel
0ca39ba0	__request_region	vmlinux	REQUIRED
bcc25d66	__reset_control_get	vmlinux	kernel
d0d156e9	__rht_bucket_nested	vmlinux	kernel
40bbb501	__rt_mutex_init	vmlinux	kernel
fd8cab20	__rtc_register_device	vmlinux	kernel
0d116ad0	__sbitmap_queue_get	vmlinux	kernel
00d55434	__scsi_add_device	vmlinux	kernel
43c24350	__scsi_execute	vmlinux	kernel
74c832ea	__scsi_iterate_devices	vmlinux	kernel
8c752fc2	__scsi_print_sense	vmlinux	REQUIRED
ff6c3d55	__sdhci_add_host	vmlinux	REQUIRED
32f96204	__sdhci_set_timeout	vmlinux	REQUIRED
a52dad32	__seq_open_private	vmlinux	kernel
63f3cf83	__serio_register_driver	vmlinux	kernel
195dc13f	__serio_register_port	vmlinux	kernel
3a13ccf5	__set_page_dirty_buffers	vmlinux	kernel
13363289	__set_page_dirty_nobuffers	vmlinux	kernel
cc445ceb	__sg_page_iter_dma_next	vmlinux	REQUIRED
7c9ca58f	__sg_page_iter_next	vmlinux	REQUIRED
ccd4c999	__sg_page_iter_start	vmlinux	REQUIRED
a4638b91	__skb_checksum_complete	vmlinux	kernel
42e61877	__skb_ext_put	vmlinux	kernel
677510ed	__skb_flow_dissect	vmlinux	kernel
c21ad650	__skb_get_hash	vmlinux	REQUIRED
74a47aef	__skb_gso_segment	vmlinux	REQUIRED
6ab4c8ac	__skb_pad	vmlinux	kernel
b1e88e54	__sock_create	vmlinux	kernel
5b3cd8fc	__spi_alloc_controller	vmlinux	REQUIRED
8957f882	__spi_register_driver	vmlinux	REQUIRED
f25c1d11	__splice_from_pipe	vmlinux	kernel
5d6222e3	__spmi_driver_register	vmlinux	kernel
2a216b85	__srcu_read_lock	vmlinux	REQUIRED
70272ece	__srcu_read_unlock	vmlinux	REQUIRED
98a9d10c	__stack_chk_fail	vmlinux	REQUIRED
8f678b07	__stack_chk_guard	vmlinux	REQUIRED
57674fd7	__sw_hweight16	vmlinux	kernel
74c134b9	__sw_hweight32	vmlinux	REQUIRED
9f46ced8	__sw_hweight64	vmlinux	REQUIRED
dc3fcbc9	__sw_hweight8	vmlinux	REQUIRED
6f12928f	__sync_dirty_buffer	vmlinux	kernel
169938c1	__sysfs_match_string	vmlinux	REQUIRED
38e2b43d	__task_pid_nr_ns	vmlinux	REQUIRED
9b80e304	__task_rq_lock	vmlinux	kernel
3e3bad0a	__tasklet_hi_schedule	vmlinux	REQUIRED
9d2ab8ac	__tasklet_schedule	vmlinux	REQUIRED
3b4ac25c	__test_set_page_writeback	vmlinux	kernel
a20d01ba	__trace_bprintk	vmlinux	REQUIRED
b1e25684	__trace_bputs	vmlinux	kernel
133969d7	__trace_printk	vmlinux	kernel
2d41e6f5	__trace_puts	vmlinux	kernel
ad40ce9c	__traceiter_android_rvh_account_irq	vmlinux	kernel
3e7816dd	__traceiter_android_rvh_after_dequeue_task	vmlinux	kernel
f3381861	__traceiter_android_rvh_after_enqueue_task	vmlinux	kernel
f57c4087	__traceiter_android_rvh_binder_transaction	vmlinux	kernel
4b4a53af	__traceiter_android_rvh_build_perf_domains	vmlinux	kernel
44f6f339	__traceiter_android_rvh_can_migrate_task	vmlinux	kernel
453305e0	__traceiter_android_rvh_cgroup_force_kthread_migration	vmlinux	kernel
a9e69b99	__traceiter_android_rvh_check_preempt_tick	vmlinux	kernel
c10e1cb9	__traceiter_android_rvh_check_preempt_wakeup	vmlinux	kernel
1c6027e9	__traceiter_android_rvh_cpu_cgroup_attach	vmlinux	kernel
85e7ee1b	__traceiter_android_rvh_cpu_cgroup_can_attach	vmlinux	kernel
fe05649a	__traceiter_android_rvh_cpu_cgroup_online	vmlinux	kernel
7f085466	__traceiter_android_rvh_cpu_overutilized	vmlinux	kernel
32884ab8	__traceiter_android_rvh_cpufreq_transition	vmlinux	kernel
ea35ae1f	__traceiter_android_rvh_cpuset_fork	vmlinux	kernel
01cb584b	__traceiter_android_rvh_dequeue_entity	vmlinux	kernel
8881d31b	__traceiter_android_rvh_dequeue_task	vmlinux	kernel
37a9a528	__traceiter_android_rvh_dequeue_task_fair	vmlinux	kernel
91f68209	__traceiter_android_rvh_die_kernel_fault	vmlinux	kernel
669812d6	__traceiter_android_rvh_do_mem_abort	vmlinux	kernel
0e0fb88e	__traceiter_android_rvh_do_sched_yield	vmlinux	kernel
47243dfd	__traceiter_android_rvh_do_sp_pc_abort	vmlinux	kernel
b0c4e55d	__traceiter_android_rvh_enqueue_entity	vmlinux	kernel
58dae35a	__traceiter_android_rvh_enqueue_task	vmlinux	kernel
43c0283e	__traceiter_android_rvh_enqueue_task_fair	vmlinux	kernel
96069d09	__traceiter_android_rvh_find_busiest_group	vmlinux	kernel
bf9f213e	__traceiter_android_rvh_find_busiest_queue	vmlinux	kernel
f429a0a9	__traceiter_android_rvh_find_energy_efficient_cpu	vmlinux	kernel
8eb575b3	__traceiter_android_rvh_find_lowest_rq	vmlinux	kernel
a44cff02	__traceiter_android_rvh_find_new_ilb	vmlinux	kernel
57d02684	__traceiter_android_rvh_finish_prio_fork	vmlinux	kernel
958b1c4a	__traceiter_android_rvh_flush_task	vmlinux	kernel
f102d826	__traceiter_android_rvh_force_compatible_post	vmlinux	kernel
a0f0a435	__traceiter_android_rvh_force_compatible_pre	vmlinux	kernel
25a6dad6	__traceiter_android_rvh_gic_v3_set_affinity	vmlinux	kernel
18bdcba6	__traceiter_android_rvh_iommu_setup_dma_ops	vmlinux	kernel
707d1f10	__traceiter_android_rvh_irqs_disable	vmlinux	kernel
7a345722	__traceiter_android_rvh_irqs_enable	vmlinux	kernel
9fd6e7b6	__traceiter_android_rvh_media_device_setup_link	vmlinux	kernel
3956afaa	__traceiter_android_rvh_migrate_queued_task	vmlinux	kernel
fcae8fc2	__traceiter_android_rvh_new_task_stats	vmlinux	kernel
966ffc84	__traceiter_android_rvh_pci_d3_sleep	vmlinux	kernel
9c4b8ada	__traceiter_android_rvh_pick_next_entity	vmlinux	kernel
0f9f0725	__traceiter_android_rvh_place_entity	vmlinux	kernel
fcfea98e	__traceiter_android_rvh_post_init_entity_util_avg	vmlinux	kernel
1585c762	__traceiter_android_rvh_preempt_disable	vmlinux	kernel
3235e37a	__traceiter_android_rvh_preempt_enable	vmlinux	kernel
3633d247	__traceiter_android_rvh_prepare_prio_fork	vmlinux	kernel
58959f85	__traceiter_android_rvh_replace_next_task_fair	vmlinux	kernel
41d4f1c5	__traceiter_android_rvh_report_bug	vmlinux	kernel
b534bb05	__traceiter_android_rvh_resume_cpus	vmlinux	kernel
8b3dee42	__traceiter_android_rvh_rtmutex_prepare_setprio	vmlinux	kernel
be6f3e3c	__traceiter_android_rvh_sched_balance_rt	vmlinux	kernel
c40c01e0	__traceiter_android_rvh_sched_cpu_dying	vmlinux	kernel
335e5307	__traceiter_android_rvh_sched_cpu_starting	vmlinux	kernel
d854f169	__traceiter_android_rvh_sched_exec	vmlinux	kernel
d782d4d9	__traceiter_android_rvh_sched_fork	vmlinux	kernel
006d7b4c	__traceiter_android_rvh_sched_fork_init	vmlinux	kernel
37a7beb5	__traceiter_android_rvh_sched_newidle_balance	vmlinux	kernel
871e1429	__traceiter_android_rvh_sched_nohz_balancer_kick	vmlinux	kernel
48cac8f4	__traceiter_android_rvh_sched_rebalance_domains	vmlinux	kernel
1f4ed839	__traceiter_android_rvh_sched_setaffinity	vmlinux	kernel
2dfa3759	__traceiter_android_rvh_schedule	vmlinux	kernel
2420f479	__traceiter_android_rvh_schedule_bug	vmlinux	kernel
8be8d1b9	__traceiter_android_rvh_select_fallback_rq	vmlinux	kernel
d5e63c41	__traceiter_android_rvh_select_task_rq_fair	vmlinux	kernel
08ae5df0	__traceiter_android_rvh_select_task_rq_rt	vmlinux	kernel
6260c8f6	__traceiter_android_rvh_set_balance_anon_file_reclaim	vmlinux	kernel
7190ad78	__traceiter_android_rvh_set_cpus_allowed_comm	vmlinux	kernel
91cdc04e	__traceiter_android_rvh_set_gfp_zone_flags	vmlinux	kernel
d7cb3a52	__traceiter_android_rvh_set_iowait	vmlinux	kernel
c2ef550d	__traceiter_android_rvh_set_readahead_gfp_mask	vmlinux	kernel
028f23c0	__traceiter_android_rvh_set_skip_swapcache_flags	vmlinux	kernel
9b9ba1f5	__traceiter_android_rvh_set_task_cpu	vmlinux	kernel
9846879c	__traceiter_android_rvh_set_user_nice	vmlinux	kernel
7f5f9ee2	__traceiter_android_rvh_setscheduler	vmlinux	kernel
92dadd45	__traceiter_android_rvh_show_max_freq	vmlinux	kernel
ed5a5fe0	__traceiter_android_rvh_tick_entry	vmlinux	kernel
3e25f11d	__traceiter_android_rvh_try_to_wake_up	vmlinux	kernel
42380ebc	__traceiter_android_rvh_try_to_wake_up_success	vmlinux	kernel
fbc05d93	__traceiter_android_rvh_ttwu_cond	vmlinux	kernel
760027e1	__traceiter_android_rvh_typec_tcpci_chk_contaminant	vmlinux	kernel
37614c90	__traceiter_android_rvh_typec_tcpci_get_vbus	vmlinux	kernel
d727fd8d	__traceiter_android_rvh_uclamp_eff_get	vmlinux	kernel
347db806	__traceiter_android_rvh_ufs_complete_init	vmlinux	kernel
ac38cf23	__traceiter_android_rvh_ufs_reprogram_all_keys	vmlinux	kernel
c7020ac9	__traceiter_android_rvh_update_cpu_capacity	vmlinux	kernel
5f74f0f1	__traceiter_android_rvh_update_cpus_allowed	vmlinux	kernel
4d914af6	__traceiter_android_rvh_update_misfit_status	vmlinux	kernel
9cafcf14	__traceiter_android_rvh_util_est_update	vmlinux	kernel
5ac226ce	__traceiter_android_rvh_v4l2subdev_set_fmt	vmlinux	kernel
cd8a2711	__traceiter_android_rvh_v4l2subdev_set_frame_interval	vmlinux	kernel
1a092cf8	__traceiter_android_rvh_v4l2subdev_set_selection	vmlinux	kernel
198d7179	__traceiter_android_rvh_wake_up_new_task	vmlinux	kernel
3ed42b1e	__traceiter_android_vh_account_swap_pages	vmlinux	kernel
5f7a1ebe	__traceiter_android_vh_account_task_time	vmlinux	kernel
1fd92753	__traceiter_android_vh_add_page_to_lrulist	vmlinux	kernel
b0d1574b	__traceiter_android_vh_aes_decrypt	vmlinux	kernel
6160ff0c	__traceiter_android_vh_aes_encrypt	vmlinux	kernel
dc004b58	__traceiter_android_vh_aes_expandkey	vmlinux	kernel
1c680107	__traceiter_android_vh_alloc_pages_slowpath_begin	vmlinux	kernel
a12bfe24	__traceiter_android_vh_alloc_pages_slowpath_end	vmlinux	kernel
e73dee80	__traceiter_android_vh_alloc_si	vmlinux	kernel
e0911c41	__traceiter_android_vh_alloc_swap_slot_cache	vmlinux	kernel
2c813b59	__traceiter_android_vh_allow_domain_state	vmlinux	kernel
16e632ce	__traceiter_android_vh_alter_futex_plist_add	vmlinux	kernel
87f8492d	__traceiter_android_vh_alter_mutex_list_add	vmlinux	kernel
2817e3af	__traceiter_android_vh_alter_rwsem_list_add	vmlinux	kernel
b98e0e01	__traceiter_android_vh_arch_set_freq_scale	vmlinux	kernel
b4774778	__traceiter_android_vh_binder_alloc_new_buf_locked	vmlinux	kernel
dd48448e	__traceiter_android_vh_binder_del_ref	vmlinux	kernel
1542af58	__traceiter_android_vh_binder_free_proc	vmlinux	kernel
5c2cc3f5	__traceiter_android_vh_binder_has_work_ilocked	vmlinux	kernel
0a013010	__traceiter_android_vh_binder_looper_state_registered	vmlinux	kernel
df8fddf2	__traceiter_android_vh_binder_new_ref	vmlinux	kernel
f04ea815	__traceiter_android_vh_binder_preset	vmlinux	kernel
7e53aa57	__traceiter_android_vh_binder_print_transaction_info	vmlinux	kernel
a3007995	__traceiter_android_vh_binder_priority_skip	vmlinux	kernel
ce2eb827	__traceiter_android_vh_binder_proc_transaction	vmlinux	kernel
94a23238	__traceiter_android_vh_binder_proc_transaction_end	vmlinux	kernel
6d5e4c7d	__traceiter_android_vh_binder_read_done	vmlinux	kernel
0ec641ea	__traceiter_android_vh_binder_reply	vmlinux	kernel
89fed35e	__traceiter_android_vh_binder_restore_priority	vmlinux	kernel
e1e7774b	__traceiter_android_vh_binder_set_priority	vmlinux	kernel
b66ecca0	__traceiter_android_vh_binder_thread_read	vmlinux	kernel
0b46e6d9	__traceiter_android_vh_binder_thread_release	vmlinux	kernel
1570346e	__traceiter_android_vh_binder_trans	vmlinux	kernel
aeac497b	__traceiter_android_vh_binder_transaction_init	vmlinux	kernel
1c902cd9	__traceiter_android_vh_binder_wait_for_work	vmlinux	kernel
418a26b2	__traceiter_android_vh_binder_wakeup_ilocked	vmlinux	kernel
9ed158df	__traceiter_android_vh_blk_alloc_rqs	vmlinux	kernel
644af33f	__traceiter_android_vh_blk_rq_ctx_init	vmlinux	kernel
f1522f52	__traceiter_android_vh_build_sched_domains	vmlinux	kernel
5ce3c902	__traceiter_android_vh_cgroup_attach	vmlinux	kernel
91f54b24	__traceiter_android_vh_cgroup_set_task	vmlinux	kernel
07b8a66b	__traceiter_android_vh_check_bpf_syscall	vmlinux	kernel
6264fdb2	__traceiter_android_vh_check_file_open	vmlinux	kernel
3ede6b04	__traceiter_android_vh_check_mmap_file	vmlinux	kernel
defaa9d5	__traceiter_android_vh_check_uninterruptible_tasks	vmlinux	kernel
886d1e23	__traceiter_android_vh_check_uninterruptible_tasks_dn	vmlinux	kernel
cbeb1478	__traceiter_android_vh_clear_mask_adjust	vmlinux	kernel
3409706a	__traceiter_android_vh_clear_reserved_fmt_fields	vmlinux	kernel
9f7a01cf	__traceiter_android_vh_cma_alloc_finish	vmlinux	kernel
44fcd06e	__traceiter_android_vh_cma_alloc_start	vmlinux	kernel
c098c853	__traceiter_android_vh_cma_drain_all_pages_bypass	vmlinux	kernel
9177823e	__traceiter_android_vh_commit_creds	vmlinux	kernel
23b6bee6	__traceiter_android_vh_count_pswpin	vmlinux	kernel
75ef15f9	__traceiter_android_vh_count_pswpout	vmlinux	kernel
102c287e	__traceiter_android_vh_count_swpout_vm_event	vmlinux	kernel
ed09b398	__traceiter_android_vh_cow_user_page	vmlinux	kernel
bdc34d2e	__traceiter_android_vh_cpu_idle_enter	vmlinux	kernel
d966796c	__traceiter_android_vh_cpu_idle_exit	vmlinux	kernel
a6d87b6a	__traceiter_android_vh_cpu_up	vmlinux	kernel
216ac65a	__traceiter_android_vh_cpufreq_acct_update_power	vmlinux	kernel
9be8a43e	__traceiter_android_vh_cpufreq_fast_switch	vmlinux	kernel
44c4b580	__traceiter_android_vh_cpufreq_resolve_freq	vmlinux	kernel
84b3623a	__traceiter_android_vh_cpufreq_target	vmlinux	kernel
6cbffc19	__traceiter_android_vh_cpuidle_psci_enter	vmlinux	kernel
9e5cd40b	__traceiter_android_vh_cpuidle_psci_exit	vmlinux	kernel
e35293fd	__traceiter_android_vh_del_page_from_lrulist	vmlinux	kernel
0dee6d8f	__traceiter_android_vh_do_futex	vmlinux	kernel
ef9d9d8d	__traceiter_android_vh_do_page_trylock	vmlinux	kernel
9d17560f	__traceiter_android_vh_do_send_sig_info	vmlinux	kernel
4be98d2b	__traceiter_android_vh_do_traversal_lruvec	vmlinux	kernel
7565179c	__traceiter_android_vh_do_wake_up_sync	vmlinux	kernel
e9b2635d	__traceiter_android_vh_drain_all_pages_bypass	vmlinux	kernel
3b4c4050	__traceiter_android_vh_drain_slots_cache_cpu	vmlinux	kernel
1a34d1a3	__traceiter_android_vh_dump_throttled_rt_tasks	vmlinux	kernel
d60a0819	__traceiter_android_vh_em_cpu_energy	vmlinux	kernel
c39a1e16	__traceiter_android_vh_enable_thermal_genl_check	vmlinux	kernel
1e8ed582	__traceiter_android_vh_ep_create_wakeup_source	vmlinux	kernel
697a6684	__traceiter_android_vh_exclude_reserved_zone	vmlinux	kernel
1002fcf3	__traceiter_android_vh_exit_creds	vmlinux	kernel
89978f8d	__traceiter_android_vh_exit_mm	vmlinux	kernel
f2c329c2	__traceiter_android_vh_filemap_fault_cache_page	vmlinux	kernel
4bfc2d63	__traceiter_android_vh_filemap_fault_get_page	vmlinux	kernel
8fbdd9c8	__traceiter_android_vh_fill_ext_fmtdesc	vmlinux	kernel
cf8573d8	__traceiter_android_vh_finish_update_load_avg_se	vmlinux	kernel
ca1155b7	__traceiter_android_vh_free_pages	vmlinux	kernel
b403f7cb	__traceiter_android_vh_free_swap_slot	vmlinux	kernel
04e6d4c7	__traceiter_android_vh_free_task	vmlinux	kernel
2337c613	__traceiter_android_vh_freq_qos_add_request	vmlinux	kernel
332e571d	__traceiter_android_vh_freq_qos_remove_request	vmlinux	kernel
e802443d	__traceiter_android_vh_freq_qos_update_request	vmlinux	kernel
e0dee6a6	__traceiter_android_vh_freq_table_limits	vmlinux	kernel
47509209	__traceiter_android_vh_ftrace_dump_buffer	vmlinux	kernel
8f89ea93	__traceiter_android_vh_ftrace_format_check	vmlinux	kernel
1f2a1cc1	__traceiter_android_vh_ftrace_oops_enter	vmlinux	kernel
351f4988	__traceiter_android_vh_ftrace_oops_exit	vmlinux	kernel
d210b7ec	__traceiter_android_vh_ftrace_size_check	vmlinux	kernel
60eb49e2	__traceiter_android_vh_futex_sleep_start	vmlinux	kernel
28d3c668	__traceiter_android_vh_futex_wait_end	vmlinux	kernel
5c2035d3	__traceiter_android_vh_futex_wait_start	vmlinux	kernel
a1f9d573	__traceiter_android_vh_futex_wake_this	vmlinux	kernel
82b46945	__traceiter_android_vh_futex_wake_traverse_plist	vmlinux	kernel
0ba80ee0	__traceiter_android_vh_futex_wake_up_q_finish	vmlinux	kernel
59ab5c34	__traceiter_android_vh_get_from_fragment_pool	vmlinux	kernel
997a037a	__traceiter_android_vh_get_swap_page	vmlinux	kernel
d99a1ac6	__traceiter_android_vh_gic_resume	vmlinux	kernel
fbb0ca4d	__traceiter_android_vh_gpio_block_read	vmlinux	kernel
2df34b95	__traceiter_android_vh_handle_failed_page_trylock	vmlinux	kernel
b6feefc7	__traceiter_android_vh_handle_pte_fault_end	vmlinux	kernel
500ba3a7	__traceiter_android_vh_inactive_is_low	vmlinux	kernel
e1272155	__traceiter_android_vh_include_reserved_zone	vmlinux	kernel
98d473fa	__traceiter_android_vh_init_swap_info_struct	vmlinux	kernel
fc2a81cc	__traceiter_android_vh_iommu_alloc_iova	vmlinux	kernel
0364f5d4	__traceiter_android_vh_iommu_free_iova	vmlinux	kernel
055a0de3	__traceiter_android_vh_iommu_iovad_alloc_iova	vmlinux	kernel
9bd5ae37	__traceiter_android_vh_iommu_iovad_free_iova	vmlinux	kernel
4272ebae	__traceiter_android_vh_iommu_setup_dma_ops	vmlinux	kernel
250fcbba	__traceiter_android_vh_ipi_stop	vmlinux	kernel
ed05983e	__traceiter_android_vh_ipv6_gen_linklocal_addr	vmlinux	kernel
6e9c369e	__traceiter_android_vh_is_fpsimd_save	vmlinux	kernel
67d76d04	__traceiter_android_vh_jiffies_update	vmlinux	kernel
d93a42f0	__traceiter_android_vh_kfree_skb	vmlinux	kernel
879b427f	__traceiter_android_vh_killed_process	vmlinux	kernel
07cb30b6	__traceiter_android_vh_kmalloc_slab	vmlinux	kernel
7e160169	__traceiter_android_vh_logbuf	vmlinux	kernel
3f999f8c	__traceiter_android_vh_logbuf_pr_cont	vmlinux	kernel
d3e2145e	__traceiter_android_vh_map_util_freq	vmlinux	kernel
d79c0547	__traceiter_android_vh_mark_page_accessed	vmlinux	kernel
e465b969	__traceiter_android_vh_media_device_setup_link	vmlinux	kernel
695869bc	__traceiter_android_vh_mem_cgroup_alloc	vmlinux	kernel
1640e740	__traceiter_android_vh_mem_cgroup_css_offline	vmlinux	kernel
6b422374	__traceiter_android_vh_mem_cgroup_css_online	vmlinux	kernel
73d2ab43	__traceiter_android_vh_mem_cgroup_free	vmlinux	kernel
3800bd9c	__traceiter_android_vh_mem_cgroup_id_remove	vmlinux	kernel
f564ff2b	__traceiter_android_vh_meminfo_proc_show	vmlinux	kernel
58cf1bde	__traceiter_android_vh_migrate_page_states	vmlinux	kernel
6d8c1557	__traceiter_android_vh_mm_dirty_limits	vmlinux	kernel
b88783b6	__traceiter_android_vh_mmap_region	vmlinux	kernel
11fa3fc3	__traceiter_android_vh_mmc_attach_sd	vmlinux	kernel
9a666675	__traceiter_android_vh_mmc_blk_mq_rw_recovery	vmlinux	kernel
ae47a396	__traceiter_android_vh_mmc_blk_reset	vmlinux	kernel
20027843	__traceiter_android_vh_mmc_gpio_cd_irqt	vmlinux	kernel
7f35aa75	__traceiter_android_vh_mutex_unlock_slowpath	vmlinux	kernel
436c4a85	__traceiter_android_vh_mutex_unlock_slowpath_end	vmlinux	kernel
d86d1cd6	__traceiter_android_vh_mutex_wait_finish	vmlinux	kernel
5eedd5ac	__traceiter_android_vh_mutex_wait_start	vmlinux	kernel
63d6e3b9	__traceiter_android_vh_of_i2c_get_board_info	vmlinux	kernel
9a373561	__traceiter_android_vh_override_creds	vmlinux	kernel
1bf70d78	__traceiter_android_vh_page_isolated_for_reclaim	vmlinux	kernel
00e8cedd	__traceiter_android_vh_page_referenced_check_bypass	vmlinux	kernel
76696fb4	__traceiter_android_vh_page_referenced_one_end	vmlinux	kernel
e4fd30cf	__traceiter_android_vh_page_should_be_protected	vmlinux	kernel
36877c4f	__traceiter_android_vh_page_trylock_clear	vmlinux	kernel
0eadfb49	__traceiter_android_vh_page_trylock_get_result	vmlinux	kernel
75a90eb7	__traceiter_android_vh_page_trylock_set	vmlinux	kernel
57236bba	__traceiter_android_vh_pagecache_get_page	vmlinux	kernel
1e223464	__traceiter_android_vh_pcplist_add_cma_pages_bypass	vmlinux	kernel
f9429c7b	__traceiter_android_vh_prepare_update_load_avg_se	vmlinux	kernel
5728d98f	__traceiter_android_vh_printk_hotplug	vmlinux	kernel
af2abc9b	__traceiter_android_vh_process_killed	vmlinux	kernel
009eb05f	__traceiter_android_vh_ptype_head	vmlinux	kernel
cf74421b	__traceiter_android_vh_record_mutex_lock_starttime	vmlinux	kernel
db4bf7bc	__traceiter_android_vh_record_percpu_rwsem_lock_starttime	vmlinux	kernel
992012b0	__traceiter_android_vh_record_rtmutex_lock_starttime	vmlinux	kernel
4fc06808	__traceiter_android_vh_record_rwsem_lock_starttime	vmlinux	kernel
cbd56ed4	__traceiter_android_vh_remove_vmalloc_stack	vmlinux	kernel
d5c61c41	__traceiter_android_vh_revert_creds	vmlinux	kernel
48f52d6c	__traceiter_android_vh_rmqueue	vmlinux	kernel
091abb8e	__traceiter_android_vh_rproc_recovery	vmlinux	kernel
b63695c9	__traceiter_android_vh_rproc_recovery_set	vmlinux	kernel
ce4ae038	__traceiter_android_vh_rwsem_init	vmlinux	kernel
6caae76b	__traceiter_android_vh_rwsem_mark_wake_readers	vmlinux	kernel
b5ba5e92	__traceiter_android_vh_rwsem_set_owner	vmlinux	kernel
cf580971	__traceiter_android_vh_rwsem_set_reader_owned	vmlinux	kernel
0071072d	__traceiter_android_vh_rwsem_up_read_end	vmlinux	kernel
83fc8e15	__traceiter_android_vh_rwsem_up_write_end	vmlinux	kernel
7a813da7	__traceiter_android_vh_rwsem_wake	vmlinux	kernel
bd987012	__traceiter_android_vh_rwsem_wake_finish	vmlinux	kernel
d61e47bf	__traceiter_android_vh_rwsem_write_finished	vmlinux	kernel
9bc3dfb7	__traceiter_android_vh_save_track_hash	vmlinux	kernel
df510618	__traceiter_android_vh_save_vmalloc_stack	vmlinux	kernel
b77c8f2d	__traceiter_android_vh_sched_pelt_multiplier	vmlinux	kernel
3a5239a6	__traceiter_android_vh_sched_setaffinity_early	vmlinux	kernel
18567cdf	__traceiter_android_vh_sched_stat_runtime_rt	vmlinux	kernel
8c91de8f	__traceiter_android_vh_scheduler_tick	vmlinux	kernel
a40e7e09	__traceiter_android_vh_scmi_timeout_sync	vmlinux	kernel
d12257ab	__traceiter_android_vh_sd_update_bus_speed_mode	vmlinux	kernel
26c919fe	__traceiter_android_vh_sdhci_get_cd	vmlinux	kernel
63355515	__traceiter_android_vh_selinux_avc_insert	vmlinux	kernel
a3d7823f	__traceiter_android_vh_selinux_avc_lookup	vmlinux	kernel
47b2c11c	__traceiter_android_vh_selinux_avc_node_delete	vmlinux	kernel
a4afe4d1	__traceiter_android_vh_selinux_avc_node_replace	vmlinux	kernel
0f16d692	__traceiter_android_vh_selinux_is_initialized	vmlinux	kernel
d6f7d324	__traceiter_android_vh_set_memory_nx	vmlinux	kernel
33f57131	__traceiter_android_vh_set_memory_ro	vmlinux	kernel
b64a947f	__traceiter_android_vh_set_memory_rw	vmlinux	kernel
25499d64	__traceiter_android_vh_set_memory_x	vmlinux	kernel
f891366f	__traceiter_android_vh_set_module_permit_after_init	vmlinux	kernel
bd212c8f	__traceiter_android_vh_set_module_permit_before_init	vmlinux	kernel
f6641170	__traceiter_android_vh_set_shmem_page_flag	vmlinux	kernel
b592ac11	__traceiter_android_vh_set_wake_flags	vmlinux	kernel
c34cea02	__traceiter_android_vh_setscheduler_uclamp	vmlinux	kernel
88fe3e25	__traceiter_android_vh_sha256	vmlinux	kernel
68acba8b	__traceiter_android_vh_show_mapcount_pages	vmlinux	kernel
c5681f17	__traceiter_android_vh_show_max_freq	vmlinux	kernel
1d424b7d	__traceiter_android_vh_show_mem	vmlinux	kernel
80932910	__traceiter_android_vh_show_resume_epoch_val	vmlinux	kernel
83200c43	__traceiter_android_vh_show_stack_hash	vmlinux	kernel
01c84167	__traceiter_android_vh_show_suspend_epoch_val	vmlinux	kernel
2907a08b	__traceiter_android_vh_shrink_node_memcgs	vmlinux	kernel
a0334e59	__traceiter_android_vh_shrink_slab_bypass	vmlinux	kernel
549c7529	__traceiter_android_vh_si_swapinfo	vmlinux	kernel
8c6a1bd0	__traceiter_android_vh_snapshot_refaults	vmlinux	kernel
b6ab1ad2	__traceiter_android_vh_snd_compr_use_pause_in_drain	vmlinux	kernel
469905b0	__traceiter_android_vh_snd_soc_card_get_comp_chain	vmlinux	kernel
4e022349	__traceiter_android_vh_sound_usb_support_cpu_suspend	vmlinux	kernel
2fc3faeb	__traceiter_android_vh_swap_slot_cache_active	vmlinux	kernel
552d1953	__traceiter_android_vh_swapin_add_anon_rmap	vmlinux	kernel
584627e2	__traceiter_android_vh_sync_txn_recvd	vmlinux	kernel
15e37672	__traceiter_android_vh_syscall_prctl_finished	vmlinux	kernel
8d0ef19f	__traceiter_android_vh_thermal_pm_notify_suspend	vmlinux	kernel
110d6b1e	__traceiter_android_vh_timer_calc_index	vmlinux	kernel
8c68d59c	__traceiter_android_vh_timerfd_create	vmlinux	kernel
2d6f2e0f	__traceiter_android_vh_try_to_unmap_one	vmlinux	kernel
c3c873e2	__traceiter_android_vh_tune_inactive_ratio	vmlinux	kernel
842cf72c	__traceiter_android_vh_tune_scan_type	vmlinux	kernel
d2ac8d57	__traceiter_android_vh_tune_swappiness	vmlinux	kernel
03707443	__traceiter_android_vh_typec_store_partner_src_caps	vmlinux	kernel
cd3fc09b	__traceiter_android_vh_typec_tcpci_override_toggling	vmlinux	kernel
bb8c6a3c	__traceiter_android_vh_typec_tcpm_adj_current_limit	vmlinux	kernel
a264e589	__traceiter_android_vh_typec_tcpm_get_timer	vmlinux	kernel
d8a5e0bf	__traceiter_android_vh_typec_tcpm_log	vmlinux	kernel
fea98e28	__traceiter_android_vh_ufs_check_int_errors	vmlinux	kernel
ce9715cc	__traceiter_android_vh_ufs_clock_scaling	vmlinux	kernel
0704d014	__traceiter_android_vh_ufs_compl_command	vmlinux	kernel
3ebec6eb	__traceiter_android_vh_ufs_fill_prdt	vmlinux	kernel
056b84cc	__traceiter_android_vh_ufs_prepare_command	vmlinux	kernel
e26f0aea	__traceiter_android_vh_ufs_send_command	vmlinux	kernel
6ad14fe0	__traceiter_android_vh_ufs_send_tm_command	vmlinux	kernel
fa724649	__traceiter_android_vh_ufs_send_uic_command	vmlinux	kernel
5afd339e	__traceiter_android_vh_ufs_update_sdev	vmlinux	kernel
68f34378	__traceiter_android_vh_ufs_update_sysfs	vmlinux	kernel
e37d6d40	__traceiter_android_vh_unuse_swap_page	vmlinux	kernel
afae7b4a	__traceiter_android_vh_update_page_mapcount	vmlinux	kernel
f9046f81	__traceiter_android_vh_update_topology_flags_workfn	vmlinux	kernel
c81c1592	__traceiter_android_vh_usb_dev_resume	vmlinux	kernel
8da0b48e	__traceiter_android_vh_usb_dev_suspend	vmlinux	kernel
966f8717	__traceiter_android_vh_v4l2subdev_set_fmt	vmlinux	kernel
56062d28	__traceiter_android_vh_v4l2subdev_set_frame_interval	vmlinux	kernel
841c50e9	__traceiter_android_vh_v4l2subdev_set_selection	vmlinux	kernel
c398818c	__traceiter_android_vh_waiting_for_page_migration	vmlinux	kernel
692569ee	__traceiter_binder_transaction_received	vmlinux	kernel
f3283a8b	__traceiter_block_bio_complete	vmlinux	kernel
89358ed9	__traceiter_block_bio_queue	vmlinux	kernel
92cf3b3b	__traceiter_block_bio_remap	vmlinux	kernel
5bb9a19d	__traceiter_block_getrq	vmlinux	kernel
b2f157d1	__traceiter_block_rq_complete	vmlinux	kernel
cfab1a0e	__traceiter_block_rq_insert	vmlinux	kernel
310f3f2e	__traceiter_block_rq_issue	vmlinux	kernel
331c2b62	__traceiter_block_rq_merge	vmlinux	kernel
8847c9ff	__traceiter_block_rq_requeue	vmlinux	kernel
c39270fa	__traceiter_block_split	vmlinux	kernel
a45eb358	__traceiter_clock_set_rate	vmlinux	kernel
ead3e41b	__traceiter_cpu_frequency	vmlinux	kernel
e0de99b1	__traceiter_cpu_frequency_limits	vmlinux	kernel
53d7c01e	__traceiter_cpu_idle	vmlinux	kernel
eb5870ff	__traceiter_device_pm_callback_end	vmlinux	kernel
eba618da	__traceiter_device_pm_callback_start	vmlinux	kernel
059e1482	__traceiter_dma_fence_emit	vmlinux	kernel
c851e613	__traceiter_dwc3_complete_trb	vmlinux	kernel
6b8ed47e	__traceiter_dwc3_ctrl_req	vmlinux	kernel
3809bc54	__traceiter_dwc3_ep_queue	vmlinux	kernel
f0e91428	__traceiter_dwc3_event	vmlinux	kernel
26871a2b	__traceiter_dwc3_readl	vmlinux	REQUIRED
cff87172	__traceiter_dwc3_writel	vmlinux	kernel
448af6f4	__traceiter_gpu_mem_total	vmlinux	REQUIRED
1fbe9aad	__traceiter_hrtimer_expire_entry	vmlinux	kernel
444a8c3c	__traceiter_hrtimer_expire_exit	vmlinux	kernel
03411569	__traceiter_ipi_entry	vmlinux	kernel
bb7a853b	__traceiter_ipi_exit	vmlinux	kernel
b82d26c2	__traceiter_ipi_raise	vmlinux	kernel
39d41d8f	__traceiter_irq_handler_entry	vmlinux	kernel
db7a8058	__traceiter_irq_handler_exit	vmlinux	kernel
4b7dfb99	__traceiter_kfree_skb	vmlinux	kernel
71c059d8	__traceiter_map	vmlinux	kernel
803bf202	__traceiter_mm_vmscan_direct_reclaim_begin	vmlinux	kernel
f2520b8a	__traceiter_mm_vmscan_direct_reclaim_end	vmlinux	kernel
c83a44f4	__traceiter_pelt_cfs_tp	vmlinux	kernel
762ec4c8	__traceiter_pelt_dl_tp	vmlinux	kernel
5d7a9f3f	__traceiter_pelt_irq_tp	vmlinux	kernel
a5f62501	__traceiter_pelt_rt_tp	vmlinux	kernel
2c068525	__traceiter_pelt_se_tp	vmlinux	kernel
c7257c10	__traceiter_rwmmio_post_read	vmlinux	kernel
42dea6f7	__traceiter_rwmmio_read	vmlinux	kernel
729023fd	__traceiter_rwmmio_write	vmlinux	kernel
99a3a238	__traceiter_sched_cpu_capacity_tp	vmlinux	kernel
2f8c3cab	__traceiter_sched_overutilized_tp	vmlinux	kernel
c2cd96a8	__traceiter_sched_stat_blocked	vmlinux	kernel
6461e7d1	__traceiter_sched_stat_iowait	vmlinux	kernel
d68bd7f0	__traceiter_sched_stat_runtime	vmlinux	kernel
ff54028f	__traceiter_sched_stat_sleep	vmlinux	kernel
c79e7a63	__traceiter_sched_stat_wait	vmlinux	kernel
a6611adb	__traceiter_sched_switch	vmlinux	kernel
0d7c2d8e	__traceiter_sched_update_nr_running_tp	vmlinux	kernel
78c05973	__traceiter_sched_util_est_cfs_tp	vmlinux	kernel
d1253e5b	__traceiter_sched_util_est_se_tp	vmlinux	kernel
19560a8b	__traceiter_sched_waking	vmlinux	kernel
05883efb	__traceiter_suspend_resume	vmlinux	kernel
48c55435	__traceiter_task_newtask	vmlinux	kernel
985e9799	__traceiter_task_rename	vmlinux	kernel
d3ec851c	__traceiter_unmap	vmlinux	kernel
7b576f56	__traceiter_usb_gadget_connect	vmlinux	kernel
a39d4339	__traceiter_usb_gadget_disconnect	vmlinux	kernel
fd7ca165	__traceiter_workqueue_execute_end	vmlinux	kernel
6b629b42	__traceiter_workqueue_execute_start	vmlinux	kernel
7b161b9d	__traceiter_xdp_exception	vmlinux	kernel
44185be7	__traceiter_xhci_urb_giveback	vmlinux	kernel
f0f46523	__tracepoint_android_rvh_account_irq	vmlinux	kernel
9ad4f5ba	__tracepoint_android_rvh_after_dequeue_task	vmlinux	kernel
36d08831	__tracepoint_android_rvh_after_enqueue_task	vmlinux	kernel
3eeb0795	__tracepoint_android_rvh_arm64_serror_panic	vmlinux	kernel
11c4733a	__tracepoint_android_rvh_bad_mode	vmlinux	kernel
4f8ddeb5	__tracepoint_android_rvh_binder_transaction	vmlinux	kernel
7ff307b5	__tracepoint_android_rvh_build_perf_domains	vmlinux	kernel
89ef9455	__tracepoint_android_rvh_can_migrate_task	vmlinux	kernel
0c180285	__tracepoint_android_rvh_cgroup_force_kthread_migration	vmlinux	kernel
d8871c3f	__tracepoint_android_rvh_check_preempt_tick	vmlinux	kernel
7e34ad6c	__tracepoint_android_rvh_check_preempt_wakeup	vmlinux	kernel
e5107ad0	__tracepoint_android_rvh_cpu_cgroup_attach	vmlinux	kernel
85cf6bd2	__tracepoint_android_rvh_cpu_cgroup_can_attach	vmlinux	kernel
3f3039c2	__tracepoint_android_rvh_cpu_cgroup_online	vmlinux	kernel
29b33046	__tracepoint_android_rvh_cpu_overutilized	vmlinux	kernel
da623954	__tracepoint_android_rvh_cpufreq_transition	vmlinux	kernel
a0966112	__tracepoint_android_rvh_cpuset_fork	vmlinux	kernel
5f0191c3	__tracepoint_android_rvh_dequeue_entity	vmlinux	kernel
f992211e	__tracepoint_android_rvh_dequeue_task	vmlinux	kernel
34684643	__tracepoint_android_rvh_dequeue_task_fair	vmlinux	kernel
82ae67dd	__tracepoint_android_rvh_dequeue_task_idle	vmlinux	kernel
33c9af1e	__tracepoint_android_rvh_die_kernel_fault	vmlinux	kernel
adec6b55	__tracepoint_android_rvh_do_mem_abort	vmlinux	kernel
6c5c2192	__tracepoint_android_rvh_do_ptrauth_fault	vmlinux	kernel
e4ee9cad	__tracepoint_android_rvh_do_sched_yield	vmlinux	kernel
23501356	__tracepoint_android_rvh_do_sea	vmlinux	kernel
1ed564a9	__tracepoint_android_rvh_do_sp_pc_abort	vmlinux	kernel
048a1e8c	__tracepoint_android_rvh_do_undefinstr	vmlinux	kernel
a9c271c6	__tracepoint_android_rvh_enqueue_entity	vmlinux	kernel
55965c95	__tracepoint_android_rvh_enqueue_task	vmlinux	kernel
6eb0e4b8	__tracepoint_android_rvh_enqueue_task_fair	vmlinux	kernel
49269776	__tracepoint_android_rvh_find_busiest_group	vmlinux	kernel
7681ac90	__tracepoint_android_rvh_find_busiest_queue	vmlinux	kernel
c762e5b3	__tracepoint_android_rvh_find_energy_efficient_cpu	vmlinux	kernel
d1276946	__tracepoint_android_rvh_find_lowest_rq	vmlinux	kernel
ad8a8a9b	__tracepoint_android_rvh_find_new_ilb	vmlinux	kernel
33e0a813	__tracepoint_android_rvh_finish_prio_fork	vmlinux	kernel
97640e4f	__tracepoint_android_rvh_flush_task	vmlinux	kernel
c39802e7	__tracepoint_android_rvh_force_compatible_post	vmlinux	kernel
ff8626e2	__tracepoint_android_rvh_force_compatible_pre	vmlinux	kernel
6ffd12d7	__tracepoint_android_rvh_gic_v3_set_affinity	vmlinux	kernel
2461d175	__tracepoint_android_rvh_iommu_setup_dma_ops	vmlinux	kernel
44ac9f4b	__tracepoint_android_rvh_irqs_disable	vmlinux	kernel
c9d53b36	__tracepoint_android_rvh_irqs_enable	vmlinux	kernel
60b6e13d	__tracepoint_android_rvh_media_device_setup_link	vmlinux	kernel
0c5d1185	__tracepoint_android_rvh_migrate_queued_task	vmlinux	kernel
798d7748	__tracepoint_android_rvh_new_task_stats	vmlinux	kernel
c4c04111	__tracepoint_android_rvh_pci_d3_sleep	vmlinux	kernel
99d20b2c	__tracepoint_android_rvh_pick_next_entity	vmlinux	kernel
8b5c0688	__tracepoint_android_rvh_place_entity	vmlinux	kernel
a967c441	__tracepoint_android_rvh_post_init_entity_util_avg	vmlinux	kernel
b4ec0da4	__tracepoint_android_rvh_preempt_disable	vmlinux	kernel
86d490a6	__tracepoint_android_rvh_preempt_enable	vmlinux	kernel
add0283e	__tracepoint_android_rvh_prepare_prio_fork	vmlinux	kernel
aa020dd1	__tracepoint_android_rvh_refrigerator	vmlinux	kernel
a95004c7	__tracepoint_android_rvh_replace_next_task_fair	vmlinux	kernel
b68447d7	__tracepoint_android_rvh_report_bug	vmlinux	kernel
c30c6b6f	__tracepoint_android_rvh_resume_cpus	vmlinux	kernel
7740c625	__tracepoint_android_rvh_rtmutex_prepare_setprio	vmlinux	kernel
b60d730e	__tracepoint_android_rvh_sched_balance_rt	vmlinux	kernel
14e26599	__tracepoint_android_rvh_sched_cpu_dying	vmlinux	kernel
dd953146	__tracepoint_android_rvh_sched_cpu_starting	vmlinux	kernel
39d63958	__tracepoint_android_rvh_sched_exec	vmlinux	kernel
62081353	__tracepoint_android_rvh_sched_fork	vmlinux	kernel
2071a467	__tracepoint_android_rvh_sched_fork_init	vmlinux	kernel
badefe48	__tracepoint_android_rvh_sched_newidle_balance	vmlinux	kernel
52e58c76	__tracepoint_android_rvh_sched_nohz_balancer_kick	vmlinux	kernel
1149ef27	__tracepoint_android_rvh_sched_rebalance_domains	vmlinux	kernel
9b40afe0	__tracepoint_android_rvh_sched_setaffinity	vmlinux	kernel
b6bce8f8	__tracepoint_android_rvh_schedule	vmlinux	kernel
0650a8c4	__tracepoint_android_rvh_schedule_bug	vmlinux	kernel
65c25846	__tracepoint_android_rvh_select_fallback_rq	vmlinux	kernel
4bfae7d4	__tracepoint_android_rvh_select_task_rq_fair	vmlinux	kernel
a1f10509	__tracepoint_android_rvh_select_task_rq_rt	vmlinux	kernel
996cfb08	__tracepoint_android_rvh_set_balance_anon_file_reclaim	vmlinux	kernel
b2badd4a	__tracepoint_android_rvh_set_cpus_allowed_comm	vmlinux	kernel
e14bb8a9	__tracepoint_android_rvh_set_gfp_zone_flags	vmlinux	kernel
343470a7	__tracepoint_android_rvh_set_iowait	vmlinux	kernel
f407ff54	__tracepoint_android_rvh_set_readahead_gfp_mask	vmlinux	kernel
bd034bf5	__tracepoint_android_rvh_set_skip_swapcache_flags	vmlinux	kernel
0b7e6c73	__tracepoint_android_rvh_set_task_cpu	vmlinux	kernel
4529c9f1	__tracepoint_android_rvh_set_user_nice	vmlinux	kernel
fa177030	__tracepoint_android_rvh_setscheduler	vmlinux	kernel
c2dce519	__tracepoint_android_rvh_show_max_freq	vmlinux	kernel
ce1f6ff4	__tracepoint_android_rvh_tcp_recvmsg	vmlinux	kernel
c3a3d7b5	__tracepoint_android_rvh_tcp_recvmsg_stat	vmlinux	kernel
18bbcfb5	__tracepoint_android_rvh_tcp_sendmsg_locked	vmlinux	kernel
0bd72419	__tracepoint_android_rvh_tick_entry	vmlinux	kernel
82233cc0	__tracepoint_android_rvh_try_to_wake_up	vmlinux	kernel
bc0d0d45	__tracepoint_android_rvh_try_to_wake_up_success	vmlinux	kernel
b96cdd49	__tracepoint_android_rvh_ttwu_cond	vmlinux	kernel
4b7c8cf3	__tracepoint_android_rvh_typec_tcpci_chk_contaminant	vmlinux	kernel
853bba97	__tracepoint_android_rvh_typec_tcpci_get_vbus	vmlinux	kernel
76a8e7d1	__tracepoint_android_rvh_uclamp_eff_get	vmlinux	kernel
7c813618	__tracepoint_android_rvh_udp_recvmsg	vmlinux	kernel
1695e1ba	__tracepoint_android_rvh_udp_sendmsg	vmlinux	kernel
149dd525	__tracepoint_android_rvh_ufs_complete_init	vmlinux	kernel
a8c77d76	__tracepoint_android_rvh_ufs_reprogram_all_keys	vmlinux	kernel
ef03083e	__tracepoint_android_rvh_update_cpu_capacity	vmlinux	kernel
f9395534	__tracepoint_android_rvh_update_cpus_allowed	vmlinux	kernel
fbbc1cd6	__tracepoint_android_rvh_update_misfit_status	vmlinux	kernel
b2c941f9	__tracepoint_android_rvh_util_est_update	vmlinux	kernel
1e7c12d7	__tracepoint_android_rvh_v4l2subdev_set_fmt	vmlinux	kernel
4c8ac417	__tracepoint_android_rvh_v4l2subdev_set_frame_interval	vmlinux	kernel
173d29f2	__tracepoint_android_rvh_v4l2subdev_set_selection	vmlinux	kernel
6b60d8f1	__tracepoint_android_rvh_wake_up_new_task	vmlinux	kernel
628a58c5	__tracepoint_android_vh_account_swap_pages	vmlinux	kernel
f1afbf0d	__tracepoint_android_vh_account_task_time	vmlinux	kernel
b9d54bc5	__tracepoint_android_vh_add_page_to_lrulist	vmlinux	kernel
de5b1cc7	__tracepoint_android_vh_aes_decrypt	vmlinux	kernel
10f648a3	__tracepoint_android_vh_aes_encrypt	vmlinux	kernel
f7274615	__tracepoint_android_vh_aes_expandkey	vmlinux	kernel
93472c6d	__tracepoint_android_vh_alloc_pages_slowpath_begin	vmlinux	kernel
073fe64c	__tracepoint_android_vh_alloc_pages_slowpath_end	vmlinux	kernel
df0537b4	__tracepoint_android_vh_alloc_si	vmlinux	kernel
e259ad7e	__tracepoint_android_vh_alloc_swap_slot_cache	vmlinux	kernel
625c9d86	__tracepoint_android_vh_allow_domain_state	vmlinux	REQUIRED
ed380509	__tracepoint_android_vh_alter_futex_plist_add	vmlinux	kernel
5c3865a4	__tracepoint_android_vh_alter_mutex_list_add	vmlinux	kernel
0f6e930a	__tracepoint_android_vh_alter_rwsem_list_add	vmlinux	kernel
31d4f5d9	__tracepoint_android_vh_arch_set_freq_scale	vmlinux	kernel
fc0fb264	__tracepoint_android_vh_binder_alloc_new_buf_locked	vmlinux	REQUIRED
eff065ad	__tracepoint_android_vh_binder_del_ref	vmlinux	kernel
7a91a84d	__tracepoint_android_vh_binder_free_proc	vmlinux	kernel
a786703a	__tracepoint_android_vh_binder_has_work_ilocked	vmlinux	kernel
b91d4f25	__tracepoint_android_vh_binder_looper_state_registered	vmlinux	kernel
17218b3d	__tracepoint_android_vh_binder_new_ref	vmlinux	kernel
95a67d0c	__tracepoint_android_vh_binder_preset	vmlinux	REQUIRED
51269d02	__tracepoint_android_vh_binder_print_transaction_info	vmlinux	REQUIRED
f5d465e5	__tracepoint_android_vh_binder_priority_skip	vmlinux	REQUIRED
d7dc38a8	__tracepoint_android_vh_binder_proc_transaction	vmlinux	kernel
b9158fd4	__tracepoint_android_vh_binder_proc_transaction_end	vmlinux	kernel
dec3d098	__tracepoint_android_vh_binder_read_done	vmlinux	kernel
73999f07	__tracepoint_android_vh_binder_reply	vmlinux	REQUIRED
7550cf49	__tracepoint_android_vh_binder_restore_priority	vmlinux	kernel
f09743cd	__tracepoint_android_vh_binder_set_priority	vmlinux	REQUIRED
fb538d48	__tracepoint_android_vh_binder_thread_read	vmlinux	kernel
2a828fcc	__tracepoint_android_vh_binder_thread_release	vmlinux	kernel
66ce3b96	__tracepoint_android_vh_binder_trans	vmlinux	REQUIRED
965f5d7d	__tracepoint_android_vh_binder_transaction_init	vmlinux	REQUIRED
9168ce14	__tracepoint_android_vh_binder_wait_for_work	vmlinux	REQUIRED
45c1c15b	__tracepoint_android_vh_binder_wakeup_ilocked	vmlinux	kernel
23957f60	__tracepoint_android_vh_blk_alloc_rqs	vmlinux	kernel
a5491a33	__tracepoint_android_vh_blk_rq_ctx_init	vmlinux	kernel
e9491ecd	__tracepoint_android_vh_build_sched_domains	vmlinux	kernel
83be6a33	__tracepoint_android_vh_cgroup_attach	vmlinux	kernel
68d747fd	__tracepoint_android_vh_cgroup_set_task	vmlinux	kernel
54e1dee3	__tracepoint_android_vh_check_bpf_syscall	vmlinux	kernel
bc70be66	__tracepoint_android_vh_check_file_open	vmlinux	kernel
7bbb2a05	__tracepoint_android_vh_check_mmap_file	vmlinux	kernel
63a6e496	__tracepoint_android_vh_check_uninterruptible_tasks	vmlinux	REQUIRED
bfea98d1	__tracepoint_android_vh_check_uninterruptible_tasks_dn	vmlinux	REQUIRED
4b0c9da7	__tracepoint_android_vh_clear_mask_adjust	vmlinux	kernel
43071b0c	__tracepoint_android_vh_clear_reserved_fmt_fields	vmlinux	kernel
13105ce6	__tracepoint_android_vh_cma_alloc_finish	vmlinux	kernel
c79303a7	__tracepoint_android_vh_cma_alloc_start	vmlinux	kernel
aa06d74e	__tracepoint_android_vh_cma_drain_all_pages_bypass	vmlinux	kernel
8defd009	__tracepoint_android_vh_commit_creds	vmlinux	kernel
e9ce09de	__tracepoint_android_vh_count_pswpin	vmlinux	kernel
63217582	__tracepoint_android_vh_count_pswpout	vmlinux	kernel
9200b1e7	__tracepoint_android_vh_count_swpout_vm_event	vmlinux	kernel
388ef5d5	__tracepoint_android_vh_cow_user_page	vmlinux	kernel
efbedb90	__tracepoint_android_vh_cpu_idle_enter	vmlinux	REQUIRED
d391e1ed	__tracepoint_android_vh_cpu_idle_exit	vmlinux	REQUIRED
8bc81124	__tracepoint_android_vh_cpu_up	vmlinux	kernel
b3452bb7	__tracepoint_android_vh_cpufreq_acct_update_power	vmlinux	kernel
a5266beb	__tracepoint_android_vh_cpufreq_fast_switch	vmlinux	kernel
5224cf88	__tracepoint_android_vh_cpufreq_resolve_freq	vmlinux	kernel
aa641f23	__tracepoint_android_vh_cpufreq_target	vmlinux	kernel
137e6ebe	__tracepoint_android_vh_cpuidle_psci_enter	vmlinux	REQUIRED
aaacb3b6	__tracepoint_android_vh_cpuidle_psci_exit	vmlinux	REQUIRED
d32d8431	__tracepoint_android_vh_del_page_from_lrulist	vmlinux	kernel
0e8d666d	__tracepoint_android_vh_disable_thermal_cooling_stats	vmlinux	kernel
76782dd0	__tracepoint_android_vh_do_futex	vmlinux	kernel
8ed4864a	__tracepoint_android_vh_do_page_trylock	vmlinux	kernel
6db82691	__tracepoint_android_vh_do_send_sig_info	vmlinux	REQUIRED
ae7a20c3	__tracepoint_android_vh_do_traversal_lruvec	vmlinux	kernel
24bef402	__tracepoint_android_vh_do_wake_up_sync	vmlinux	kernel
1a27f97f	__tracepoint_android_vh_drain_all_pages_bypass	vmlinux	kernel
5b182deb	__tracepoint_android_vh_drain_slots_cache_cpu	vmlinux	kernel
d29bebac	__tracepoint_android_vh_dump_throttled_rt_tasks	vmlinux	kernel
14fff0cf	__tracepoint_android_vh_dup_task_struct	vmlinux	kernel
7ce74918	__tracepoint_android_vh_em_cpu_energy	vmlinux	kernel
901a2c7c	__tracepoint_android_vh_enable_thermal_genl_check	vmlinux	kernel
fdd7bb80	__tracepoint_android_vh_ep_create_wakeup_source	vmlinux	kernel
8750976e	__tracepoint_android_vh_exclude_reserved_zone	vmlinux	kernel
af358872	__tracepoint_android_vh_exit_creds	vmlinux	kernel
7cc736a1	__tracepoint_android_vh_exit_mm	vmlinux	kernel
fcc31765	__tracepoint_android_vh_filemap_fault_cache_page	vmlinux	kernel
df494880	__tracepoint_android_vh_filemap_fault_get_page	vmlinux	kernel
b53bb92b	__tracepoint_android_vh_fill_ext_fmtdesc	vmlinux	kernel
a9691213	__tracepoint_android_vh_finish_update_load_avg_se	vmlinux	kernel
7e1983c0	__tracepoint_android_vh_free_pages	vmlinux	kernel
1238733c	__tracepoint_android_vh_free_swap_slot	vmlinux	kernel
25db8da7	__tracepoint_android_vh_free_task	vmlinux	kernel
20f6db7a	__tracepoint_android_vh_freq_qos_add_request	vmlinux	REQUIRED
c15e1ec8	__tracepoint_android_vh_freq_qos_remove_request	vmlinux	REQUIRED
8e8623e4	__tracepoint_android_vh_freq_qos_update_request	vmlinux	REQUIRED
2eef122d	__tracepoint_android_vh_freq_table_limits	vmlinux	kernel
86ca15d4	__tracepoint_android_vh_ftrace_dump_buffer	vmlinux	kernel
d707ac7b	__tracepoint_android_vh_ftrace_format_check	vmlinux	kernel
a485475e	__tracepoint_android_vh_ftrace_oops_enter	vmlinux	kernel
ecd968c8	__tracepoint_android_vh_ftrace_oops_exit	vmlinux	kernel
0cbc20ca	__tracepoint_android_vh_ftrace_size_check	vmlinux	kernel
c26ab705	__tracepoint_android_vh_futex_sleep_start	vmlinux	kernel
49b606a8	__tracepoint_android_vh_futex_wait_end	vmlinux	kernel
196030ee	__tracepoint_android_vh_futex_wait_start	vmlinux	kernel
5301beb4	__tracepoint_android_vh_futex_wake_this	vmlinux	kernel
aadca4aa	__tracepoint_android_vh_futex_wake_traverse_plist	vmlinux	kernel
5bf93e96	__tracepoint_android_vh_futex_wake_up_q_finish	vmlinux	kernel
801cc5b5	__tracepoint_android_vh_get_from_fragment_pool	vmlinux	kernel
2fc4f080	__tracepoint_android_vh_get_swap_page	vmlinux	kernel
080464cd	__tracepoint_android_vh_gic_resume	vmlinux	REQUIRED
4842b6e5	__tracepoint_android_vh_gpio_block_read	vmlinux	kernel
b00c9ae1	__tracepoint_android_vh_handle_failed_page_trylock	vmlinux	kernel
90619144	__tracepoint_android_vh_handle_pte_fault_end	vmlinux	kernel
1907b86d	__tracepoint_android_vh_handle_tlb_conf	vmlinux	kernel
9da95945	__tracepoint_android_vh_inactive_is_low	vmlinux	kernel
df6b3544	__tracepoint_android_vh_include_reserved_zone	vmlinux	kernel
1264c599	__tracepoint_android_vh_init_swap_info_struct	vmlinux	kernel
0456fc48	__tracepoint_android_vh_iommu_alloc_iova	vmlinux	kernel
d04c533c	__tracepoint_android_vh_iommu_free_iova	vmlinux	kernel
7907ef49	__tracepoint_android_vh_iommu_iovad_alloc_iova	vmlinux	kernel
86c1e3b3	__tracepoint_android_vh_iommu_iovad_free_iova	vmlinux	kernel
95f68a6b	__tracepoint_android_vh_iommu_setup_dma_ops	vmlinux	kernel
8064d573	__tracepoint_android_vh_ipi_stop	vmlinux	kernel
cd130856	__tracepoint_android_vh_ipv6_gen_linklocal_addr	vmlinux	kernel
61bb9d22	__tracepoint_android_vh_irqtime_account_process_tick	vmlinux	kernel
961b247c	__tracepoint_android_vh_is_fpsimd_save	vmlinux	kernel
5415675e	__tracepoint_android_vh_jiffies_update	vmlinux	REQUIRED
7d60c113	__tracepoint_android_vh_kfree_skb	vmlinux	kernel
8f7fac90	__tracepoint_android_vh_killed_process	vmlinux	kernel
bc488301	__tracepoint_android_vh_kmalloc_slab	vmlinux	kernel
8bf980ca	__tracepoint_android_vh_logbuf	vmlinux	REQUIRED
783fd15a	__tracepoint_android_vh_logbuf_pr_cont	vmlinux	REQUIRED
f9624317	__tracepoint_android_vh_map_util_freq	vmlinux	REQUIRED
2e42e519	__tracepoint_android_vh_mark_page_accessed	vmlinux	kernel
32ff9f07	__tracepoint_android_vh_media_device_setup_link	vmlinux	kernel
1c6e6533	__tracepoint_android_vh_mem_cgroup_alloc	vmlinux	kernel
50028012	__tracepoint_android_vh_mem_cgroup_css_offline	vmlinux	kernel
79ab4ed9	__tracepoint_android_vh_mem_cgroup_css_online	vmlinux	kernel
15631ec4	__tracepoint_android_vh_mem_cgroup_free	vmlinux	kernel
a11ae3fa	__tracepoint_android_vh_mem_cgroup_id_remove	vmlinux	kernel
b3a8654d	__tracepoint_android_vh_meminfo_proc_show	vmlinux	kernel
1e1dc335	__tracepoint_android_vh_migrate_page_states	vmlinux	kernel
7cef3a09	__tracepoint_android_vh_mm_dirty_limits	vmlinux	kernel
ec48f329	__tracepoint_android_vh_mmap_region	vmlinux	kernel
01bc96ca	__tracepoint_android_vh_mmc_attach_sd	vmlinux	kernel
f721b2a7	__tracepoint_android_vh_mmc_blk_mq_rw_recovery	vmlinux	kernel
28c3f8b2	__tracepoint_android_vh_mmc_blk_reset	vmlinux	kernel
ad02c3d3	__tracepoint_android_vh_mmc_gpio_cd_irqt	vmlinux	kernel
6440606b	__tracepoint_android_vh_mutex_unlock_slowpath	vmlinux	kernel
30de9614	__tracepoint_android_vh_mutex_unlock_slowpath_end	vmlinux	kernel
e119258f	__tracepoint_android_vh_mutex_wait_finish	vmlinux	kernel
acea24f4	__tracepoint_android_vh_mutex_wait_start	vmlinux	kernel
bb3bfdc5	__tracepoint_android_vh_of_i2c_get_board_info	vmlinux	kernel
14e36ca8	__tracepoint_android_vh_oom_check_panic	vmlinux	kernel
20d4dd3b	__tracepoint_android_vh_override_creds	vmlinux	kernel
dda48451	__tracepoint_android_vh_page_isolated_for_reclaim	vmlinux	kernel
92dd76f5	__tracepoint_android_vh_page_referenced_check_bypass	vmlinux	kernel
91f057fa	__tracepoint_android_vh_page_referenced_one_end	vmlinux	kernel
f8d94102	__tracepoint_android_vh_page_should_be_protected	vmlinux	kernel
e77a0035	__tracepoint_android_vh_page_trylock_clear	vmlinux	kernel
0c7cf863	__tracepoint_android_vh_page_trylock_get_result	vmlinux	kernel
92e4d5a7	__tracepoint_android_vh_page_trylock_set	vmlinux	kernel
bcb3c40e	__tracepoint_android_vh_pagecache_get_page	vmlinux	kernel
133564aa	__tracepoint_android_vh_pcplist_add_cma_pages_bypass	vmlinux	kernel
03b73d0f	__tracepoint_android_vh_prepare_update_load_avg_se	vmlinux	kernel
e329d35d	__tracepoint_android_vh_printk_hotplug	vmlinux	kernel
b4b343cc	__tracepoint_android_vh_process_killed	vmlinux	kernel
ca4b5959	__tracepoint_android_vh_psi_event	vmlinux	kernel
69a13763	__tracepoint_android_vh_psi_group	vmlinux	kernel
1491b86a	__tracepoint_android_vh_ptype_head	vmlinux	kernel
36527e9f	__tracepoint_android_vh_record_mutex_lock_starttime	vmlinux	kernel
ce36444f	__tracepoint_android_vh_record_percpu_rwsem_lock_starttime	vmlinux	kernel
de497da9	__tracepoint_android_vh_record_rtmutex_lock_starttime	vmlinux	kernel
52ac6b6b	__tracepoint_android_vh_record_rwsem_lock_starttime	vmlinux	kernel
01f5d8a1	__tracepoint_android_vh_remove_vmalloc_stack	vmlinux	kernel
bedc98e0	__tracepoint_android_vh_revert_creds	vmlinux	kernel
a8c074b9	__tracepoint_android_vh_rmqueue	vmlinux	kernel
e1337b04	__tracepoint_android_vh_rproc_recovery	vmlinux	REQUIRED
e9cd95b9	__tracepoint_android_vh_rproc_recovery_set	vmlinux	REQUIRED
ee6fc031	__tracepoint_android_vh_rtmutex_wait_finish	vmlinux	kernel
daf6aebd	__tracepoint_android_vh_rtmutex_wait_start	vmlinux	kernel
9be0ac46	__tracepoint_android_vh_rwsem_init	vmlinux	kernel
cde9c83e	__tracepoint_android_vh_rwsem_mark_wake_readers	vmlinux	kernel
460eeeee	__tracepoint_android_vh_rwsem_read_wait_finish	vmlinux	kernel
dc072410	__tracepoint_android_vh_rwsem_read_wait_start	vmlinux	kernel
b3d88f79	__tracepoint_android_vh_rwsem_set_owner	vmlinux	kernel
c57fd7c5	__tracepoint_android_vh_rwsem_set_reader_owned	vmlinux	kernel
644dda69	__tracepoint_android_vh_rwsem_up_read_end	vmlinux	kernel
472634de	__tracepoint_android_vh_rwsem_up_write_end	vmlinux	kernel
4c0e628d	__tracepoint_android_vh_rwsem_wake	vmlinux	kernel
4d5f6143	__tracepoint_android_vh_rwsem_wake_finish	vmlinux	kernel
365bc31a	__tracepoint_android_vh_rwsem_write_finished	vmlinux	kernel
85c6d9bd	__tracepoint_android_vh_rwsem_write_wait_finish	vmlinux	kernel
18bed6ed	__tracepoint_android_vh_rwsem_write_wait_start	vmlinux	kernel
2c772ac0	__tracepoint_android_vh_save_track_hash	vmlinux	kernel
36909fb9	__tracepoint_android_vh_save_vmalloc_stack	vmlinux	kernel
8363715e	__tracepoint_android_vh_sched_pelt_multiplier	vmlinux	kernel
cec91b82	__tracepoint_android_vh_sched_setaffinity_early	vmlinux	kernel
d3537ff4	__tracepoint_android_vh_sched_show_task	vmlinux	kernel
db1b2fe1	__tracepoint_android_vh_sched_stat_runtime_rt	vmlinux	kernel
a3e74b24	__tracepoint_android_vh_scheduler_tick	vmlinux	REQUIRED
4a68900b	__tracepoint_android_vh_scmi_timeout_sync	vmlinux	kernel
0a28867a	__tracepoint_android_vh_sd_update_bus_speed_mode	vmlinux	kernel
de374772	__tracepoint_android_vh_sdhci_get_cd	vmlinux	kernel
b42396d1	__tracepoint_android_vh_selinux_avc_insert	vmlinux	kernel
09abb4e2	__tracepoint_android_vh_selinux_avc_lookup	vmlinux	kernel
5a44b21a	__tracepoint_android_vh_selinux_avc_node_delete	vmlinux	kernel
39c08aef	__tracepoint_android_vh_selinux_avc_node_replace	vmlinux	kernel
7d722d35	__tracepoint_android_vh_selinux_is_initialized	vmlinux	kernel
7bd9cdab	__tracepoint_android_vh_set_memory_nx	vmlinux	kernel
6b661329	__tracepoint_android_vh_set_memory_ro	vmlinux	kernel
e97d8b70	__tracepoint_android_vh_set_memory_rw	vmlinux	kernel
1ea419dd	__tracepoint_android_vh_set_memory_x	vmlinux	kernel
9792c470	__tracepoint_android_vh_set_module_permit_after_init	vmlinux	kernel
da191171	__tracepoint_android_vh_set_module_permit_before_init	vmlinux	kernel
d0ef145e	__tracepoint_android_vh_set_shmem_page_flag	vmlinux	kernel
6b9fe557	__tracepoint_android_vh_set_wake_flags	vmlinux	kernel
7ae79b81	__tracepoint_android_vh_setscheduler_uclamp	vmlinux	kernel
890676c3	__tracepoint_android_vh_sha256	vmlinux	kernel
f528a71b	__tracepoint_android_vh_shmem_alloc_page	vmlinux	kernel
40d48791	__tracepoint_android_vh_show_mapcount_pages	vmlinux	kernel
8965f857	__tracepoint_android_vh_show_max_freq	vmlinux	kernel
4520b6b9	__tracepoint_android_vh_show_mem	vmlinux	kernel
5c575c4a	__tracepoint_android_vh_show_resume_epoch_val	vmlinux	REQUIRED
629f88d6	__tracepoint_android_vh_show_stack_hash	vmlinux	kernel
64718122	__tracepoint_android_vh_show_suspend_epoch_val	vmlinux	REQUIRED
cefd3011	__tracepoint_android_vh_shrink_node_memcgs	vmlinux	kernel
ecea3e92	__tracepoint_android_vh_shrink_slab_bypass	vmlinux	kernel
ed9cd089	__tracepoint_android_vh_si_swapinfo	vmlinux	kernel
1d6ecab7	__tracepoint_android_vh_snapshot_refaults	vmlinux	kernel
9b89d106	__tracepoint_android_vh_snd_compr_use_pause_in_drain	vmlinux	kernel
3011ec02	__tracepoint_android_vh_snd_soc_card_get_comp_chain	vmlinux	kernel
dc96142a	__tracepoint_android_vh_sound_usb_support_cpu_suspend	vmlinux	kernel
63c884a5	__tracepoint_android_vh_subpage_dma_contig_alloc	vmlinux	kernel
07ebd576	__tracepoint_android_vh_swap_slot_cache_active	vmlinux	kernel
0e8f9d26	__tracepoint_android_vh_swapin_add_anon_rmap	vmlinux	kernel
aa651215	__tracepoint_android_vh_sync_txn_recvd	vmlinux	kernel
f9fc82b5	__tracepoint_android_vh_syscall_prctl_finished	vmlinux	kernel
dbacbda3	__tracepoint_android_vh_thermal_pm_notify_suspend	vmlinux	kernel
bb9e5425	__tracepoint_android_vh_timer_calc_index	vmlinux	kernel
b7b47b4c	__tracepoint_android_vh_timerfd_create	vmlinux	kernel
fd044c4f	__tracepoint_android_vh_try_to_freeze_todo	vmlinux	kernel
8324d153	__tracepoint_android_vh_try_to_freeze_todo_unfrozen	vmlinux	kernel
57e416b7	__tracepoint_android_vh_try_to_unmap_one	vmlinux	kernel
ebfa95d0	__tracepoint_android_vh_tune_inactive_ratio	vmlinux	kernel
2b51008f	__tracepoint_android_vh_tune_scan_type	vmlinux	kernel
69b36725	__tracepoint_android_vh_tune_swappiness	vmlinux	kernel
ed5b195a	__tracepoint_android_vh_typec_store_partner_src_caps	vmlinux	kernel
7021a827	__tracepoint_android_vh_typec_tcpci_override_toggling	vmlinux	kernel
d9cbec97	__tracepoint_android_vh_typec_tcpm_adj_current_limit	vmlinux	kernel
ac9783b6	__tracepoint_android_vh_typec_tcpm_get_timer	vmlinux	kernel
381957ca	__tracepoint_android_vh_typec_tcpm_log	vmlinux	kernel
73ea45fb	__tracepoint_android_vh_ufs_check_int_errors	vmlinux	kernel
f675fc6f	__tracepoint_android_vh_ufs_clock_scaling	vmlinux	kernel
6d6c7e35	__tracepoint_android_vh_ufs_compl_command	vmlinux	kernel
ec87d81c	__tracepoint_android_vh_ufs_fill_prdt	vmlinux	kernel
25558c8f	__tracepoint_android_vh_ufs_prepare_command	vmlinux	kernel
d20543e7	__tracepoint_android_vh_ufs_send_command	vmlinux	kernel
ee023024	__tracepoint_android_vh_ufs_send_tm_command	vmlinux	kernel
8016b1df	__tracepoint_android_vh_ufs_send_uic_command	vmlinux	kernel
ff48ed3d	__tracepoint_android_vh_ufs_update_sdev	vmlinux	kernel
d1493d2e	__tracepoint_android_vh_ufs_update_sysfs	vmlinux	kernel
f1bb3cbd	__tracepoint_android_vh_unuse_swap_page	vmlinux	kernel
9ef9f5c0	__tracepoint_android_vh_update_page_mapcount	vmlinux	kernel
d28119e8	__tracepoint_android_vh_update_topology_flags_workfn	vmlinux	kernel
b0b00d33	__tracepoint_android_vh_usb_dev_resume	vmlinux	kernel
686c4071	__tracepoint_android_vh_usb_dev_suspend	vmlinux	kernel
82ce28ec	__tracepoint_android_vh_v4l2subdev_set_fmt	vmlinux	kernel
26ad531b	__tracepoint_android_vh_v4l2subdev_set_frame_interval	vmlinux	kernel
d163b93e	__tracepoint_android_vh_v4l2subdev_set_selection	vmlinux	kernel
f9257104	__tracepoint_android_vh_vmpressure	vmlinux	kernel
1c9778c8	__tracepoint_android_vh_waiting_for_page_migration	vmlinux	kernel
74ea651e	__tracepoint_android_vh_watchdog_timer_softlockup	vmlinux	kernel
5980aaff	__tracepoint_android_vh_wq_lockup_pool	vmlinux	kernel
ab619a41	__tracepoint_binder_transaction_received	vmlinux	kernel
a65f3c8c	__tracepoint_block_bio_complete	vmlinux	kernel
a13ed1a6	__tracepoint_block_bio_queue	vmlinux	kernel
ae64f1dd	__tracepoint_block_bio_remap	vmlinux	kernel
fc12d508	__tracepoint_block_getrq	vmlinux	kernel
bb319d4d	__tracepoint_block_rq_complete	vmlinux	kernel
f4a00349	__tracepoint_block_rq_insert	vmlinux	kernel
960f8928	__tracepoint_block_rq_issue	vmlinux	kernel
4520b967	__tracepoint_block_rq_merge	vmlinux	kernel
a964672d	__tracepoint_block_rq_requeue	vmlinux	kernel
34fc4ad3	__tracepoint_block_split	vmlinux	kernel
19552c17	__tracepoint_clock_set_rate	vmlinux	kernel
f9093f5b	__tracepoint_cpu_frequency	vmlinux	kernel
e279d62c	__tracepoint_cpu_frequency_limits	vmlinux	kernel
774f16ef	__tracepoint_cpu_idle	vmlinux	kernel
52195345	__tracepoint_device_pm_callback_end	vmlinux	kernel
e9b1039b	__tracepoint_device_pm_callback_start	vmlinux	kernel
c5a3367a	__tracepoint_dma_fence_emit	vmlinux	kernel
33556798	__tracepoint_dwc3_complete_trb	vmlinux	kernel
ef2be621	__tracepoint_dwc3_ctrl_req	vmlinux	kernel
7d6ef4ee	__tracepoint_dwc3_ep_queue	vmlinux	kernel
df144f29	__tracepoint_dwc3_event	vmlinux	kernel
e6691a80	__tracepoint_dwc3_readl	vmlinux	REQUIRED
7bad1f23	__tracepoint_dwc3_writel	vmlinux	kernel
16fa73fe	__tracepoint_gpu_mem_total	vmlinux	REQUIRED
055a6686	__tracepoint_hrtimer_expire_entry	vmlinux	kernel
703a9377	__tracepoint_hrtimer_expire_exit	vmlinux	kernel
3f573f55	__tracepoint_ipi_entry	vmlinux	REQUIRED
c8328e16	__tracepoint_ipi_exit	vmlinux	kernel
e612228f	__tracepoint_ipi_raise	vmlinux	REQUIRED
03314215	__tracepoint_irq_handler_entry	vmlinux	kernel
adab1f32	__tracepoint_irq_handler_exit	vmlinux	kernel
72edf918	__tracepoint_kfree_skb	vmlinux	kernel
82bbf30b	__tracepoint_map	vmlinux	kernel
000c8744	__tracepoint_mm_vmscan_direct_reclaim_begin	vmlinux	kernel
e1130765	__tracepoint_mm_vmscan_direct_reclaim_end	vmlinux	kernel
64f74abf	__tracepoint_pelt_cfs_tp	vmlinux	kernel
15c60a71	__tracepoint_pelt_dl_tp	vmlinux	kernel
2200061c	__tracepoint_pelt_irq_tp	vmlinux	kernel
90d937b4	__tracepoint_pelt_rt_tp	vmlinux	kernel
06055a23	__tracepoint_pelt_se_tp	vmlinux	kernel
19ebf04e	__tracepoint_rwmmio_post_read	vmlinux	REQUIRED
a035d76e	__tracepoint_rwmmio_read	vmlinux	REQUIRED
95575c33	__tracepoint_rwmmio_write	vmlinux	REQUIRED
3b610584	__tracepoint_sched_cpu_capacity_tp	vmlinux	kernel
ad25602f	__tracepoint_sched_overutilized_tp	vmlinux	kernel
cc6130e1	__tracepoint_sched_stat_blocked	vmlinux	kernel
3dcb44d9	__tracepoint_sched_stat_iowait	vmlinux	kernel
e601e892	__tracepoint_sched_stat_runtime	vmlinux	kernel
f3492e73	__tracepoint_sched_stat_sleep	vmlinux	kernel
c977be89	__tracepoint_sched_stat_wait	vmlinux	kernel
4044ba28	__tracepoint_sched_switch	vmlinux	kernel
365b45d1	__tracepoint_sched_update_nr_running_tp	vmlinux	kernel
2c790d4a	__tracepoint_sched_util_est_cfs_tp	vmlinux	kernel
3a74e484	__tracepoint_sched_util_est_se_tp	vmlinux	kernel
36772c03	__tracepoint_sched_waking	vmlinux	kernel
fede9222	__tracepoint_suspend_resume	vmlinux	REQUIRED
6ba3f1e6	__tracepoint_task_newtask	vmlinux	kernel
990f1219	__tracepoint_task_rename	vmlinux	kernel
2c36cc85	__tracepoint_unmap	vmlinux	kernel
5b9cc4fa	__tracepoint_usb_gadget_connect	vmlinux	kernel
574ab5a6	__tracepoint_usb_gadget_disconnect	vmlinux	kernel
ecbfa711	__tracepoint_workqueue_execute_end	vmlinux	kernel
8db61368	__tracepoint_workqueue_execute_start	vmlinux	kernel
8b7a698b	__tracepoint_xdp_exception	vmlinux	kernel
22847ba7	__tracepoint_xhci_urb_giveback	vmlinux	kernel
e6d6f001	__tty_alloc_driver	vmlinux	kernel
a93df441	__tty_insert_flip_char	vmlinux	kernel
2d72e52a	__typec_altmode_register_driver	vmlinux	kernel
9e7d6bd0	__udelay	vmlinux	REQUIRED
27c24536	__uio_register_device	vmlinux	REQUIRED
6bc3fbc0	__unregister_chrdev	vmlinux	REQUIRED
fbdf5c3e	__update_load_avg_blocked_se	vmlinux	kernel
93e3fb4f	__usb_create_hcd	vmlinux	kernel
d36760ef	__usb_get_extra_descriptor	vmlinux	kernel
f1969a8e	__usecs_to_jiffies	vmlinux	REQUIRED
ac55e21f	__v4l2_ctrl_handler_setup	vmlinux	kernel
9578a8e7	__v4l2_ctrl_modify_range	vmlinux	kernel
838d88db	__v4l2_ctrl_s_ctrl	vmlinux	kernel
06153421	__v4l2_ctrl_s_ctrl_compound	vmlinux	kernel
79b8cb1d	__v4l2_ctrl_s_ctrl_int64	vmlinux	kernel
a8408d5e	__v4l2_device_register_subdev_nodes	vmlinux	REQUIRED
e2822320	__v4l2_find_nearest_size	vmlinux	kernel
52a1f6ef	__video_register_device	vmlinux	REQUIRED
ae04012c	__vmalloc	vmlinux	kernel
85b483a3	__wait_on_buffer	vmlinux	kernel
bfed2cd9	__wait_rcu_gp	vmlinux	kernel
3eeb2322	__wake_up	vmlinux	REQUIRED
2773c485	__wake_up_locked	vmlinux	REQUIRED
09337cd0	__wake_up_locked_key	vmlinux	kernel
b8273d0b	__wake_up_sync	vmlinux	kernel
ba220db7	__wake_up_sync_key	vmlinux	kernel
56470118	__warn_printk	vmlinux	REQUIRED
f40e7a73	__xa_alloc	vmlinux	kernel
b9af1d0d	__xa_clear_mark	vmlinux	kernel
296cb509	__xa_insert	vmlinux	kernel
41b76380	__xfrm_decode_session	vmlinux	kernel
9c30e2e1	__xfrm_state_destroy	vmlinux	kernel
cf4fdd4d	_atomic_dec_and_lock	vmlinux	kernel
b6936ffe	_bcd2bin	vmlinux	kernel
80ca5026	_bin2bcd	vmlinux	kernel
39448fe2	_copy_from_iter	vmlinux	kernel
96ccf3d6	_copy_from_iter_full	vmlinux	REQUIRED
e0fb5dfb	_copy_to_iter	vmlinux	kernel
11089ac7	_ctype	vmlinux	REQUIRED
d55fda3c	_dev_alert	vmlinux	kernel
4be27a18	_dev_crit	vmlinux	REQUIRED
3199a1ef	_dev_emerg	vmlinux	kernel
5ed4c6ae	_dev_err	vmlinux	REQUIRED
8eff6041	_dev_info	vmlinux	REQUIRED
efae1c39	_dev_notice	vmlinux	REQUIRED
bc7a4422	_dev_warn	vmlinux	REQUIRED
54a9db5f	_kstrtoul	vmlinux	kernel
fe8c61f0	_raw_read_lock	vmlinux	REQUIRED
8dee722d	_raw_read_lock_bh	vmlinux	REQUIRED
48112d76	_raw_read_lock_irq	vmlinux	REQUIRED
b1342cdb	_raw_read_lock_irqsave	vmlinux	REQUIRED
889b1370	_raw_read_trylock	vmlinux	kernel
dd4d55b6	_raw_read_unlock	vmlinux	REQUIRED
aeb082ad	_raw_read_unlock_bh	vmlinux	REQUIRED
a58af0a6	_raw_read_unlock_irq	vmlinux	REQUIRED
df2ebb87	_raw_read_unlock_irqrestore	vmlinux	REQUIRED
ba8fbd64	_raw_spin_lock	vmlinux	REQUIRED
0c3690fc	_raw_spin_lock_bh	vmlinux	REQUIRED
8427cc7b	_raw_spin_lock_irq	vmlinux	REQUIRED
34db050b	_raw_spin_lock_irqsave	vmlinux	REQUIRED
fef216eb	_raw_spin_trylock	vmlinux	REQUIRED
8518a4a6	_raw_spin_trylock_bh	vmlinux	REQUIRED
b5b54b34	_raw_spin_unlock	vmlinux	REQUIRED
e46021ca	_raw_spin_unlock_bh	vmlinux	REQUIRED
4b750f53	_raw_spin_unlock_irq	vmlinux	REQUIRED
d35cce70	_raw_spin_unlock_irqrestore	vmlinux	REQUIRED
e68efe41	_raw_write_lock	vmlinux	REQUIRED
51a511eb	_raw_write_lock_bh	vmlinux	REQUIRED
3aca0190	_raw_write_lock_irq	vmlinux	REQUIRED
5021bd81	_raw_write_lock_irqsave	vmlinux	REQUIRED
258a2c02	_raw_write_trylock	vmlinux	kernel
40235c98	_raw_write_unlock	vmlinux	REQUIRED
e7ab1ecc	_raw_write_unlock_bh	vmlinux	REQUIRED
9f76baf4	_raw_write_unlock_irq	vmlinux	REQUIRED
eb078aee	_raw_write_unlock_irqrestore	vmlinux	REQUIRED
e01a67e4	_snd_ctl_add_follower	vmlinux	kernel
0283dfe3	_snd_pcm_hw_params_any	vmlinux	kernel
10817908	_snd_pcm_stream_lock_irqsave	vmlinux	kernel
944375db	_totalram_pages	vmlinux	kernel
3130e516	_vb2_fop_release	vmlinux	kernel
6c1d25ab	access_process_vm	vmlinux	kernel
3eccc739	ack_all_badblocks	vmlinux	kernel
efe614bb	activate_task	vmlinux	kernel
7eb808d0	add_cpu	vmlinux	REQUIRED
2fb6de5d	add_device_randomness	vmlinux	kernel
bd7aaaee	add_memory	vmlinux	kernel
690b988e	add_memory_subsection	vmlinux	kernel
67e239bd	add_random_ready_callback	vmlinux	kernel
f6dd2fc5	add_swap_extent	vmlinux	kernel
76d451c4	add_taint	vmlinux	kernel
65744673	add_timer	vmlinux	REQUIRED
0a83a512	add_timer_on	vmlinux	kernel
a16baa5e	add_to_page_cache_locked	vmlinux	kernel
43961e87	add_to_page_cache_lru	vmlinux	kernel
9c6febfc	add_uevent_var	vmlinux	REQUIRED
4afb2238	add_wait_queue	vmlinux	REQUIRED
a795dc09	adjust_managed_page_count	vmlinux	REQUIRED
e87161bb	aead_register_instance	vmlinux	kernel
78a16f48	aes_decrypt	vmlinux	kernel
77e9eb37	aes_encrypt	vmlinux	REQUIRED
558b281d	aes_expandkey	vmlinux	REQUIRED
226addb8	ahash_register_instance	vmlinux	kernel
536e1fa7	alarm_cancel	vmlinux	kernel
1fbe3658	alarm_init	vmlinux	kernel
111d2777	alarm_start	vmlinux	kernel
feb6361a	alarm_start_relative	vmlinux	kernel
f3295ffe	alarm_try_to_cancel	vmlinux	kernel
d9a9c2b1	alarmtimer_get_rtcdev	vmlinux	kernel
7278d328	all_vm_events	vmlinux	kernel
32b04e72	alloc_anon_inode	vmlinux	REQUIRED
08397a3d	alloc_can_err_skb	vmlinux	kernel
f9cb7349	alloc_can_skb	vmlinux	kernel
0ad23eb6	alloc_candev_mqs	vmlinux	kernel
e3ec2f2b	alloc_chrdev_region	vmlinux	REQUIRED
ef1766f7	alloc_etherdev_mqs	vmlinux	REQUIRED
4b0dbb7e	alloc_io_pgtable_ops	vmlinux	kernel
7c9bed48	alloc_iova_fast	vmlinux	kernel
281e7f55	alloc_netdev_mqs	vmlinux	REQUIRED
34fc14dd	alloc_page_buffers	vmlinux	kernel
5fc72f0e	alloc_pages_exact	vmlinux	kernel
e7dc17b9	alloc_skb_with_frags	vmlinux	kernel
df9208c0	alloc_workqueue	vmlinux	REQUIRED
8ae4a6d8	amba_bustype	vmlinux	REQUIRED
f085eb5c	amba_driver_register	vmlinux	REQUIRED
79525c69	amba_driver_unregister	vmlinux	REQUIRED
282efeff	amba_release_regions	vmlinux	kernel
8623af6f	amba_request_regions	vmlinux	kernel
1840ff6f	android_debug_for_each_module	vmlinux	kernel
8ee3d8d9	android_debug_per_cpu_symbol	vmlinux	kernel
9fd75310	android_debug_symbol	vmlinux	kernel
7fbbd0bb	android_rvh_probe_register	vmlinux	kernel
66e0c8e3	anon_inode_getfd	vmlinux	kernel
b96a2914	anon_inode_getfile	vmlinux	REQUIRED
cd47fcc4	arc4_crypt	vmlinux	kernel
2bb32ad1	arc4_setkey	vmlinux	kernel
70ff6cfa	arch_mmap_rnd	vmlinux	kernel
75fb9062	arch_timer_read_counter	vmlinux	REQUIRED
e0b13336	argv_free	vmlinux	kernel
7380dffa	argv_split	vmlinux	kernel
14b89635	arm64_const_caps_ready	vmlinux	REQUIRED
af56600a	arm64_use_ng_mappings	vmlinux	REQUIRED
8cf42e34	arp_tbl	vmlinux	kernel
f5f370e0	async_schedule_node	vmlinux	kernel
d21b61bd	async_schedule_node_domain	vmlinux	kernel
6ca4bf88	async_synchronize_full_domain	vmlinux	kernel
d3752c27	atomic_notifier_call_chain	vmlinux	REQUIRED
2b9997fb	atomic_notifier_chain_register	vmlinux	REQUIRED
7181db30	atomic_notifier_chain_unregister	vmlinux	REQUIRED
ad73041f	autoremove_wake_function	vmlinux	REQUIRED
2088e082	available_idle_cpu	vmlinux	kernel
f1e98c74	avenrun	vmlinux	kernel
bf95c87a	backlight_device_get_by_type	vmlinux	REQUIRED
22444f95	backlight_device_register	vmlinux	REQUIRED
21d447db	backlight_device_set_brightness	vmlinux	REQUIRED
f09046cf	backlight_device_unregister	vmlinux	REQUIRED
989100e1	badblocks_clear	vmlinux	kernel
23d42c79	badblocks_exit	vmlinux	kernel
70140a01	badblocks_init	vmlinux	kernel
afd22538	badblocks_set	vmlinux	kernel
4d633046	badblocks_show	vmlinux	kernel
ab431e29	badblocks_store	vmlinux	kernel
69c2b6d2	balance_dirty_pages_ratelimited	vmlinux	REQUIRED
71fb77bb	balloon_aops	vmlinux	kernel
f4c7bbbd	balloon_page_alloc	vmlinux	kernel
26f0ff20	balloon_page_dequeue	vmlinux	kernel
86263224	balloon_page_enqueue	vmlinux	kernel
263c3152	bcmp	vmlinux	REQUIRED
74f18915	bd_link_disk_holder	vmlinux	kernel
db92a3c7	bd_set_nr_sectors	vmlinux	kernel
86eaa3f4	bd_unlink_disk_holder	vmlinux	kernel
51ab2a6b	bdev_check_media_change	vmlinux	kernel
99c544f2	bdev_read_only	vmlinux	kernel
cd4da5de	bdevname	vmlinux	kernel
90992d2c	bdget_disk	vmlinux	REQUIRED
fe636f64	bdi_alloc	vmlinux	REQUIRED
39089dbd	bdi_put	vmlinux	REQUIRED
01291635	bdi_register	vmlinux	REQUIRED
71c1c88e	bdput	vmlinux	REQUIRED
cf6f86a6	bgpio_init	vmlinux	kernel
d45cc6ca	bin2hex	vmlinux	kernel
e51834bf	bio_add_page	vmlinux	REQUIRED
68e945b3	bio_add_pc_page	vmlinux	kernel
e8adb2d0	bio_alloc_bioset	vmlinux	REQUIRED
fadd82c6	bio_associate_blkg	vmlinux	REQUIRED
97df7836	bio_associate_blkg_from_css	vmlinux	kernel
3650836f	bio_chain	vmlinux	REQUIRED
3031fd19	bio_clone_blkg_association	vmlinux	kernel
56256b2f	bio_endio	vmlinux	REQUIRED
98add6c6	bio_init	vmlinux	REQUIRED
4e359aa9	bio_put	vmlinux	REQUIRED
92c823b1	bio_reset	vmlinux	kernel
d2a1af6e	bio_split	vmlinux	kernel
679e9dab	bioset_exit	vmlinux	kernel
0ed64a00	bioset_init	vmlinux	kernel
44bae227	bit_wait_timeout	vmlinux	kernel
ad9901ae	bit_waitqueue	vmlinux	kernel
020dbf27	bitmap_alloc	vmlinux	kernel
dac4913a	bitmap_allocate_region	vmlinux	REQUIRED
63a7c28c	bitmap_find_free_region	vmlinux	kernel
64127b67	bitmap_find_next_zero_area_off	vmlinux	REQUIRED
ca21ebd3	bitmap_free	vmlinux	kernel
f8d07858	bitmap_from_arr32	vmlinux	kernel
b97220ff	bitmap_parse	vmlinux	kernel
1b015d25	bitmap_parselist	vmlinux	kernel
0634100a	bitmap_parselist_user	vmlinux	REQUIRED
f474c21c	bitmap_print_to_pagebuf	vmlinux	REQUIRED
574c2e74	bitmap_release_region	vmlinux	REQUIRED
4ec54e78	bitmap_to_arr32	vmlinux	kernel
2688ec10	bitmap_zalloc	vmlinux	kernel
0f01c658	blk_alloc_queue	vmlinux	REQUIRED
ff2ab51d	blk_bio_list_merge	vmlinux	kernel
d27b25dd	blk_check_plugged	vmlinux	kernel
bf99f1f1	blk_cleanup_queue	vmlinux	REQUIRED
d20f64a2	blk_execute_rq	vmlinux	kernel
d76d50d3	blk_execute_rq_nowait	vmlinux	REQUIRED
b1d3a15c	blk_finish_plug	vmlinux	kernel
2ca26aed	blk_freeze_queue_start	vmlinux	kernel
b072eded	blk_get_queue	vmlinux	kernel
8149df51	blk_get_request	vmlinux	REQUIRED
b1d965d2	blk_insert_cloned_request	vmlinux	kernel
e1c63523	blk_ksm_get_slot_idx	vmlinux	kernel
9e8fff5a	blk_ksm_init	vmlinux	kernel
f93f5adf	blk_ksm_init_passthrough	vmlinux	kernel
502cc412	blk_ksm_register	vmlinux	kernel
e785079c	blk_ksm_reprogram_all_keys	vmlinux	kernel
c747ad5c	blk_mq_alloc_request	vmlinux	kernel
9a948256	blk_mq_alloc_request_hctx	vmlinux	kernel
e3ae7f79	blk_mq_alloc_tag_set	vmlinux	kernel
332875c8	blk_mq_complete_request	vmlinux	kernel
f3e35e18	blk_mq_complete_request_remote	vmlinux	kernel
4e51dbae	blk_mq_debugfs_rq_show	vmlinux	kernel
25ec3af8	blk_mq_delay_kick_requeue_list	vmlinux	kernel
93bd7bdd	blk_mq_end_request	vmlinux	kernel
7d191424	blk_mq_free_request	vmlinux	kernel
b73f04ac	blk_mq_free_tag_set	vmlinux	REQUIRED
4f96fb0c	blk_mq_freeze_queue	vmlinux	REQUIRED
43ebc019	blk_mq_freeze_queue_wait	vmlinux	kernel
a36c2cb3	blk_mq_freeze_queue_wait_timeout	vmlinux	kernel
e757d590	blk_mq_init_queue	vmlinux	kernel
96d60e2e	blk_mq_init_sq_queue	vmlinux	REQUIRED
4d4d7b79	blk_mq_map_queues	vmlinux	kernel
6e581a9d	blk_mq_pci_map_queues	vmlinux	kernel
1510749e	blk_mq_quiesce_queue	vmlinux	REQUIRED
e731c97b	blk_mq_requeue_request	vmlinux	kernel
1580091a	blk_mq_rq_cpu	vmlinux	kernel
05be45e4	blk_mq_run_hw_queue	vmlinux	kernel
de5398c3	blk_mq_run_hw_queues	vmlinux	kernel
3711f485	blk_mq_sched_mark_restart_hctx	vmlinux	kernel
019af450	blk_mq_sched_request_inserted	vmlinux	kernel
17afa218	blk_mq_sched_try_insert_merge	vmlinux	kernel
54a4d172	blk_mq_sched_try_merge	vmlinux	kernel
9166b782	blk_mq_start_request	vmlinux	REQUIRED
20e1e5c6	blk_mq_start_stopped_hw_queues	vmlinux	kernel
149b0f7c	blk_mq_stop_hw_queue	vmlinux	kernel
2171c403	blk_mq_tag_to_rq	vmlinux	kernel
5f8974d8	blk_mq_tagset_busy_iter	vmlinux	kernel
c209584f	blk_mq_tagset_wait_completed_request	vmlinux	kernel
9d98534c	blk_mq_unfreeze_queue	vmlinux	REQUIRED
c0e42c60	blk_mq_unique_tag	vmlinux	kernel
631e3ba6	blk_mq_unquiesce_queue	vmlinux	REQUIRED
0240ec15	blk_mq_update_nr_hw_queues	vmlinux	kernel
0d5e2d60	blk_mq_virtio_map_queues	vmlinux	kernel
2211a4c0	blk_op_str	vmlinux	kernel
c82b8800	blk_poll	vmlinux	kernel
aa97a085	blk_put_queue	vmlinux	kernel
57147c41	blk_put_request	vmlinux	REQUIRED
0dac91f7	blk_queue_alignment_offset	vmlinux	kernel
12dabea0	blk_queue_bounce_limit	vmlinux	kernel
749bad84	blk_queue_can_use_dma_map_merging	vmlinux	kernel
c6486de1	blk_queue_chunk_sectors	vmlinux	kernel
7dc70628	blk_queue_dma_alignment	vmlinux	kernel
bde48987	blk_queue_flag_clear	vmlinux	REQUIRED
0e98ba6c	blk_queue_flag_set	vmlinux	REQUIRED
54bf9b7a	blk_queue_flag_test_and_set	vmlinux	kernel
bb3aeb71	blk_queue_io_min	vmlinux	REQUIRED
1e2da57b	blk_queue_io_opt	vmlinux	REQUIRED
f082423e	blk_queue_logical_block_size	vmlinux	REQUIRED
8d08d30f	blk_queue_max_discard_sectors	vmlinux	REQUIRED
4e08a7c8	blk_queue_max_discard_segments	vmlinux	kernel
771e77be	blk_queue_max_hw_sectors	vmlinux	kernel
ade6e7b2	blk_queue_max_segment_size	vmlinux	kernel
2c2c0563	blk_queue_max_segments	vmlinux	kernel
9c3f4efc	blk_queue_max_write_same_sectors	vmlinux	kernel
570de6a7	blk_queue_max_write_zeroes_sectors	vmlinux	REQUIRED
352b39d1	blk_queue_physical_block_size	vmlinux	REQUIRED
b936a524	blk_queue_rq_timeout	vmlinux	kernel
d5d684c4	blk_queue_split	vmlinux	kernel
5777ae00	blk_queue_update_dma_alignment	vmlinux	kernel
8030d6fa	blk_queue_update_dma_pad	vmlinux	kernel
76c7ba19	blk_queue_virt_boundary	vmlinux	kernel
143da591	blk_queue_write_cache	vmlinux	REQUIRED
eb4185be	blk_register_region	vmlinux	kernel
18609fa2	blk_rq_append_bio	vmlinux	kernel
cae859c2	blk_rq_map_kern	vmlinux	kernel
aae3eac8	blk_rq_map_user	vmlinux	REQUIRED
17aab0ad	blk_rq_map_user_iov	vmlinux	REQUIRED
9a962079	blk_rq_unmap_user	vmlinux	REQUIRED
3d5e2473	blk_set_queue_dying	vmlinux	kernel
ec335c8b	blk_set_stacking_limits	vmlinux	kernel
79ec8f93	blk_start_plug	vmlinux	kernel
c2bb4ced	blk_stat_enable_accounting	vmlinux	kernel
84502a47	blk_status_to_errno	vmlinux	REQUIRED
70d185e0	blk_sync_queue	vmlinux	kernel
5c4265f6	blk_unregister_region	vmlinux	kernel
dfbc3e16	blk_update_request	vmlinux	REQUIRED
27639220	blk_verify_command	vmlinux	REQUIRED
ffb4345b	blkcg_activate_policy	vmlinux	kernel
95e0f7e4	blkcg_deactivate_policy	vmlinux	kernel
2679bfca	blkcg_policy_register	vmlinux	kernel
f3d8b077	blkcg_policy_unregister	vmlinux	kernel
d1cca611	blkcg_root	vmlinux	kernel
653dfdd4	blkdev_fsync	vmlinux	kernel
1aa5f837	blkdev_get_by_dev	vmlinux	REQUIRED
edd07e1a	blkdev_get_by_path	vmlinux	REQUIRED
91a91810	blkdev_issue_discard	vmlinux	kernel
5b099adb	blkdev_issue_flush	vmlinux	kernel
d70da6ee	blkdev_issue_zeroout	vmlinux	kernel
c8dd823c	blkdev_put	vmlinux	REQUIRED
56d57f6e	blkg_lookup_slowpath	vmlinux	kernel
56770391	block_invalidatepage	vmlinux	kernel
33e66e65	block_is_partially_uptodate	vmlinux	kernel
8317ad7c	blocking_notifier_call_chain	vmlinux	REQUIRED
bb0c86a5	blocking_notifier_chain_register	vmlinux	REQUIRED
963aa2a9	blocking_notifier_chain_unregister	vmlinux	REQUIRED
6ee22b9c	bmap	vmlinux	kernel
6f8f674a	bpf_dispatcher_xdp_func	vmlinux	kernel
d978c611	bpf_prog_add	vmlinux	kernel
2803638b	bpf_prog_put	vmlinux	kernel
271c7a96	bpf_prog_sub	vmlinux	kernel
f84bd6ee	bpf_stats_enabled_key	vmlinux	kernel
3ebcf954	bpf_trace_run1	vmlinux	REQUIRED
9936d863	bpf_trace_run10	vmlinux	REQUIRED
6b699ab0	bpf_trace_run11	vmlinux	REQUIRED
5bfcfef5	bpf_trace_run12	vmlinux	REQUIRED
f7daba4e	bpf_trace_run2	vmlinux	REQUIRED
db36dd4a	bpf_trace_run3	vmlinux	REQUIRED
ca4e8460	bpf_trace_run4	vmlinux	REQUIRED
aa4eb664	bpf_trace_run5	vmlinux	REQUIRED
3d2d7978	bpf_trace_run6	vmlinux	REQUIRED
8e3b213e	bpf_trace_run7	vmlinux	REQUIRED
4e0f52e4	bpf_trace_run8	vmlinux	REQUIRED
d138db83	bpf_trace_run9	vmlinux	kernel
5c2bcd37	bpf_warn_invalid_xdp_action	vmlinux	kernel
1057a279	bsearch	vmlinux	kernel
056f9bac	bsg_job_done	vmlinux	kernel
b9319bdc	bsg_remove_queue	vmlinux	kernel
0909fc1a	bsg_setup_queue	vmlinux	kernel
7b8c32f1	bt_err	vmlinux	kernel
0718b8b7	bt_info	vmlinux	kernel
7aad008b	bt_to_errno	vmlinux	kernel
214e4265	bt_warn	vmlinux	kernel
8e866ecf	btbcm_set_bdaddr	vmlinux	kernel
d8bcf77c	btbcm_setup_apple	vmlinux	kernel
1f6fd9f6	btbcm_setup_patchram	vmlinux	kernel
df7d197b	buffer_migrate_page	vmlinux	kernel
8ceb5594	build_skb	vmlinux	REQUIRED
b228e90d	bus_find_device	vmlinux	REQUIRED
7eedf2be	bus_for_each_dev	vmlinux	REQUIRED
67ac6994	bus_for_each_drv	vmlinux	kernel
729df7c4	bus_register	vmlinux	REQUIRED
c6b00d2e	bus_register_notifier	vmlinux	kernel
cbd12fd2	bus_set_iommu	vmlinux	kernel
9bb56529	bus_unregister	vmlinux	REQUIRED
992d6679	bus_unregister_notifier	vmlinux	kernel
605d5bfa	cache_line_size	vmlinux	kernel
04064b18	call_netdevice_notifiers	vmlinux	REQUIRED
28aa6a67	call_rcu	vmlinux	REQUIRED
959ec5f5	call_rcu_tasks	vmlinux	kernel
52c35e83	call_rcu_tasks_trace	vmlinux	kernel
d4cdd3ed	call_srcu	vmlinux	kernel
e33d1648	can_change_mtu	vmlinux	kernel
69d6f4ed	can_free_echo_skb	vmlinux	kernel
4fe379e9	can_get_echo_skb	vmlinux	kernel
9db28798	can_put_echo_skb	vmlinux	kernel
da571594	cancel_delayed_work	vmlinux	REQUIRED
f8beca97	cancel_delayed_work_sync	vmlinux	REQUIRED
d969d6f4	cancel_work_sync	vmlinux	REQUIRED
c6cbbc89	capable	vmlinux	REQUIRED
876ee9d2	capable_wrt_inode_uidgid	vmlinux	kernel
5d3f3436	cdc_ncm_bind_common	vmlinux	kernel
682eab10	cdc_ncm_change_mtu	vmlinux	kernel
46fbb4ea	cdc_ncm_fill_tx_frame	vmlinux	kernel
6d31298c	cdc_ncm_rx_verify_ndp16	vmlinux	kernel
cd14b214	cdc_ncm_rx_verify_nth16	vmlinux	kernel
87283c38	cdc_ncm_select_altsetting	vmlinux	kernel
9d35f5b8	cdc_ncm_unbind	vmlinux	kernel
2de88551	cdc_parse_cdc_header	vmlinux	kernel
2e6debbe	cdev_add	vmlinux	REQUIRED
e2d07004	cdev_alloc	vmlinux	REQUIRED
9e1bac16	cdev_del	vmlinux	REQUIRED
832f346c	cdev_device_add	vmlinux	REQUIRED
4537a658	cdev_device_del	vmlinux	REQUIRED
95613f30	cdev_init	vmlinux	REQUIRED
68f275ad	ce_aes_expandkey	vmlinux	kernel
a9951d12	cec_allocate_adapter	vmlinux	kernel
3232dc56	cec_delete_adapter	vmlinux	kernel
923cbfb1	cec_fill_conn_info_from_drm	vmlinux	kernel
10189179	cec_notifier_cec_adap_register	vmlinux	kernel
02ed9a70	cec_notifier_cec_adap_unregister	vmlinux	kernel
319a04c5	cec_notifier_conn_register	vmlinux	kernel
aee236c6	cec_notifier_conn_unregister	vmlinux	kernel
a01fbb6b	cec_notifier_set_phys_addr	vmlinux	kernel
f8c99364	cec_notifier_set_phys_addr_from_edid	vmlinux	kernel
d64e16b5	cec_queue_pin_hpd_event	vmlinux	kernel
25df15b4	cec_received_msg_ts	vmlinux	kernel
ded0a2d5	cec_register_adapter	vmlinux	kernel
158a211f	cec_s_log_addrs	vmlinux	kernel
b0c40f7e	cec_s_phys_addr	vmlinux	kernel
87b3181f	cec_s_phys_addr_from_edid	vmlinux	kernel
f0e3cb34	cec_transmit_attempt_done_ts	vmlinux	kernel
6de41e89	cec_transmit_done_ts	vmlinux	kernel
9c8d8606	cec_unregister_adapter	vmlinux	kernel
aa120638	cgroup_add_legacy_cftypes	vmlinux	kernel
35df6fa8	cgroup_path_ns	vmlinux	REQUIRED
19f55823	cgroup_taskset_first	vmlinux	REQUIRED
f9fabfc2	cgroup_taskset_next	vmlinux	REQUIRED
84fb8494	check_cache_active	vmlinux	kernel
59667315	check_preempt_curr	vmlinux	kernel
2db3bc61	check_zeroed_user	vmlinux	REQUIRED
c4a8b336	class_create_file_ns	vmlinux	REQUIRED
aed3d17e	class_destroy	vmlinux	REQUIRED
05754957	class_find_device	vmlinux	REQUIRED
d2b0e789	class_for_each_device	vmlinux	kernel
1ef3a86c	class_interface_unregister	vmlinux	REQUIRED
0aeb858c	class_remove_file_ns	vmlinux	REQUIRED
1030b692	class_unregister	vmlinux	REQUIRED
bfafcaed	clean_bdev_aliases	vmlinux	kernel
6013be8b	cleancache_register_ops	vmlinux	kernel
63c909ed	cleanup_srcu_struct	vmlinux	REQUIRED
441908f7	clear_inode	vmlinux	kernel
24ba05c8	clear_nlink	vmlinux	kernel
3d9ee9f0	clear_page	vmlinux	REQUIRED
40aa32a3	clear_page_dirty_for_io	vmlinux	kernel
479f7d4b	clk_bulk_disable	vmlinux	REQUIRED
ec68ba70	clk_bulk_enable	vmlinux	REQUIRED
969ed84a	clk_bulk_get	vmlinux	kernel
60a7df62	clk_bulk_get_all	vmlinux	kernel
eafe07b8	clk_bulk_prepare	vmlinux	REQUIRED
ef29fcdd	clk_bulk_put	vmlinux	kernel
a8caa845	clk_bulk_put_all	vmlinux	kernel
63c08029	clk_bulk_unprepare	vmlinux	REQUIRED
b6e6d99d	clk_disable	vmlinux	REQUIRED
4ed3c288	clk_divider_ops	vmlinux	kernel
ae330045	clk_divider_ro_ops	vmlinux	kernel
815588a6	clk_enable	vmlinux	REQUIRED
274e799a	clk_fixed_factor_ops	vmlinux	kernel
d484b507	clk_fixed_rate_ops	vmlinux	kernel
cdcf81f5	clk_fractional_divider_ops	vmlinux	kernel
5442693f	clk_gate_ops	vmlinux	kernel
b770a9bd	clk_get	vmlinux	REQUIRED
63150e06	clk_get_parent	vmlinux	kernel
1c5ff742	clk_get_phase	vmlinux	kernel
556e4390	clk_get_rate	vmlinux	REQUIRED
ee3aa642	clk_hw_get_flags	vmlinux	kernel
b62ec837	clk_hw_get_name	vmlinux	REQUIRED
cc8b1059	clk_hw_get_num_parents	vmlinux	REQUIRED
1f649fb1	clk_hw_get_parent	vmlinux	kernel
d5226df3	clk_hw_get_parent_by_index	vmlinux	kernel
c579ba2d	clk_hw_get_rate	vmlinux	kernel
3aa8fe71	clk_hw_is_enabled	vmlinux	kernel
6bbd50a6	clk_hw_is_prepared	vmlinux	kernel
17128d7b	clk_hw_register	vmlinux	kernel
4a83a008	clk_hw_register_composite	vmlinux	kernel
1352a3cb	clk_hw_register_fixed_factor	vmlinux	kernel
b4f74ad4	clk_hw_round_rate	vmlinux	kernel
3833308c	clk_hw_set_rate_range	vmlinux	kernel
14316d81	clk_hw_unregister	vmlinux	kernel
68d1ab7b	clk_hw_unregister_divider	vmlinux	kernel
31548373	clk_hw_unregister_fixed_factor	vmlinux	kernel
4249611d	clk_hw_unregister_gate	vmlinux	kernel
738a2e22	clk_hw_unregister_mux	vmlinux	kernel
8b149c36	clk_is_match	vmlinux	kernel
14d01690	clk_mux_index_to_val	vmlinux	kernel
3348edd8	clk_mux_ops	vmlinux	kernel
b74e5c29	clk_mux_ro_ops	vmlinux	kernel
60091316	clk_notifier_register	vmlinux	REQUIRED
719e17ff	clk_notifier_unregister	vmlinux	REQUIRED
7c9a7371	clk_prepare	vmlinux	REQUIRED
2e1ca751	clk_put	vmlinux	REQUIRED
584b0b18	clk_register	vmlinux	REQUIRED
c9822234	clk_register_clkdev	vmlinux	kernel
f591b225	clk_register_composite	vmlinux	kernel
2093f4dd	clk_register_divider_table	vmlinux	kernel
f4e26a8a	clk_register_fixed_factor	vmlinux	kernel
1594f658	clk_register_fixed_rate	vmlinux	kernel
92295424	clk_register_gate	vmlinux	kernel
556d2606	clk_register_mux_table	vmlinux	kernel
43f81957	clk_round_rate	vmlinux	REQUIRED
665e92a0	clk_set_duty_cycle	vmlinux	kernel
2396c7f0	clk_set_parent	vmlinux	REQUIRED
b7329c06	clk_set_phase	vmlinux	kernel
76d9b876	clk_set_rate	vmlinux	REQUIRED
266dca8b	clk_sync_state	vmlinux	kernel
b077e70a	clk_unprepare	vmlinux	REQUIRED
7757b51a	clk_unregister	vmlinux	kernel
449dcecb	clockevents_config_and_register	vmlinux	kernel
62bb09bf	clocks_calc_mult_shift	vmlinux	kernel
753ddda6	clocksource_mmio_init	vmlinux	kernel
7e2d52b0	clocksource_mmio_readl_up	vmlinux	kernel
164ae8be	close_candev	vmlinux	kernel
6e17861c	cma_alloc	vmlinux	kernel
86d07c22	cma_for_each_area	vmlinux	kernel
507151bb	cma_get_name	vmlinux	REQUIRED
a00ed463	cma_release	vmlinux	kernel
bffde8ec	compat_alloc_user_space	vmlinux	REQUIRED
67a51fe5	compat_only_sysfs_link_entry_to_kobj	vmlinux	kernel
bbbd99d5	compat_ptr_ioctl	vmlinux	REQUIRED
a6257a2f	complete	vmlinux	REQUIRED
93d6dd8c	complete_all	vmlinux	REQUIRED
26cc73c3	complete_and_exit	vmlinux	REQUIRED
ddf6ad7a	completion_done	vmlinux	REQUIRED
a76d9111	component_add	vmlinux	REQUIRED
6bd9a214	component_add_typed	vmlinux	kernel
ecf2f2c3	component_bind_all	vmlinux	REQUIRED
8a44ba45	component_del	vmlinux	REQUIRED
de57ffe2	component_master_add_with_match	vmlinux	REQUIRED
5b2a7703	component_master_del	vmlinux	REQUIRED
dc8a5b30	component_match_add_release	vmlinux	REQUIRED
88e23131	component_match_add_typed	vmlinux	kernel
9178093b	component_unbind_all	vmlinux	REQUIRED
49e96999	cond_synchronize_rcu	vmlinux	kernel
db09248f	config_ep_by_speed	vmlinux	REQUIRED
1e2876a2	config_group_init	vmlinux	REQUIRED
abedbe94	config_group_init_type_name	vmlinux	REQUIRED
c126a3fe	config_item_get	vmlinux	REQUIRED
74396437	config_item_put	vmlinux	REQUIRED
c4eb3fbe	configfs_register_subsystem	vmlinux	REQUIRED
b1a706cc	configfs_unregister_subsystem	vmlinux	REQUIRED
64999478	congestion_wait	vmlinux	kernel
04822584	console_drivers	vmlinux	kernel
fbaaf01e	console_lock	vmlinux	kernel
2592fc6c	console_printk	vmlinux	REQUIRED
581b212b	console_stop	vmlinux	kernel
0366307a	console_suspend_enabled	vmlinux	kernel
40d04664	console_trylock	vmlinux	kernel
c631580a	console_unlock	vmlinux	kernel
dc88620f	consume_skb	vmlinux	REQUIRED
a714dd23	contig_page_data	vmlinux	REQUIRED
4531ab62	copy_from_kernel_nofault	vmlinux	kernel
4d0d163d	copy_page	vmlinux	kernel
342a2354	copy_to_user_fromio	vmlinux	kernel
d994ecee	cpu_all_bits	vmlinux	kernel
62ad2053	cpu_bit_bitmap	vmlinux	REQUIRED
41237f71	cpu_have_feature	vmlinux	kernel
4d0015e2	cpu_hotplug_disable	vmlinux	kernel
f6c8dc62	cpu_hotplug_enable	vmlinux	kernel
ec2fc692	cpu_hwcap_keys	vmlinux	REQUIRED
8b9f70c7	cpu_hwcaps	vmlinux	REQUIRED
54023c4e	cpu_irqtime	vmlinux	kernel
2ebe3135	cpu_is_hotpluggable	vmlinux	kernel
589e1a22	cpu_latency_qos_add_request	vmlinux	REQUIRED
3aaa15b2	cpu_latency_qos_remove_request	vmlinux	REQUIRED
7537226a	cpu_latency_qos_request_active	vmlinux	REQUIRED
dc528096	cpu_latency_qos_update_request	vmlinux	REQUIRED
3465caa3	cpu_maps_update_begin	vmlinux	kernel
7f62a045	cpu_maps_update_done	vmlinux	kernel
7a2af7b4	cpu_number	vmlinux	REQUIRED
444f1735	cpu_pm_register_notifier	vmlinux	REQUIRED
4f98d766	cpu_pm_unregister_notifier	vmlinux	REQUIRED
014e8186	cpu_scale	vmlinux	REQUIRED
bcb22632	cpu_subsys	vmlinux	REQUIRED
7281ec27	cpu_topology	vmlinux	REQUIRED
1403ad09	cpufreq_add_update_util_hook	vmlinux	kernel
5a36e80e	cpufreq_cooling_unregister	vmlinux	kernel
efeb0f57	cpufreq_cpu_get	vmlinux	REQUIRED
fd2aed80	cpufreq_cpu_get_raw	vmlinux	kernel
7557e528	cpufreq_cpu_put	vmlinux	REQUIRED
9f006ac0	cpufreq_dbs_governor_exit	vmlinux	kernel
dc7d6823	cpufreq_dbs_governor_init	vmlinux	kernel
3a4c16b9	cpufreq_dbs_governor_limits	vmlinux	kernel
4393f881	cpufreq_dbs_governor_start	vmlinux	kernel
ba566982	cpufreq_dbs_governor_stop	vmlinux	kernel
dcd38056	cpufreq_disable_fast_switch	vmlinux	kernel
db9bd4cb	cpufreq_driver_fast_switch	vmlinux	kernel
2ddef6c8	cpufreq_driver_resolve_freq	vmlinux	kernel
ab859e26	cpufreq_driver_target	vmlinux	kernel
f30a5502	cpufreq_enable_boost_support	vmlinux	kernel
dd59e714	cpufreq_enable_fast_switch	vmlinux	kernel
af27c791	cpufreq_freq_attr_scaling_available_freqs	vmlinux	kernel
32f984c1	cpufreq_freq_attr_scaling_boost_freqs	vmlinux	kernel
39941e6f	cpufreq_freq_transition_begin	vmlinux	kernel
eefbdf15	cpufreq_freq_transition_end	vmlinux	kernel
795d10f3	cpufreq_frequency_table_get_index	vmlinux	kernel
ec774acb	cpufreq_frequency_table_verify	vmlinux	kernel
25ac6def	cpufreq_generic_attr	vmlinux	kernel
c289e46d	cpufreq_generic_frequency_table_verify	vmlinux	kernel
ba2b7f64	cpufreq_generic_get	vmlinux	kernel
17023bbf	cpufreq_generic_suspend	vmlinux	kernel
9305f8e6	cpufreq_get	vmlinux	kernel
553b49a4	cpufreq_get_driver_data	vmlinux	kernel
60f6c24a	cpufreq_get_policy	vmlinux	REQUIRED
e239a5e7	cpufreq_policy_transition_delay_us	vmlinux	kernel
7c46233a	cpufreq_quick_get	vmlinux	kernel
33f0768c	cpufreq_quick_get_max	vmlinux	REQUIRED
fad536a0	cpufreq_register_driver	vmlinux	kernel
54f8f775	cpufreq_register_governor	vmlinux	kernel
65d9e877	cpufreq_register_notifier	vmlinux	REQUIRED
3192d768	cpufreq_remove_update_util_hook	vmlinux	kernel
c2150547	cpufreq_table_index_unsorted	vmlinux	kernel
c8cb09cb	cpufreq_this_cpu_can_update	vmlinux	kernel
8e4dfc1c	cpufreq_unregister_driver	vmlinux	kernel
c0d77202	cpufreq_unregister_governor	vmlinux	kernel
6214aef2	cpufreq_unregister_notifier	vmlinux	REQUIRED
816a41ca	cpufreq_update_limits	vmlinux	kernel
c37f9c6e	cpufreq_update_policy	vmlinux	kernel
d63eac6a	cpufreq_update_util_data	vmlinux	kernel
4507f4a8	cpuhp_tasks_frozen	vmlinux	kernel
4a5d0307	cpuidle_driver_state_disabled	vmlinux	kernel
798d3949	cpuidle_get_cpu_driver	vmlinux	kernel
6de5ca17	cpuidle_get_driver	vmlinux	kernel
c319717f	cpuidle_governor_latency_req	vmlinux	REQUIRED
f553318d	cpuidle_pause_and_lock	vmlinux	kernel
29be034b	cpuidle_register_governor	vmlinux	REQUIRED
cabe04de	cpuidle_resume_and_unlock	vmlinux	kernel
83928ce0	cpumask_any_but	vmlinux	kernel
92ad1db9	cpumask_next	vmlinux	REQUIRED
4445ab21	cpumask_next_and	vmlinux	REQUIRED
233eb8eb	cpumask_next_wrap	vmlinux	kernel
ffd2879f	cpupri_find_fitness	vmlinux	kernel
a04f945a	cpus_read_lock	vmlinux	REQUIRED
18fb2caf	cpus_read_unlock	vmlinux	REQUIRED
76bc82e1	cpuset_cpus_allowed	vmlinux	kernel
bd6841d4	crc16	vmlinux	kernel
4df02057	crc32_be	vmlinux	kernel
69dd3b5b	crc32_le	vmlinux	REQUIRED
e2aae5cc	crc8	vmlinux	REQUIRED
aa8106bc	crc8_populate_msb	vmlinux	REQUIRED
0d7859e6	create_empty_buffers	vmlinux	kernel
779a7b20	create_function_device	vmlinux	kernel
9c9a3b33	crypto_aead_decrypt	vmlinux	kernel
1306f7ab	crypto_aead_encrypt	vmlinux	REQUIRED
25fdb1f7	crypto_aead_setauthsize	vmlinux	REQUIRED
4513d353	crypto_aead_setkey	vmlinux	REQUIRED
a84ce9e0	crypto_aes_inv_sbox	vmlinux	kernel
d9d952d1	crypto_aes_sbox	vmlinux	kernel
0cec2d7b	crypto_aes_set_key	vmlinux	kernel
06c8eec5	crypto_ahash_digest	vmlinux	kernel
5fc9b0c4	crypto_ahash_final	vmlinux	kernel
cb90c326	crypto_ahash_finup	vmlinux	kernel
29472881	crypto_ahash_setkey	vmlinux	kernel
457594fa	crypto_alg_list	vmlinux	kernel
fc86f5f9	crypto_alg_mod_lookup	vmlinux	kernel
edac5f42	crypto_alg_sem	vmlinux	kernel
cf8e5211	crypto_alloc_aead	vmlinux	REQUIRED
2f890773	crypto_alloc_ahash	vmlinux	kernel
e4f54e22	crypto_alloc_akcipher	vmlinux	kernel
bb720070	crypto_alloc_base	vmlinux	REQUIRED
95788214	crypto_alloc_rng	vmlinux	kernel
714c001e	crypto_alloc_shash	vmlinux	REQUIRED
9b78c94c	crypto_alloc_skcipher	vmlinux	REQUIRED
06a76457	crypto_alloc_sync_skcipher	vmlinux	kernel
9a11a0fc	crypto_attr_alg_name	vmlinux	kernel
4934bdd0	crypto_check_attr_type	vmlinux	kernel
0305d0cc	crypto_cipher_decrypt_one	vmlinux	kernel
10778e6b	crypto_cipher_encrypt_one	vmlinux	kernel
bf592b9f	crypto_cipher_setkey	vmlinux	kernel
a5028ec1	crypto_comp_compress	vmlinux	REQUIRED
23431639	crypto_comp_decompress	vmlinux	REQUIRED
4ba5f6fb	crypto_dequeue_request	vmlinux	kernel
77b204ab	crypto_destroy_tfm	vmlinux	REQUIRED
94017554	crypto_drop_spawn	vmlinux	kernel
b1d5ac86	crypto_enqueue_request	vmlinux	kernel
1a10c32b	crypto_ft_tab	vmlinux	kernel
d9444e8e	crypto_get_default_null_skcipher	vmlinux	kernel
afc432ef	crypto_grab_aead	vmlinux	kernel
24d7f2f7	crypto_grab_ahash	vmlinux	kernel
a4cef975	crypto_grab_shash	vmlinux	kernel
f1b96a7d	crypto_grab_skcipher	vmlinux	kernel
64f5aa1f	crypto_grab_spawn	vmlinux	kernel
951a2773	crypto_has_alg	vmlinux	REQUIRED
3ef051c8	crypto_inc	vmlinux	kernel
499043d3	crypto_init_queue	vmlinux	kernel
85ac2aa9	crypto_inst_setname	vmlinux	kernel
56054c05	crypto_it_tab	vmlinux	kernel
21cd536a	crypto_put_default_null_skcipher	vmlinux	kernel
05c6f36e	crypto_register_aead	vmlinux	kernel
992ab5ac	crypto_register_aeads	vmlinux	kernel
89a16782	crypto_register_ahash	vmlinux	kernel
da699b4a	crypto_register_ahashes	vmlinux	kernel
7628fdfb	crypto_register_akcipher	vmlinux	kernel
e35cab54	crypto_register_alg	vmlinux	REQUIRED
dc7e4244	crypto_register_algs	vmlinux	kernel
447c21c0	crypto_register_rng	vmlinux	kernel
681f4d3c	crypto_register_rngs	vmlinux	REQUIRED
36977ae6	crypto_register_scomp	vmlinux	REQUIRED
eb71fe8c	crypto_register_shash	vmlinux	kernel
0fbff6d5	crypto_register_shashes	vmlinux	kernel
1c9e9486	crypto_register_skcipher	vmlinux	kernel
f3d5700f	crypto_register_skciphers	vmlinux	kernel
1221b5b9	crypto_register_template	vmlinux	kernel
37b1fb13	crypto_register_templates	vmlinux	kernel
3de9cae1	crypto_remove_final	vmlinux	kernel
d67da8e5	crypto_remove_spawns	vmlinux	kernel
3a1d8d5c	crypto_req_done	vmlinux	kernel
a93f078f	crypto_rng_reset	vmlinux	kernel
bde1dcc8	crypto_sha1_finup	vmlinux	kernel
e516ffe1	crypto_sha1_update	vmlinux	kernel
e24766ba	crypto_shash_alg_has_setkey	vmlinux	kernel
bb92ee9b	crypto_shash_digest	vmlinux	kernel
18115c4c	crypto_shash_final	vmlinux	REQUIRED
013300b3	crypto_shash_finup	vmlinux	kernel
6e7e1d3c	crypto_shash_setkey	vmlinux	REQUIRED
d9edc4dd	crypto_shash_tfm_digest	vmlinux	kernel
4d2d32e1	crypto_shash_update	vmlinux	REQUIRED
d5f7efde	crypto_skcipher_decrypt	vmlinux	REQUIRED
3446b42a	crypto_skcipher_encrypt	vmlinux	REQUIRED
44461210	crypto_skcipher_setkey	vmlinux	REQUIRED
4270ebbc	crypto_spawn_tfm	vmlinux	kernel
ce0b26d7	crypto_spawn_tfm2	vmlinux	kernel
d2ab2207	crypto_unregister_aead	vmlinux	kernel
87f0be17	crypto_unregister_ahash	vmlinux	kernel
efe1696c	crypto_unregister_akcipher	vmlinux	kernel
015e337f	crypto_unregister_alg	vmlinux	REQUIRED
e64761df	crypto_unregister_algs	vmlinux	kernel
e09f55eb	crypto_unregister_rng	vmlinux	kernel
986b5cd0	crypto_unregister_rngs	vmlinux	REQUIRED
8e4c29fc	crypto_unregister_scomp	vmlinux	REQUIRED
4d9a3798	crypto_unregister_shash	vmlinux	kernel
2d2f922b	crypto_unregister_shashes	vmlinux	kernel
bc7205df	crypto_unregister_skcipher	vmlinux	kernel
33ed2a56	crypto_unregister_skciphers	vmlinux	kernel
d037b854	crypto_unregister_template	vmlinux	kernel
dabc6bb5	crypto_unregister_templates	vmlinux	kernel
c84ca822	css_next_child	vmlinux	kernel
a073b9e2	css_next_descendant_pre	vmlinux	kernel
4d65cbd5	csum_ipv6_magic	vmlinux	REQUIRED
e113bbbc	csum_partial	vmlinux	REQUIRED
d25bc5d4	csum_tcpudp_nofold	vmlinux	REQUIRED
a2fccd3e	current_time	vmlinux	kernel
5e95b1cd	current_umask	vmlinux	kernel
d75ee543	current_work	vmlinux	kernel
ef8c6668	d_add	vmlinux	kernel
68879911	d_add_ci	vmlinux	kernel
342dee4e	d_alloc_name	vmlinux	kernel
4a7bc56f	d_delete	vmlinux	kernel
ca0e893f	d_find_alias	vmlinux	kernel
ab32ff3f	d_instantiate	vmlinux	kernel
4851a13c	d_instantiate_new	vmlinux	kernel
bc92f0f4	d_invalidate	vmlinux	kernel
8a1505cf	d_make_root	vmlinux	kernel
c82e9736	d_obtain_alias	vmlinux	kernel
2e72ceb5	d_path	vmlinux	kernel
b89ac228	d_splice_alias	vmlinux	kernel
aa01ceae	d_tmpfile	vmlinux	kernel
509722cc	dapm_clock_event	vmlinux	kernel
789c642f	dapm_kcontrol_get_value	vmlinux	kernel
a5bbfa59	dapm_pinctrl_event	vmlinux	kernel
5e67cb12	dapm_regulator_event	vmlinux	kernel
23ece91d	datagram_poll	vmlinux	kernel
f9aee372	dbs_update	vmlinux	kernel
0074c7c4	deactivate_locked_super	vmlinux	REQUIRED
3d03b2a4	deactivate_task	vmlinux	kernel
c575c737	debug_locks_off	vmlinux	kernel
f5d4b2b1	debugfs_attr_read	vmlinux	REQUIRED
db54a67d	debugfs_attr_write	vmlinux	REQUIRED
8136f3f9	debugfs_create_atomic_t	vmlinux	REQUIRED
4bcf014b	debugfs_create_blob	vmlinux	REQUIRED
03c62daf	debugfs_create_bool	vmlinux	REQUIRED
b1908a6f	debugfs_create_devm_seqfile	vmlinux	kernel
82b308e8	debugfs_create_dir	vmlinux	REQUIRED
63ef7ca7	debugfs_create_file	vmlinux	REQUIRED
3d73c60e	debugfs_create_file_size	vmlinux	kernel
83d81adc	debugfs_create_file_unsafe	vmlinux	REQUIRED
0f23eda3	debugfs_create_regset32	vmlinux	kernel
310bfc86	debugfs_create_size_t	vmlinux	kernel
a47da9dd	debugfs_create_symlink	vmlinux	REQUIRED
a048334f	debugfs_create_u16	vmlinux	REQUIRED
4bef7eba	debugfs_create_u32	vmlinux	REQUIRED
d7f2224d	debugfs_create_u64	vmlinux	REQUIRED
a08f8b1c	debugfs_create_u8	vmlinux	REQUIRED
5509009c	debugfs_create_ulong	vmlinux	REQUIRED
267ac629	debugfs_create_x32	vmlinux	REQUIRED
ba679ade	debugfs_create_x64	vmlinux	REQUIRED
4ec1d5bb	debugfs_create_x8	vmlinux	REQUIRED
ab670461	debugfs_file_get	vmlinux	kernel
163fc54c	debugfs_file_put	vmlinux	kernel
299f72da	debugfs_lookup	vmlinux	REQUIRED
7aaceb27	debugfs_print_regs32	vmlinux	kernel
5243bc7e	debugfs_remove	vmlinux	REQUIRED
2d83714e	debugfs_rename	vmlinux	kernel
ae15f73e	dec_zone_page_state	vmlinux	REQUIRED
feea81cb	default_llseek	vmlinux	REQUIRED
aad8c7d6	default_wake_function	vmlinux	kernel
e730994c	deferred_free	vmlinux	kernel
e3e8ddf2	del_gendisk	vmlinux	REQUIRED
7578b4c8	del_random_ready_callback	vmlinux	kernel
aa4008af	del_timer	vmlinux	REQUIRED
f15e728e	del_timer_sync	vmlinux	REQUIRED
253af43d	delayed_work_timer_fn	vmlinux	REQUIRED
4cdafe55	delete_from_page_cache	vmlinux	kernel
27a429f2	dentry_path_raw	vmlinux	kernel
a8fb743d	des_expand_key	vmlinux	kernel
e3a4b762	desc_to_gpio	vmlinux	REQUIRED
8c03d20c	destroy_workqueue	vmlinux	REQUIRED
6dfd7d3c	dev_alloc_name	vmlinux	REQUIRED
a5976e4f	dev_base_lock	vmlinux	kernel
df57e2aa	dev_change_flags	vmlinux	kernel
5e67ce0f	dev_change_net_namespace	vmlinux	kernel
c0ace41f	dev_close	vmlinux	kernel
f7ac4e77	dev_coredumpm	vmlinux	REQUIRED
6080deff	dev_coredumpv	vmlinux	REQUIRED
4fdece8c	dev_driver_string	vmlinux	REQUIRED
8949766d	dev_err_probe	vmlinux	REQUIRED
21ce3ed1	dev_fetch_sw_netstats	vmlinux	kernel
56a118a1	dev_fwnode	vmlinux	REQUIRED
f0549a82	dev_get_by_index	vmlinux	kernel
e81e4e9b	dev_get_by_name	vmlinux	REQUIRED
a912bae3	dev_get_by_name_rcu	vmlinux	REQUIRED
0c850f9a	dev_get_regmap	vmlinux	REQUIRED
5070cbcf	dev_get_stats	vmlinux	kernel
c1dcbb2c	dev_mc_sync_multiple	vmlinux	REQUIRED
62acf4df	dev_mc_unsync	vmlinux	REQUIRED
fd73ba32	dev_open	vmlinux	REQUIRED
09f4e7ef	dev_pm_clear_wake_irq	vmlinux	kernel
305fe032	dev_pm_domain_attach	vmlinux	kernel
8c622969	dev_pm_domain_attach_by_id	vmlinux	kernel
d729ba52	dev_pm_domain_attach_by_name	vmlinux	REQUIRED
247f853b	dev_pm_domain_detach	vmlinux	REQUIRED
68d5114b	dev_pm_genpd_add_notifier	vmlinux	REQUIRED
99bef70b	dev_pm_genpd_remove_notifier	vmlinux	REQUIRED
1b30e590	dev_pm_genpd_set_next_wakeup	vmlinux	REQUIRED
580b25f3	dev_pm_genpd_set_performance_state	vmlinux	REQUIRED
ca9125a9	dev_pm_opp_add	vmlinux	REQUIRED
cdbc2c81	dev_pm_opp_adjust_voltage	vmlinux	kernel
ff4b0bb4	dev_pm_opp_disable	vmlinux	kernel
21e3c004	dev_pm_opp_enable	vmlinux	kernel
59b90419	dev_pm_opp_find_freq_ceil	vmlinux	REQUIRED
f31b0f59	dev_pm_opp_find_freq_ceil_by_volt	vmlinux	kernel
939664ee	dev_pm_opp_find_freq_exact	vmlinux	REQUIRED
7604f3ff	dev_pm_opp_find_freq_floor	vmlinux	REQUIRED
9a2ec237	dev_pm_opp_free_cpufreq_table	vmlinux	kernel
c3424a7c	dev_pm_opp_get_freq	vmlinux	kernel
dfac9e0c	dev_pm_opp_get_level	vmlinux	kernel
38081b9b	dev_pm_opp_get_max_transition_latency	vmlinux	kernel
bb35711e	dev_pm_opp_get_opp_count	vmlinux	REQUIRED
680cd545	dev_pm_opp_get_opp_table	vmlinux	kernel
a382bd59	dev_pm_opp_get_sharing_cpus	vmlinux	kernel
da5572b1	dev_pm_opp_get_suspend_opp_freq	vmlinux	kernel
4d9ba879	dev_pm_opp_get_voltage	vmlinux	REQUIRED
4f05a746	dev_pm_opp_init_cpufreq_table	vmlinux	kernel
78e27b3f	dev_pm_opp_of_add_table	vmlinux	REQUIRED
47d458c0	dev_pm_opp_of_add_table_indexed	vmlinux	kernel
8cf281e7	dev_pm_opp_of_cpumask_add_table	vmlinux	kernel
6ded56d3	dev_pm_opp_of_cpumask_remove_table	vmlinux	kernel
752d5443	dev_pm_opp_of_find_icc_paths	vmlinux	REQUIRED
933261cc	dev_pm_opp_of_get_sharing_cpus	vmlinux	kernel
fb4b74d4	dev_pm_opp_of_register_em	vmlinux	kernel
7d69d0b2	dev_pm_opp_of_remove_table	vmlinux	REQUIRED
e695dd5e	dev_pm_opp_put	vmlinux	REQUIRED
57ff9b8d	dev_pm_opp_put_clkname	vmlinux	REQUIRED
74c12cec	dev_pm_opp_put_opp_table	vmlinux	kernel
3cbc7257	dev_pm_opp_put_prop_name	vmlinux	kernel
130c2d49	dev_pm_opp_put_regulators	vmlinux	kernel
4bdda8fc	dev_pm_opp_put_supported_hw	vmlinux	kernel
a570cc96	dev_pm_opp_register_notifier	vmlinux	kernel
160848ed	dev_pm_opp_register_set_opp_helper	vmlinux	kernel
ce2ad915	dev_pm_opp_remove	vmlinux	kernel
58d2164f	dev_pm_opp_remove_all_dynamic	vmlinux	kernel
ee324f7f	dev_pm_opp_set_bw	vmlinux	kernel
808c3e51	dev_pm_opp_set_clkname	vmlinux	REQUIRED
eaad849d	dev_pm_opp_set_prop_name	vmlinux	kernel
49f9212d	dev_pm_opp_set_rate	vmlinux	REQUIRED
c7f3109f	dev_pm_opp_set_regulators	vmlinux	kernel
3ef005c1	dev_pm_opp_set_sharing_cpus	vmlinux	kernel
8bb55a18	dev_pm_opp_set_supported_hw	vmlinux	kernel
155165e7	dev_pm_opp_unregister_notifier	vmlinux	kernel
a40a4d1a	dev_pm_opp_unregister_set_opp_helper	vmlinux	kernel
d4bf9547	dev_pm_qos_add_notifier	vmlinux	REQUIRED
66e2a4b9	dev_pm_qos_add_request	vmlinux	REQUIRED
8b807645	dev_pm_qos_expose_latency_tolerance	vmlinux	kernel
d3fc7342	dev_pm_qos_hide_latency_tolerance	vmlinux	kernel
6d34f6c4	dev_pm_qos_read_value	vmlinux	kernel
f8bebc9d	dev_pm_qos_remove_notifier	vmlinux	REQUIRED
c866d6b8	dev_pm_qos_remove_request	vmlinux	REQUIRED
fe313071	dev_pm_qos_update_request	vmlinux	REQUIRED
c9b16216	dev_pm_qos_update_user_latency_tolerance	vmlinux	kernel
4958a1e0	dev_pm_set_dedicated_wake_irq	vmlinux	kernel
76808f6d	dev_pm_set_wake_irq	vmlinux	kernel
a2ef36e7	dev_printk	vmlinux	REQUIRED
f765f21a	dev_printk_emit	vmlinux	kernel
fd08e9b6	dev_queue_xmit	vmlinux	REQUIRED
bb4c2efa	dev_set_mac_address	vmlinux	kernel
09f5163d	dev_set_mtu	vmlinux	REQUIRED
b02b15cb	dev_set_name	vmlinux	REQUIRED
599895d2	dev_to_i3cdev	vmlinux	kernel
bc751942	dev_uc_sync_multiple	vmlinux	REQUIRED
bd09cd07	dev_uc_unsync	vmlinux	REQUIRED
773c76ec	dev_vprintk_emit	vmlinux	kernel
f38bac94	devfreq_add_device	vmlinux	REQUIRED
273f2dc0	devfreq_add_governor	vmlinux	REQUIRED
b2a916bd	devfreq_cooling_unregister	vmlinux	REQUIRED
e73518fe	devfreq_event_disable_edev	vmlinux	kernel
b723f5e0	devfreq_event_enable_edev	vmlinux	kernel
324c4492	devfreq_event_get_edev_by_phandle	vmlinux	kernel
c7382d02	devfreq_event_get_edev_count	vmlinux	kernel
f8386da6	devfreq_event_get_event	vmlinux	kernel
df603074	devfreq_get_devfreq_by_node	vmlinux	REQUIRED
c4d3b5fc	devfreq_get_devfreq_by_phandle	vmlinux	kernel
51d51cf8	devfreq_monitor_resume	vmlinux	kernel
3045fff7	devfreq_monitor_start	vmlinux	kernel
686cae55	devfreq_monitor_stop	vmlinux	kernel
3d3a3229	devfreq_monitor_suspend	vmlinux	kernel
d833d7d8	devfreq_recommended_opp	vmlinux	kernel
be47859c	devfreq_register_opp_notifier	vmlinux	kernel
0b254b19	devfreq_remove_device	vmlinux	REQUIRED
facf0a52	devfreq_remove_governor	vmlinux	REQUIRED
c613de72	devfreq_resume_device	vmlinux	REQUIRED
2f1b4959	devfreq_suspend_device	vmlinux	REQUIRED
c42c8547	devfreq_unregister_opp_notifier	vmlinux	kernel
50367c59	devfreq_update_interval	vmlinux	kernel
6cd6b72e	device_add	vmlinux	REQUIRED
e15f3633	device_add_disk	vmlinux	REQUIRED
7861be68	device_add_groups	vmlinux	REQUIRED
2545799c	device_attach	vmlinux	kernel
aafc48b2	device_bind_driver	vmlinux	kernel
20f92f09	device_create	vmlinux	REQUIRED
e42c7c42	device_create_bin_file	vmlinux	kernel
e3aa3619	device_create_file	vmlinux	REQUIRED
0053616f	device_create_with_groups	vmlinux	REQUIRED
68b544a3	device_del	vmlinux	REQUIRED
a15d438d	device_destroy	vmlinux	REQUIRED
bffabe6e	device_find_child	vmlinux	REQUIRED
cc179d8b	device_for_each_child	vmlinux	REQUIRED
f6a0b021	device_get_child_node_count	vmlinux	kernel
906fc9c7	device_get_dma_attr	vmlinux	kernel
427f37af	device_get_mac_address	vmlinux	kernel
911620d9	device_get_match_data	vmlinux	REQUIRED
bcda628e	device_get_named_child_node	vmlinux	kernel
78214f53	device_get_next_child_node	vmlinux	kernel
026ac026	device_get_phy_mode	vmlinux	kernel
6994009e	device_init_wakeup	vmlinux	REQUIRED
fcf513bb	device_initialize	vmlinux	REQUIRED
092babff	device_link_add	vmlinux	REQUIRED
68426428	device_link_del	vmlinux	kernel
2b61e2af	device_link_remove	vmlinux	kernel
79da462d	device_match_fwnode	vmlinux	REQUIRED
6e31c083	device_match_name	vmlinux	REQUIRED
f94d4be4	device_match_of_node	vmlinux	kernel
ce216acb	device_node_to_regmap	vmlinux	kernel
70bcd326	device_property_present	vmlinux	REQUIRED
73fee19d	device_property_read_string	vmlinux	REQUIRED
57ec862f	device_property_read_string_array	vmlinux	kernel
4387b220	device_property_read_u16_array	vmlinux	kernel
3e7bc22f	device_property_read_u32_array	vmlinux	REQUIRED
2e35c583	device_property_read_u8_array	vmlinux	kernel
bd9d04d2	device_register	vmlinux	REQUIRED
a0eceb3a	device_release_driver	vmlinux	kernel
3a7df179	device_remove_bin_file	vmlinux	kernel
164eb7f6	device_remove_file	vmlinux	REQUIRED
dd2d32d4	device_remove_file_self	vmlinux	kernel
aa38896e	device_remove_groups	vmlinux	kernel
1bcd693c	device_rename	vmlinux	kernel
5ca6b646	device_set_of_node_from_dev	vmlinux	kernel
c21e7942	device_set_wakeup_capable	vmlinux	REQUIRED
06e335cc	device_set_wakeup_enable	vmlinux	kernel
9058aa74	device_show_bool	vmlinux	kernel
e0805cf5	device_show_int	vmlinux	REQUIRED
e713fbf0	device_store_bool	vmlinux	kernel
3d8fff49	device_store_int	vmlinux	REQUIRED
4c863dd4	device_unregister	vmlinux	REQUIRED
3182d70d	device_wakeup_disable	vmlinux	REQUIRED
c190da6c	device_wakeup_enable	vmlinux	kernel
a4c9b678	devm_add_action	vmlinux	REQUIRED
bd41b1ab	devm_alloc_etherdev_mqs	vmlinux	kernel
e894a6e4	devm_backlight_device_register	vmlinux	kernel
dc2887c6	devm_backlight_device_unregister	vmlinux	kernel
85c9e5c2	devm_blk_ksm_init	vmlinux	kernel
98b6363b	devm_clk_bulk_get	vmlinux	REQUIRED
ba3f0ae2	devm_clk_bulk_get_all	vmlinux	REQUIRED
7d75dacf	devm_clk_bulk_get_optional	vmlinux	kernel
36d574de	devm_clk_get	vmlinux	REQUIRED
18c817ed	devm_clk_get_optional	vmlinux	REQUIRED
2b70a8f9	devm_clk_hw_register	vmlinux	kernel
045b60d5	devm_clk_hw_register_clkdev	vmlinux	kernel
62aa2ae0	devm_clk_put	vmlinux	REQUIRED
fba8befb	devm_clk_register	vmlinux	REQUIRED
a11123ba	devm_devfreq_add_device	vmlinux	kernel
3054cdd5	devm_devfreq_event_add_edev	vmlinux	kernel
01054639	devm_devfreq_register_notifier	vmlinux	kernel
9bc08c7f	devm_devfreq_register_opp_notifier	vmlinux	kernel
4d73b869	devm_devfreq_remove_device	vmlinux	kernel
de51fdbf	devm_devfreq_unregister_notifier	vmlinux	kernel
71021beb	devm_device_add_group	vmlinux	REQUIRED
1170bcca	devm_device_add_groups	vmlinux	kernel
f2e7791e	devm_device_remove_group	vmlinux	REQUIRED
e010eaad	devm_drm_panel_bridge_add	vmlinux	kernel
fcd77b13	devm_drm_panel_bridge_add_typed	vmlinux	kernel
4ad3bb1e	devm_extcon_dev_allocate	vmlinux	REQUIRED
73940530	devm_extcon_dev_register	vmlinux	REQUIRED
6ddce08c	devm_extcon_dev_unregister	vmlinux	REQUIRED
a7ab16c4	devm_extcon_register_notifier	vmlinux	kernel
2269b80c	devm_free_irq	vmlinux	REQUIRED
618dcb6d	devm_free_percpu	vmlinux	kernel
489f8ea4	devm_fwnode_gpiod_get_index	vmlinux	kernel
08908fa5	devm_fwnode_pwm_get	vmlinux	kernel
dcbbade4	devm_gen_pool_create	vmlinux	kernel
31a0ef95	devm_get_clk_from_child	vmlinux	kernel
e47d7ebc	devm_get_free_pages	vmlinux	kernel
5abd3951	devm_gpio_free	vmlinux	REQUIRED
42f1b276	devm_gpio_request	vmlinux	REQUIRED
613844ff	devm_gpio_request_one	vmlinux	REQUIRED
030062a8	devm_gpiochip_add_data_with_key	vmlinux	kernel
2b64bf51	devm_gpiod_get	vmlinux	kernel
2ad78a61	devm_gpiod_get_array	vmlinux	kernel
7e37641e	devm_gpiod_get_index	vmlinux	kernel
401251e3	devm_gpiod_get_index_optional	vmlinux	kernel
00d96311	devm_gpiod_get_optional	vmlinux	REQUIRED
d825ff99	devm_gpiod_put	vmlinux	kernel
a177b3d3	devm_gpiod_put_array	vmlinux	kernel
f9f177af	devm_hwrng_register	vmlinux	kernel
5fee0220	devm_hwspin_lock_register	vmlinux	kernel
6ed2bdbe	devm_hwspin_lock_request_specific	vmlinux	kernel
94acda2b	devm_i2c_new_dummy_device	vmlinux	kernel
4c58767b	devm_iio_channel_get	vmlinux	REQUIRED
355bb534	devm_iio_channel_get_all	vmlinux	kernel
cf93e481	devm_iio_device_alloc	vmlinux	REQUIRED
3871fd85	devm_input_allocate_device	vmlinux	REQUIRED
1dc7fa5f	devm_ioremap	vmlinux	REQUIRED
33d29b07	devm_ioremap_resource	vmlinux	REQUIRED
7ac06062	devm_ioremap_wc	vmlinux	REQUIRED
de2e4fad	devm_iounmap	vmlinux	REQUIRED
3abb2eb4	devm_irq_alloc_generic_chip	vmlinux	kernel
c49f1802	devm_irq_setup_generic_chip	vmlinux	kernel
08ae120c	devm_kasprintf	vmlinux	REQUIRED
0d604c3f	devm_kfree	vmlinux	REQUIRED
08e2fd0c	devm_kmalloc	vmlinux	REQUIRED
68c058f2	devm_kmemdup	vmlinux	REQUIRED
7c6e27f3	devm_krealloc	vmlinux	kernel
bcf94680	devm_kstrdup	vmlinux	REQUIRED
74cd3234	devm_kstrdup_const	vmlinux	REQUIRED
34e8cde5	devm_kvasprintf	vmlinux	kernel
78e191fd	devm_led_classdev_register_ext	vmlinux	REQUIRED
6d4083fd	devm_led_classdev_unregister	vmlinux	kernel
285a2912	devm_mbox_controller_register	vmlinux	kernel
9442a11d	devm_mdiobus_alloc_size	vmlinux	kernel
2e4b5845	devm_memremap	vmlinux	kernel
40e625b5	devm_mfd_add_devices	vmlinux	kernel
6a1bbc61	devm_nvmem_cell_get	vmlinux	REQUIRED
cde59441	devm_nvmem_device_get	vmlinux	REQUIRED
0a35079c	devm_nvmem_register	vmlinux	REQUIRED
28f53e62	devm_of_clk_add_hw_provider	vmlinux	kernel
02dbfdcc	devm_of_icc_get	vmlinux	kernel
c4e03892	devm_of_iomap	vmlinux	kernel
fc660858	devm_of_mdiobus_register	vmlinux	kernel
a16c7917	devm_of_phy_get	vmlinux	kernel
42b7abe0	devm_of_phy_get_by_index	vmlinux	kernel
cf1001c0	devm_of_platform_populate	vmlinux	REQUIRED
8d795e56	devm_of_pwm_get	vmlinux	REQUIRED
6ede5728	devm_pci_alloc_host_bridge	vmlinux	REQUIRED
73e37e20	devm_pci_remap_cfg_resource	vmlinux	kernel
6797d82d	devm_phy_create	vmlinux	kernel
8016a6c4	devm_phy_get	vmlinux	kernel
0d1d7e13	devm_phy_optional_get	vmlinux	kernel
eb62bf4b	devm_phy_put	vmlinux	kernel
aa48f219	devm_pinctrl_get	vmlinux	REQUIRED
86f16c20	devm_pinctrl_put	vmlinux	REQUIRED
c0cb77dc	devm_pinctrl_register	vmlinux	REQUIRED
3aaaebf4	devm_pinctrl_register_and_init	vmlinux	kernel
58c8c88b	devm_platform_get_and_ioremap_resource	vmlinux	kernel
bbd62b47	devm_platform_ioremap_resource	vmlinux	REQUIRED
2723dd3b	devm_platform_ioremap_resource_byname	vmlinux	kernel
d760ae88	devm_power_supply_get_by_phandle	vmlinux	kernel
6f34f37a	devm_power_supply_register	vmlinux	REQUIRED
f2ab4faa	devm_pwm_get	vmlinux	kernel
e4a96fe9	devm_pwm_put	vmlinux	REQUIRED
7b0f7589	devm_rc_allocate_device	vmlinux	kernel
ebf37fd4	devm_rc_register_device	vmlinux	kernel
26b81f11	devm_register_netdev	vmlinux	kernel
fb323279	devm_regmap_add_irq_chip	vmlinux	REQUIRED
1cb2c300	devm_regmap_del_irq_chip	vmlinux	REQUIRED
bd12fd56	devm_regmap_field_alloc	vmlinux	kernel
d69f642a	devm_regmap_field_bulk_alloc	vmlinux	kernel
3f5dcc30	devm_regulator_bulk_get	vmlinux	REQUIRED
b7debf78	devm_regulator_get	vmlinux	REQUIRED
fae4f5ac	devm_regulator_get_exclusive	vmlinux	kernel
743dff5c	devm_regulator_get_optional	vmlinux	REQUIRED
337f7986	devm_regulator_put	vmlinux	REQUIRED
9212e3ba	devm_regulator_register	vmlinux	REQUIRED
c662d6aa	devm_regulator_register_notifier	vmlinux	REQUIRED
442fd9d5	devm_regulator_unregister_notifier	vmlinux	kernel
78be9ab9	devm_remove_action	vmlinux	kernel
0ad16f82	devm_request_any_context_irq	vmlinux	REQUIRED
fa8a5bb0	devm_request_threaded_irq	vmlinux	REQUIRED
bfa1035e	devm_reset_control_array_get	vmlinux	kernel
952c99e9	devm_reset_controller_register	vmlinux	kernel
6c0d5bab	devm_rproc_add	vmlinux	kernel
575a8d23	devm_rproc_alloc	vmlinux	kernel
2bedc5ef	devm_rtc_allocate_device	vmlinux	kernel
3614a710	devm_rtc_device_register	vmlinux	kernel
8eb8014d	devm_snd_dmaengine_pcm_register	vmlinux	kernel
9558ca00	devm_snd_soc_register_card	vmlinux	REQUIRED
7f902e84	devm_snd_soc_register_component	vmlinux	kernel
74165ec1	devm_spi_mem_dirmap_create	vmlinux	kernel
07f02af8	devm_spi_register_controller	vmlinux	kernel
70d8857d	devm_thermal_of_cooling_device_register	vmlinux	REQUIRED
ffee951c	devm_thermal_zone_of_sensor_register	vmlinux	REQUIRED
9055e62b	devm_thermal_zone_of_sensor_unregister	vmlinux	kernel
d648bc74	devm_usb_get_phy	vmlinux	kernel
5519bee0	devm_usb_get_phy_by_node	vmlinux	REQUIRED
4a0be389	devm_usb_get_phy_by_phandle	vmlinux	REQUIRED
56a6e251	devm_watchdog_register_device	vmlinux	kernel
215b8cfc	devres_add	vmlinux	REQUIRED
54915ecc	devres_alloc_node	vmlinux	REQUIRED
fc6a0503	devres_destroy	vmlinux	kernel
e93e49c3	devres_free	vmlinux	REQUIRED
f06d8a99	devres_release	vmlinux	REQUIRED
bd3fe1e3	disable_hardirq	vmlinux	kernel
3ce4ca6f	disable_irq	vmlinux	REQUIRED
27bbf221	disable_irq_nosync	vmlinux	REQUIRED
f21e1f9b	disable_percpu_irq	vmlinux	kernel
d878db6e	disk_end_io_acct	vmlinux	REQUIRED
71318dcd	disk_stack_limits	vmlinux	kernel
ad8f9fc2	disk_start_io_acct	vmlinux	REQUIRED
3b4c240a	display_timings_release	vmlinux	kernel
5e798ffb	divider_get_val	vmlinux	kernel
8486edbe	divider_recalc_rate	vmlinux	kernel
eb1fb02e	divider_ro_round_rate_parent	vmlinux	kernel
0e755f4a	divider_round_rate_parent	vmlinux	kernel
ff8e54c1	dma_alloc_attrs	vmlinux	REQUIRED
65d928a8	dma_alloc_noncoherent	vmlinux	REQUIRED
9a9dd4b1	dma_async_device_register	vmlinux	REQUIRED
3dbec7e0	dma_async_device_unregister	vmlinux	REQUIRED
23e1a5b7	dma_async_tx_descriptor_init	vmlinux	REQUIRED
23ce83ac	dma_buf_attach	vmlinux	REQUIRED
71f605a9	dma_buf_begin_cpu_access	vmlinux	REQUIRED
96ab14ac	dma_buf_begin_cpu_access_partial	vmlinux	REQUIRED
78ec79c1	dma_buf_detach	vmlinux	REQUIRED
c04f8cc2	dma_buf_dynamic_attach	vmlinux	kernel
d1764430	dma_buf_end_cpu_access	vmlinux	REQUIRED
8d3aa059	dma_buf_end_cpu_access_partial	vmlinux	REQUIRED
fb1bfabb	dma_buf_export	vmlinux	kernel
de32d214	dma_buf_fd	vmlinux	REQUIRED
6a6d5fb3	dma_buf_get	vmlinux	REQUIRED
02af4960	dma_buf_get_flags	vmlinux	REQUIRED
20d2f8c3	dma_buf_map_attachment	vmlinux	REQUIRED
35cdb5a6	dma_buf_mmap	vmlinux	kernel
5d86a400	dma_buf_move_notify	vmlinux	kernel
af2a0fae	dma_buf_pin	vmlinux	kernel
98c2b0fc	dma_buf_put	vmlinux	REQUIRED
0e1506dd	dma_buf_unmap_attachment	vmlinux	REQUIRED
9bdf67af	dma_buf_unpin	vmlinux	kernel
b6a444cd	dma_buf_vmap	vmlinux	REQUIRED
90a8a2dc	dma_buf_vunmap	vmlinux	REQUIRED
4fd950ed	dma_contiguous_default_area	vmlinux	kernel
8e21c9a1	dma_fence_add_callback	vmlinux	REQUIRED
03e713a5	dma_fence_array_create	vmlinux	REQUIRED
e03a689d	dma_fence_array_ops	vmlinux	REQUIRED
14605535	dma_fence_context_alloc	vmlinux	REQUIRED
350ea558	dma_fence_default_wait	vmlinux	REQUIRED
8d9ca0e6	dma_fence_enable_sw_signaling	vmlinux	REQUIRED
dd8166a1	dma_fence_free	vmlinux	REQUIRED
2e0b1deb	dma_fence_get_status	vmlinux	REQUIRED
013f26ae	dma_fence_get_stub	vmlinux	kernel
16dee44d	dma_fence_init	vmlinux	REQUIRED
acaa4c72	dma_fence_match_context	vmlinux	kernel
e123f3d9	dma_fence_release	vmlinux	REQUIRED
3b20fb95	dma_fence_remove_callback	vmlinux	REQUIRED
731c4a9c	dma_fence_signal	vmlinux	REQUIRED
3d02cd70	dma_fence_signal_locked	vmlinux	REQUIRED
8455e3a7	dma_fence_signal_timestamp_locked	vmlinux	REQUIRED
051d58e8	dma_fence_wait_any_timeout	vmlinux	kernel
98c039dc	dma_fence_wait_timeout	vmlinux	REQUIRED
9cb025a4	dma_free_attrs	vmlinux	REQUIRED
f67e7543	dma_free_noncoherent	vmlinux	REQUIRED
68c0b2bb	dma_get_merge_boundary	vmlinux	kernel
6369f072	dma_get_required_mask	vmlinux	kernel
1e0d911f	dma_get_sgtable_attrs	vmlinux	REQUIRED
1954c444	dma_get_slave_caps	vmlinux	kernel
bce531fc	dma_get_slave_channel	vmlinux	REQUIRED
eb4f0f24	dma_heap_add	vmlinux	kernel
76af8aef	dma_heap_buffer_alloc	vmlinux	REQUIRED
0711d5c6	dma_heap_buffer_free	vmlinux	REQUIRED
9ba677bf	dma_heap_bufferfd_alloc	vmlinux	kernel
eff75c0b	dma_heap_find	vmlinux	REQUIRED
7b7a1346	dma_heap_get_dev	vmlinux	kernel
f39b6569	dma_heap_get_drvdata	vmlinux	kernel
ed3a3cb3	dma_heap_get_name	vmlinux	kernel
067e2f47	dma_heap_put	vmlinux	kernel
020f420a	dma_map_page_attrs	vmlinux	REQUIRED
6be11a94	dma_map_resource	vmlinux	REQUIRED
90b51f72	dma_map_sg_attrs	vmlinux	REQUIRED
567f7d56	dma_max_mapping_size	vmlinux	kernel
29933d95	dma_mmap_attrs	vmlinux	REQUIRED
678b96ec	dma_pool_alloc	vmlinux	kernel
d14f14ff	dma_pool_create	vmlinux	kernel
b5aa7165	dma_pool_destroy	vmlinux	kernel
2f7754a8	dma_pool_free	vmlinux	kernel
67d55d75	dma_release_channel	vmlinux	REQUIRED
662c3c79	dma_request_chan	vmlinux	REQUIRED
16ca1fb4	dma_resv_add_excl_fence	vmlinux	kernel
7af7a3da	dma_resv_add_shared_fence	vmlinux	kernel
a07cba3a	dma_resv_fini	vmlinux	REQUIRED
9689ea43	dma_resv_get_fences_rcu	vmlinux	kernel
d48625a8	dma_resv_init	vmlinux	REQUIRED
130c991f	dma_resv_reserve_shared	vmlinux	kernel
2c1ad84c	dma_resv_test_signaled_rcu	vmlinux	kernel
47f0d9e4	dma_resv_wait_timeout_rcu	vmlinux	REQUIRED
0bca31aa	dma_run_dependencies	vmlinux	kernel
bdc9a589	dma_set_coherent_mask	vmlinux	REQUIRED
77561cbf	dma_set_mask	vmlinux	REQUIRED
a5aafd87	dma_sync_sg_for_cpu	vmlinux	kernel
0b175f0a	dma_sync_sg_for_device	vmlinux	REQUIRED
2441982e	dma_sync_single_for_cpu	vmlinux	REQUIRED
25386806	dma_sync_single_for_device	vmlinux	REQUIRED
581acbb4	dma_sync_wait	vmlinux	kernel
c30b6f92	dma_unmap_page_attrs	vmlinux	REQUIRED
2d7c2250	dma_unmap_resource	vmlinux	REQUIRED
335a4cc9	dma_unmap_sg_attrs	vmlinux	REQUIRED
98a4e351	dmabuf_page_pool_alloc	vmlinux	kernel
c7ca016b	dmabuf_page_pool_create	vmlinux	kernel
a1f4f3d0	dmabuf_page_pool_destroy	vmlinux	kernel
eadbf1fd	dmabuf_page_pool_free	vmlinux	kernel
58989ed0	dmaengine_get_unmap_data	vmlinux	kernel
aad910ab	dmaengine_unmap_put	vmlinux	kernel
975b39a5	dmaenginem_async_device_register	vmlinux	kernel
abfad8bd	dmam_alloc_attrs	vmlinux	REQUIRED
c952f2fb	dmam_free_coherent	vmlinux	kernel
34ab0d90	dmam_pool_create	vmlinux	kernel
437a7076	do_SAK	vmlinux	kernel
952664c5	do_exit	vmlinux	REQUIRED
92db8f68	do_trace_rcu_torture_read	vmlinux	kernel
2481035a	do_traversal_all_lruvec	vmlinux	kernel
5b2f27fb	do_wait_intr	vmlinux	REQUIRED
5102a30b	do_wait_intr_irq	vmlinux	kernel
6626afca	down	vmlinux	REQUIRED
81b395b3	down_interruptible	vmlinux	kernel
fb746cc9	down_killable	vmlinux	kernel
3355da1c	down_read	vmlinux	REQUIRED
2a88136d	down_read_killable	vmlinux	kernel
88f5cdef	down_read_trylock	vmlinux	kernel
09682235	down_timeout	vmlinux	kernel
fc7e2596	down_trylock	vmlinux	kernel
28ed2847	down_write	vmlinux	REQUIRED
d0e551cc	down_write_trylock	vmlinux	kernel
d486fb9c	downgrade_write	vmlinux	kernel
96850bba	dput	vmlinux	kernel
38d65a50	dqget	vmlinux	kernel
a00aca2a	dql_completed	vmlinux	kernel
4ea25709	dql_reset	vmlinux	kernel
6eff8db9	dqput	vmlinux	kernel
eb012737	dquot_acquire	vmlinux	kernel
8d4883dd	dquot_alloc	vmlinux	kernel
1d317248	dquot_alloc_inode	vmlinux	kernel
22f48a64	dquot_claim_space_nodirty	vmlinux	kernel
45099188	dquot_commit	vmlinux	kernel
5a11cca7	dquot_commit_info	vmlinux	kernel
13958306	dquot_destroy	vmlinux	kernel
88174a57	dquot_disable	vmlinux	kernel
891cdae3	dquot_drop	vmlinux	kernel
ad55dcda	dquot_file_open	vmlinux	kernel
d661c114	dquot_free_inode	vmlinux	kernel
0cc230b6	dquot_get_dqblk	vmlinux	kernel
dc6fb052	dquot_get_next_dqblk	vmlinux	kernel
6c6b875b	dquot_get_next_id	vmlinux	kernel
03501d68	dquot_get_state	vmlinux	kernel
7ea37e92	dquot_initialize	vmlinux	kernel
cf301750	dquot_initialize_needed	vmlinux	kernel
c9930af6	dquot_load_quota_inode	vmlinux	kernel
8c9a691c	dquot_mark_dquot_dirty	vmlinux	kernel
c927cfe2	dquot_quota_off	vmlinux	kernel
257c0b43	dquot_quota_on	vmlinux	kernel
d7b0ba6b	dquot_quota_on_mount	vmlinux	kernel
17ec0092	dquot_release	vmlinux	kernel
e8118c0a	dquot_resume	vmlinux	kernel
4f85c275	dquot_set_dqblk	vmlinux	kernel
457b5434	dquot_set_dqinfo	vmlinux	kernel
89e5549f	dquot_transfer	vmlinux	kernel
b269f2e4	dquot_writeback_dquots	vmlinux	kernel
a38602cd	drain_workqueue	vmlinux	REQUIRED
660b5c9e	driver_attach	vmlinux	kernel
44456275	driver_create_file	vmlinux	kernel
e9be3e81	driver_find_device	vmlinux	kernel
83dd6564	driver_register	vmlinux	REQUIRED
fc33b996	driver_remove_file	vmlinux	kernel
c6a256d1	driver_unregister	vmlinux	REQUIRED
7d0fa88f	drm_add_edid_modes	vmlinux	REQUIRED
f7b722ee	drm_add_modes_noedid	vmlinux	REQUIRED
192fa797	drm_atomic_add_affected_connectors	vmlinux	kernel
bfa5f620	drm_atomic_add_affected_planes	vmlinux	kernel
6b9a0d44	drm_atomic_bridge_chain_enable	vmlinux	kernel
fe82ccd9	drm_atomic_bridge_chain_pre_enable	vmlinux	kernel
3e952b86	drm_atomic_commit	vmlinux	REQUIRED
87d1c3c0	drm_atomic_get_connector_state	vmlinux	REQUIRED
a76de001	drm_atomic_get_crtc_state	vmlinux	REQUIRED
8dc9fc6c	drm_atomic_get_new_bridge_state	vmlinux	kernel
fb3ede66	drm_atomic_get_new_connector_for_encoder	vmlinux	kernel
fc16393a	drm_atomic_get_old_connector_for_encoder	vmlinux	kernel
02dc5fa6	drm_atomic_get_plane_state	vmlinux	REQUIRED
082f1037	drm_atomic_get_private_obj_state	vmlinux	REQUIRED
54a4c021	drm_atomic_helper_bridge_destroy_state	vmlinux	kernel
73c5d696	drm_atomic_helper_bridge_duplicate_state	vmlinux	kernel
e6d6e992	drm_atomic_helper_bridge_propagate_bus_fmt	vmlinux	kernel
3c2fe043	drm_atomic_helper_bridge_reset	vmlinux	kernel
8035deeb	drm_atomic_helper_check	vmlinux	REQUIRED
4c73e89f	drm_atomic_helper_check_modeset	vmlinux	kernel
a3783ed4	drm_atomic_helper_check_plane_state	vmlinux	kernel
b0df16ec	drm_atomic_helper_check_planes	vmlinux	kernel
bc09dd84	drm_atomic_helper_cleanup_planes	vmlinux	REQUIRED
c41b65d4	drm_atomic_helper_commit	vmlinux	kernel
d188cc25	drm_atomic_helper_commit_cleanup_done	vmlinux	kernel
df473e5d	drm_atomic_helper_commit_duplicated_state	vmlinux	REQUIRED
974a1c5b	drm_atomic_helper_commit_hw_done	vmlinux	REQUIRED
e969e23b	drm_atomic_helper_commit_modeset_disables	vmlinux	REQUIRED
2b4c9445	drm_atomic_helper_commit_modeset_enables	vmlinux	REQUIRED
38239f8c	drm_atomic_helper_commit_planes	vmlinux	REQUIRED
6df0253e	drm_atomic_helper_commit_tail	vmlinux	kernel
0d2900bf	drm_atomic_helper_commit_tail_rpm	vmlinux	kernel
e6d59451	drm_atomic_helper_connector_destroy_state	vmlinux	REQUIRED
eea9f2a1	drm_atomic_helper_connector_duplicate_state	vmlinux	REQUIRED
5e272558	drm_atomic_helper_connector_reset	vmlinux	REQUIRED
6952df45	drm_atomic_helper_crtc_destroy_state	vmlinux	kernel
1a92a0c6	drm_atomic_helper_crtc_duplicate_state	vmlinux	kernel
c710ea4f	drm_atomic_helper_crtc_reset	vmlinux	kernel
402424a1	drm_atomic_helper_damage_merged	vmlinux	kernel
2d4ff73b	drm_atomic_helper_dirtyfb	vmlinux	REQUIRED
bb3a6e18	drm_atomic_helper_disable_all	vmlinux	kernel
eece5313	drm_atomic_helper_disable_plane	vmlinux	REQUIRED
10176ca5	drm_atomic_helper_disable_planes_on_crtc	vmlinux	kernel
2f923694	drm_atomic_helper_duplicate_state	vmlinux	REQUIRED
f0b344da	drm_atomic_helper_fake_vblank	vmlinux	kernel
3192d76b	drm_atomic_helper_legacy_gamma_set	vmlinux	kernel
61b66004	drm_atomic_helper_page_flip	vmlinux	REQUIRED
51ec7bd3	drm_atomic_helper_plane_destroy_state	vmlinux	kernel
ba8c0e2b	drm_atomic_helper_plane_duplicate_state	vmlinux	kernel
cf412cb2	drm_atomic_helper_plane_reset	vmlinux	kernel
f56309ca	drm_atomic_helper_prepare_planes	vmlinux	REQUIRED
0c747d3d	drm_atomic_helper_resume	vmlinux	kernel
145f15dd	drm_atomic_helper_set_config	vmlinux	REQUIRED
24deb01e	drm_atomic_helper_setup_commit	vmlinux	kernel
7aa68d7a	drm_atomic_helper_shutdown	vmlinux	REQUIRED
65b87eba	drm_atomic_helper_suspend	vmlinux	kernel
66f32272	drm_atomic_helper_swap_state	vmlinux	REQUIRED
f3b46a4a	drm_atomic_helper_update_legacy_modeset_state	vmlinux	REQUIRED
a62bf016	drm_atomic_helper_update_plane	vmlinux	REQUIRED
68f647a4	drm_atomic_helper_wait_for_dependencies	vmlinux	kernel
6cf7332a	drm_atomic_helper_wait_for_fences	vmlinux	REQUIRED
473bec6d	drm_atomic_helper_wait_for_flip_done	vmlinux	kernel
b9fc92ac	drm_atomic_helper_wait_for_vblanks	vmlinux	REQUIRED
25c077a0	drm_atomic_nonblocking_commit	vmlinux	kernel
300e2395	drm_atomic_normalize_zpos	vmlinux	kernel
ead73204	drm_atomic_private_obj_fini	vmlinux	kernel
a3441c1d	drm_atomic_private_obj_init	vmlinux	REQUIRED
aa6b88bd	drm_atomic_set_crtc_for_connector	vmlinux	REQUIRED
99194417	drm_atomic_set_crtc_for_plane	vmlinux	REQUIRED
e51f4c31	drm_atomic_set_fb_for_plane	vmlinux	REQUIRED
b92c8aa1	drm_atomic_set_fence_for_plane	vmlinux	REQUIRED
244a2884	drm_atomic_set_mode_for_crtc	vmlinux	REQUIRED
26bd2aee	drm_atomic_set_mode_prop_for_crtc	vmlinux	kernel
f8085194	drm_atomic_state_alloc	vmlinux	REQUIRED
d00898f6	drm_atomic_state_clear	vmlinux	REQUIRED
6f758847	drm_atomic_state_default_clear	vmlinux	REQUIRED
2a575bf1	drm_atomic_state_default_release	vmlinux	REQUIRED
e4a0b81e	drm_atomic_state_init	vmlinux	REQUIRED
02412377	drm_bridge_add	vmlinux	REQUIRED
f8a297ce	drm_bridge_attach	vmlinux	REQUIRED
b933d652	drm_bridge_chain_disable	vmlinux	REQUIRED
6f551e2d	drm_bridge_chain_enable	vmlinux	REQUIRED
26997170	drm_bridge_chain_mode_set	vmlinux	REQUIRED
7e76ba3d	drm_bridge_chain_post_disable	vmlinux	REQUIRED
3e29808f	drm_bridge_chain_pre_enable	vmlinux	REQUIRED
d45b758d	drm_bridge_connector_disable_hpd	vmlinux	kernel
210d07ae	drm_bridge_connector_enable_hpd	vmlinux	kernel
8923f169	drm_bridge_connector_init	vmlinux	kernel
98449755	drm_bridge_detect	vmlinux	kernel
c2c99c24	drm_bridge_get_edid	vmlinux	kernel
e476fda3	drm_bridge_get_modes	vmlinux	kernel
cc7f8fbe	drm_bridge_hpd_notify	vmlinux	kernel
05714b3a	drm_bridge_remove	vmlinux	REQUIRED
ad885165	drm_bus_flags_from_videomode	vmlinux	kernel
ee888bc0	drm_calc_timestamping_constants	vmlinux	kernel
eba422f8	drm_client_init	vmlinux	REQUIRED
73e984a3	drm_client_modeset_commit_locked	vmlinux	REQUIRED
d0188569	drm_client_register	vmlinux	REQUIRED
2f97225f	drm_compat_ioctl	vmlinux	REQUIRED
7059ec16	drm_connector_attach_content_protection_property	vmlinux	kernel
153540bc	drm_connector_attach_dp_subconnector_property	vmlinux	kernel
e29af28e	drm_connector_attach_edid_property	vmlinux	kernel
012c63a8	drm_connector_attach_encoder	vmlinux	REQUIRED
adcfebdf	drm_connector_attach_max_bpc_property	vmlinux	kernel
d3e3f411	drm_connector_cleanup	vmlinux	REQUIRED
5dcb228d	drm_connector_has_possible_encoder	vmlinux	kernel
11e8efe7	drm_connector_init	vmlinux	REQUIRED
27def229	drm_connector_init_with_ddc	vmlinux	kernel
dd8caed1	drm_connector_list_iter_begin	vmlinux	REQUIRED
13cee112	drm_connector_list_iter_end	vmlinux	REQUIRED
d83bd809	drm_connector_list_iter_next	vmlinux	REQUIRED
cfab3e71	drm_connector_list_update	vmlinux	kernel
66672bd4	drm_connector_register	vmlinux	REQUIRED
f4f3a391	drm_connector_set_panel_orientation	vmlinux	kernel
be6ac69c	drm_connector_set_path_property	vmlinux	kernel
ea71c692	drm_connector_set_tile_property	vmlinux	kernel
c7735678	drm_connector_unregister	vmlinux	REQUIRED
df4223aa	drm_connector_update_edid_property	vmlinux	REQUIRED
6c216889	drm_crtc_arm_vblank_event	vmlinux	kernel
25025f17	drm_crtc_cleanup	vmlinux	REQUIRED
91ad82cf	drm_crtc_enable_color_mgmt	vmlinux	kernel
2b4b0602	drm_crtc_from_index	vmlinux	kernel
fdc29af8	drm_crtc_handle_vblank	vmlinux	REQUIRED
4df9112c	drm_crtc_helper_set_config	vmlinux	kernel
36032cea	drm_crtc_helper_set_mode	vmlinux	kernel
3b20f44a	drm_crtc_init	vmlinux	kernel
0d29180a	drm_crtc_init_with_planes	vmlinux	REQUIRED
50d3ef86	drm_crtc_send_vblank_event	vmlinux	REQUIRED
4f10482d	drm_crtc_set_max_vblank_count	vmlinux	REQUIRED
595efa2a	drm_crtc_vblank_count	vmlinux	kernel
7b3dbc8d	drm_crtc_vblank_count_and_time	vmlinux	kernel
802f7a1e	drm_crtc_vblank_get	vmlinux	kernel
2c2adb98	drm_crtc_vblank_helper_get_vblank_timestamp	vmlinux	kernel
016ff6b0	drm_crtc_vblank_off	vmlinux	REQUIRED
96d944c5	drm_crtc_vblank_on	vmlinux	REQUIRED
0cc2c561	drm_crtc_vblank_put	vmlinux	kernel
f54c3c45	drm_crtc_vblank_reset	vmlinux	REQUIRED
3fa84774	drm_crtc_vblank_waitqueue	vmlinux	kernel
f38ad121	drm_crtc_wait_one_vblank	vmlinux	REQUIRED
acd3f8a2	drm_cvt_mode	vmlinux	kernel
9a4333a3	drm_debugfs_create_files	vmlinux	kernel
65702bd6	drm_default_rgb_quant_range	vmlinux	kernel
a8ad5d01	drm_detect_hdmi_monitor	vmlinux	REQUIRED
66551bc7	drm_detect_monitor_audio	vmlinux	REQUIRED
d7f7f9cb	drm_dev_alloc	vmlinux	REQUIRED
96114069	drm_dev_dbg	vmlinux	REQUIRED
e9a2a65f	drm_dev_enter	vmlinux	kernel
e8a034df	drm_dev_exit	vmlinux	kernel
3e509ccb	drm_dev_get	vmlinux	kernel
f9200ff7	drm_dev_printk	vmlinux	REQUIRED
02f056a6	drm_dev_put	vmlinux	REQUIRED
e262632f	drm_dev_register	vmlinux	REQUIRED
38e5053a	drm_dev_set_unique	vmlinux	kernel
84e80aad	drm_dev_unplug	vmlinux	kernel
f96ba9c2	drm_dev_unregister	vmlinux	REQUIRED
4c500e16	drm_display_info_set_bus_formats	vmlinux	kernel
66cf2f64	drm_display_mode_from_videomode	vmlinux	kernel
fe9f72f3	drm_display_mode_to_videomode	vmlinux	kernel
c93654d8	drm_do_get_edid	vmlinux	REQUIRED
af7e1f00	drm_dp_atomic_find_vcpi_slots	vmlinux	REQUIRED
c19ef11e	drm_dp_atomic_release_vcpi_slots	vmlinux	REQUIRED
33ac8734	drm_dp_aux_init	vmlinux	kernel
f07c00c0	drm_dp_aux_register	vmlinux	REQUIRED
018738f2	drm_dp_aux_unregister	vmlinux	REQUIRED
73011db0	drm_dp_bw_code_to_link_rate	vmlinux	REQUIRED
8ca2d9e4	drm_dp_calc_pbn_mode	vmlinux	REQUIRED
edcf81ce	drm_dp_channel_eq_ok	vmlinux	REQUIRED
ccda434f	drm_dp_check_act_status	vmlinux	REQUIRED
8d701329	drm_dp_clock_recovery_ok	vmlinux	REQUIRED
72b6e73f	drm_dp_downstream_debug	vmlinux	kernel
e5286b02	drm_dp_dpcd_read	vmlinux	REQUIRED
404c0ac9	drm_dp_dpcd_read_link_status	vmlinux	REQUIRED
a5c8abd4	drm_dp_dpcd_write	vmlinux	REQUIRED
06c49551	drm_dp_dsc_sink_line_buf_depth	vmlinux	kernel
6615069e	drm_dp_dsc_sink_max_slice_count	vmlinux	kernel
a39152ad	drm_dp_find_vcpi_slots	vmlinux	REQUIRED
582f248e	drm_dp_get_adjust_request_pre_emphasis	vmlinux	REQUIRED
c5c99a79	drm_dp_get_adjust_request_voltage	vmlinux	REQUIRED
a2f5c65b	drm_dp_get_edid_quirks	vmlinux	kernel
f1b25b57	drm_dp_get_phy_test_pattern	vmlinux	kernel
26815dbc	drm_dp_link_rate_to_bw_code	vmlinux	REQUIRED
48b62a57	drm_dp_link_train_channel_eq_delay	vmlinux	REQUIRED
a6ff9496	drm_dp_link_train_clock_recovery_delay	vmlinux	REQUIRED
c7355ab0	drm_dp_mst_allocate_vcpi	vmlinux	REQUIRED
246dccbf	drm_dp_mst_deallocate_vcpi	vmlinux	REQUIRED
7ac560a7	drm_dp_mst_detect_port	vmlinux	REQUIRED
62762ca7	drm_dp_mst_dump_topology	vmlinux	kernel
7cc4f592	drm_dp_mst_get_edid	vmlinux	REQUIRED
fa048cd5	drm_dp_mst_get_port_malloc	vmlinux	REQUIRED
4a8d0133	drm_dp_mst_hpd_irq	vmlinux	REQUIRED
bc94f45a	drm_dp_mst_put_port_malloc	vmlinux	REQUIRED
4897cd88	drm_dp_mst_reset_vcpi_slots	vmlinux	REQUIRED
458dd067	drm_dp_mst_topology_mgr_destroy	vmlinux	REQUIRED
d953636b	drm_dp_mst_topology_mgr_init	vmlinux	REQUIRED
7900cdaf	drm_dp_mst_topology_mgr_set_mst	vmlinux	REQUIRED
acf684ef	drm_dp_read_desc	vmlinux	kernel
e8200cd9	drm_dp_read_dpcd_caps	vmlinux	kernel
d8ad4a10	drm_dp_read_sink_count	vmlinux	kernel
3d653bba	drm_dp_send_power_updown_phy	vmlinux	REQUIRED
4a6c39bc	drm_dp_set_phy_test_pattern	vmlinux	kernel
45ec2b24	drm_dp_set_subconnector_property	vmlinux	kernel
7e6af968	drm_dp_start_crc	vmlinux	kernel
e83f0f17	drm_dp_stop_crc	vmlinux	kernel
9aaf8f65	drm_dp_update_payload_part1	vmlinux	REQUIRED
47472d09	drm_dp_update_payload_part2	vmlinux	REQUIRED
fe12bcb9	drm_dsc_compute_rc_parameters	vmlinux	kernel
58d8fcaa	drm_dsc_pps_payload_pack	vmlinux	kernel
d13f9985	drm_edid_block_valid	vmlinux	kernel
47f985aa	drm_edid_duplicate	vmlinux	REQUIRED
0712e21d	drm_edid_get_monitor_name	vmlinux	kernel
81992424	drm_edid_header_is_valid	vmlinux	kernel
07f88521	drm_edid_is_valid	vmlinux	kernel
c324efb9	drm_edid_to_sad	vmlinux	kernel
9213f5c3	drm_edid_to_speaker_allocation	vmlinux	kernel
98ab4f21	drm_encoder_cleanup	vmlinux	REQUIRED
ca553146	drm_encoder_init	vmlinux	REQUIRED
67cee843	drm_event_cancel_free	vmlinux	kernel
91b06d4e	drm_event_reserve_init	vmlinux	kernel
cf139136	drm_event_reserve_init_locked	vmlinux	REQUIRED
9b9aab81	drm_fb_cma_get_gem_obj	vmlinux	kernel
d60ff1c2	drm_flip_work_cleanup	vmlinux	kernel
24a2ed2c	drm_flip_work_commit	vmlinux	kernel
737100b1	drm_flip_work_init	vmlinux	kernel
dcb59b84	drm_flip_work_queue	vmlinux	kernel
f826786c	drm_format_info	vmlinux	REQUIRED
c7f0f027	drm_format_info_min_pitch	vmlinux	kernel
f4767609	drm_framebuffer_cleanup	vmlinux	kernel
16f8b1a4	drm_framebuffer_init	vmlinux	REQUIRED
952fea4d	drm_framebuffer_lookup	vmlinux	REQUIRED
cd9b2538	drm_framebuffer_remove	vmlinux	REQUIRED
51d590bf	drm_framebuffer_unregister_private	vmlinux	REQUIRED
b7fe6ea3	drm_gem_cma_create_object_default_funcs	vmlinux	kernel
d2d36a86	drm_gem_cma_dumb_create	vmlinux	kernel
0c44f038	drm_gem_cma_dumb_create_internal	vmlinux	kernel
cdc6165b	drm_gem_cma_free_object	vmlinux	kernel
97155a1a	drm_gem_cma_mmap	vmlinux	kernel
5d247097	drm_gem_cma_prime_get_sg_table	vmlinux	kernel
ae7d09be	drm_gem_cma_prime_import_sg_table	vmlinux	kernel
5dddec46	drm_gem_cma_prime_mmap	vmlinux	kernel
fd42093d	drm_gem_cma_prime_vmap	vmlinux	kernel
919fb23d	drm_gem_cma_prime_vunmap	vmlinux	kernel
7a22aac0	drm_gem_cma_vm_ops	vmlinux	kernel
fc72ba40	drm_gem_create_mmap_offset	vmlinux	REQUIRED
58743d9d	drm_gem_dmabuf_export	vmlinux	kernel
2422bcd8	drm_gem_dmabuf_get_uuid	vmlinux	kernel
4a93f40d	drm_gem_dmabuf_mmap	vmlinux	kernel
ceea26f1	drm_gem_dmabuf_release	vmlinux	kernel
0efd9435	drm_gem_dmabuf_vmap	vmlinux	kernel
b90616f5	drm_gem_dmabuf_vunmap	vmlinux	kernel
e0ceca01	drm_gem_dumb_destroy	vmlinux	kernel
32f24e03	drm_gem_dumb_map_offset	vmlinux	kernel
e9d18edd	drm_gem_fb_afbc_init	vmlinux	kernel
e1b82b43	drm_gem_fb_create	vmlinux	kernel
298a991e	drm_gem_fb_create_handle	vmlinux	REQUIRED
5bf46d4e	drm_gem_fb_destroy	vmlinux	REQUIRED
d89c89c6	drm_gem_fb_get_obj	vmlinux	REQUIRED
d00ad1ac	drm_gem_fb_init_with_funcs	vmlinux	kernel
44df1a9c	drm_gem_fb_prepare_fb	vmlinux	kernel
ca14f36c	drm_gem_free_mmap_offset	vmlinux	REQUIRED
73b1db7d	drm_gem_get_pages	vmlinux	REQUIRED
2e99166e	drm_gem_handle_create	vmlinux	REQUIRED
5c41545a	drm_gem_handle_delete	vmlinux	kernel
6b8c06d8	drm_gem_lock_reservations	vmlinux	kernel
7cde20c1	drm_gem_map_attach	vmlinux	kernel
459697c7	drm_gem_map_detach	vmlinux	kernel
8c7734c0	drm_gem_map_dma_buf	vmlinux	kernel
c9971e27	drm_gem_mmap	vmlinux	REQUIRED
67f71ba6	drm_gem_mmap_obj	vmlinux	REQUIRED
d680a377	drm_gem_object_free	vmlinux	REQUIRED
fbd8430c	drm_gem_object_init	vmlinux	REQUIRED
9c50c70b	drm_gem_object_lookup	vmlinux	REQUIRED
070ee2fb	drm_gem_object_put_locked	vmlinux	REQUIRED
47bafdc8	drm_gem_object_release	vmlinux	REQUIRED
6b0723bf	drm_gem_prime_export	vmlinux	REQUIRED
a898adb5	drm_gem_prime_fd_to_handle	vmlinux	REQUIRED
e509f9ec	drm_gem_prime_handle_to_fd	vmlinux	REQUIRED
bc9448e4	drm_gem_prime_import	vmlinux	kernel
a22c07f2	drm_gem_prime_import_dev	vmlinux	kernel
d74ac8ae	drm_gem_prime_mmap	vmlinux	kernel
9ab89937	drm_gem_private_object_init	vmlinux	REQUIRED
7e59ba2a	drm_gem_put_pages	vmlinux	REQUIRED
a7132624	drm_gem_shmem_create	vmlinux	kernel
cff57c17	drm_gem_shmem_free_object	vmlinux	kernel
4bc177ca	drm_gem_shmem_get_sg_table	vmlinux	kernel
0d34b67f	drm_gem_shmem_mmap	vmlinux	kernel
a27dd9ef	drm_gem_shmem_pin	vmlinux	kernel
d4d49eb0	drm_gem_shmem_print_info	vmlinux	kernel
87931466	drm_gem_shmem_unpin	vmlinux	kernel
8137a7c2	drm_gem_shmem_vmap	vmlinux	kernel
24678707	drm_gem_shmem_vunmap	vmlinux	kernel
51f3ebb9	drm_gem_unlock_reservations	vmlinux	kernel
d6468bc3	drm_gem_unmap_dma_buf	vmlinux	kernel
7b40d560	drm_gem_vm_close	vmlinux	REQUIRED
ed6a6f3c	drm_gem_vm_open	vmlinux	REQUIRED
0fd60df2	drm_get_connector_status_name	vmlinux	REQUIRED
f406e46a	drm_get_connector_type_name	vmlinux	REQUIRED
ef2571f9	drm_get_edid	vmlinux	REQUIRED
400fbf4b	drm_get_format_info	vmlinux	REQUIRED
4e095f11	drm_get_format_name	vmlinux	kernel
291fccd0	drm_handle_vblank	vmlinux	kernel
111c75dc	drm_hdcp_check_ksvs_revoked	vmlinux	kernel
bb460cce	drm_hdmi_avi_infoframe_colorspace	vmlinux	kernel
4dd70d27	drm_hdmi_avi_infoframe_from_display_mode	vmlinux	kernel
184b6261	drm_hdmi_avi_infoframe_quant_range	vmlinux	kernel
64e6a070	drm_hdmi_infoframe_set_hdr_metadata	vmlinux	kernel
b51a9198	drm_hdmi_vendor_infoframe_from_display_mode	vmlinux	kernel
6f514c73	drm_helper_connector_dpms	vmlinux	kernel
bde04239	drm_helper_disable_unused_functions	vmlinux	kernel
6b897c78	drm_helper_force_disable_all	vmlinux	kernel
11617bf8	drm_helper_hpd_irq_event	vmlinux	REQUIRED
e96a4426	drm_helper_mode_fill_fb_struct	vmlinux	REQUIRED
d5cb5ebf	drm_helper_probe_detect	vmlinux	kernel
19f9f577	drm_helper_probe_single_connector_modes	vmlinux	REQUIRED
80162712	drm_helper_resume_force_mode	vmlinux	kernel
9ec8fb1e	drm_ioctl	vmlinux	REQUIRED
a09e6fcb	drm_irq_install	vmlinux	REQUIRED
9f7dd33e	drm_irq_uninstall	vmlinux	REQUIRED
cb066c4a	drm_is_current_master	vmlinux	REQUIRED
560eaaab	drm_kms_helper_hotplug_event	vmlinux	REQUIRED
5a4734d1	drm_kms_helper_is_poll_worker	vmlinux	kernel
0e04d7b9	drm_kms_helper_poll_disable	vmlinux	REQUIRED
5513e9c2	drm_kms_helper_poll_enable	vmlinux	REQUIRED
29084663	drm_kms_helper_poll_fini	vmlinux	REQUIRED
aa25bb33	drm_kms_helper_poll_init	vmlinux	REQUIRED
9b285573	drm_match_cea_mode	vmlinux	kernel
f0517d7a	drm_mm_init	vmlinux	REQUIRED
b4032484	drm_mm_insert_node_in_range	vmlinux	REQUIRED
0f7acb66	drm_mm_print	vmlinux	kernel
4b7ebf95	drm_mm_remove_node	vmlinux	REQUIRED
2754dad8	drm_mm_reserve_node	vmlinux	kernel
57698a50	drm_mm_takedown	vmlinux	REQUIRED
6b2a8376	drm_mode_config_cleanup	vmlinux	REQUIRED
8665a6b4	drm_mode_config_helper_resume	vmlinux	kernel
b84f5323	drm_mode_config_helper_suspend	vmlinux	kernel
d7b26e13	drm_mode_config_reset	vmlinux	REQUIRED
4694508f	drm_mode_convert_to_umode	vmlinux	kernel
8befb073	drm_mode_convert_umode	vmlinux	REQUIRED
9ce050be	drm_mode_copy	vmlinux	REQUIRED
81d1f74f	drm_mode_create	vmlinux	REQUIRED
8ab4fe90	drm_mode_create_dp_colorspace_property	vmlinux	REQUIRED
26b42282	drm_mode_create_hdmi_colorspace_property	vmlinux	kernel
c21fc00d	drm_mode_create_scaling_mode_property	vmlinux	kernel
973137a8	drm_mode_create_tile_group	vmlinux	kernel
bfc3dd18	drm_mode_create_tv_properties	vmlinux	kernel
15ced808	drm_mode_crtc_set_gamma_size	vmlinux	kernel
2ed3c600	drm_mode_debug_printmodeline	vmlinux	REQUIRED
b1b6f0c8	drm_mode_destroy	vmlinux	kernel
f457c7f9	drm_mode_duplicate	vmlinux	REQUIRED
0d9b4753	drm_mode_equal	vmlinux	REQUIRED
3ab87110	drm_mode_equal_no_clocks	vmlinux	kernel
8448d44a	drm_mode_find_dmt	vmlinux	kernel
1e2ca73c	drm_mode_get_tile_group	vmlinux	kernel
f5dae06b	drm_mode_is_420	vmlinux	kernel
5efc6fd0	drm_mode_is_420_also	vmlinux	kernel
403bd3ea	drm_mode_is_420_only	vmlinux	REQUIRED
9b95c885	drm_mode_match	vmlinux	REQUIRED
5a07411a	drm_mode_object_find	vmlinux	REQUIRED
113ef8f6	drm_mode_object_get	vmlinux	REQUIRED
37c0a8bd	drm_mode_object_put	vmlinux	REQUIRED
0d7e54fb	drm_mode_probed_add	vmlinux	REQUIRED
46fd601d	drm_mode_prune_invalid	vmlinux	kernel
4575a0ca	drm_mode_set_crtcinfo	vmlinux	REQUIRED
4a35d30d	drm_mode_set_name	vmlinux	REQUIRED
f1421d13	drm_mode_sort	vmlinux	kernel
5edc62b1	drm_mode_validate_driver	vmlinux	kernel
d7a9cf42	drm_mode_validate_size	vmlinux	kernel
5f7b5871	drm_mode_validate_ycbcr420	vmlinux	kernel
f1b5340a	drm_mode_vrefresh	vmlinux	REQUIRED
3e5c271d	drm_modeset_acquire_fini	vmlinux	REQUIRED
18f40ec8	drm_modeset_acquire_init	vmlinux	REQUIRED
c8a2e63f	drm_modeset_backoff	vmlinux	REQUIRED
25198153	drm_modeset_drop_locks	vmlinux	REQUIRED
e375a3e9	drm_modeset_lock	vmlinux	REQUIRED
dc4ac528	drm_modeset_lock_all	vmlinux	REQUIRED
406e7324	drm_modeset_lock_all_ctx	vmlinux	REQUIRED
c1fdce1d	drm_modeset_lock_init	vmlinux	kernel
f8ece65b	drm_modeset_unlock	vmlinux	kernel
1d65139a	drm_modeset_unlock_all	vmlinux	REQUIRED
b6127243	drm_need_swiotlb	vmlinux	kernel
a0bf9ddc	drm_object_attach_property	vmlinux	REQUIRED
16ee4233	drm_object_property_set_value	vmlinux	REQUIRED
5d1bbe5f	drm_of_component_match_add	vmlinux	REQUIRED
4799d583	drm_of_crtc_port_mask	vmlinux	kernel
63cb209f	drm_of_encoder_active_endpoint	vmlinux	kernel
fd90325f	drm_of_find_panel_or_bridge	vmlinux	kernel
dbab7e95	drm_of_find_possible_crtcs	vmlinux	kernel
4ceab6a7	drm_open	vmlinux	REQUIRED
eacb5bb2	drm_panel_add	vmlinux	REQUIRED
6d183663	drm_panel_bridge_add_typed	vmlinux	kernel
a331bd6a	drm_panel_bridge_connector	vmlinux	kernel
442a0d17	drm_panel_bridge_remove	vmlinux	kernel
ffd760a2	drm_panel_disable	vmlinux	kernel
9863de77	drm_panel_enable	vmlinux	kernel
045e5cb8	drm_panel_get_modes	vmlinux	kernel
dfd57ea6	drm_panel_init	vmlinux	REQUIRED
06fa8352	drm_panel_of_backlight	vmlinux	kernel
d01c0c9a	drm_panel_prepare	vmlinux	kernel
8a1c4969	drm_panel_remove	vmlinux	REQUIRED
9a7e7bca	drm_panel_unprepare	vmlinux	kernel
adc65b16	drm_plane_cleanup	vmlinux	REQUIRED
1542a1e7	drm_plane_create_alpha_property	vmlinux	kernel
3e54696d	drm_plane_create_blend_mode_property	vmlinux	kernel
ca1494e3	drm_plane_create_color_properties	vmlinux	kernel
bcccf4e8	drm_plane_create_rotation_property	vmlinux	REQUIRED
0882590b	drm_plane_create_zpos_immutable_property	vmlinux	kernel
01ed4fb2	drm_plane_create_zpos_property	vmlinux	kernel
3e7a9b18	drm_plane_enable_fb_damage_clips	vmlinux	kernel
7b227ad9	drm_poll	vmlinux	REQUIRED
7cac31ca	drm_prime_gem_destroy	vmlinux	REQUIRED
d05fda43	drm_prime_get_contiguous_size	vmlinux	kernel
79319a20	drm_prime_pages_to_sg	vmlinux	REQUIRED
ee1e60b3	drm_prime_sg_to_page_addr_arrays	vmlinux	kernel
28779e52	drm_printf	vmlinux	kernel
9c21f0d3	drm_probe_ddc	vmlinux	kernel
aa9127be	drm_property_blob_get	vmlinux	REQUIRED
11152d5f	drm_property_blob_put	vmlinux	REQUIRED
38d1c351	drm_property_create	vmlinux	REQUIRED
44dc4203	drm_property_create_bitmask	vmlinux	REQUIRED
ca6b1aea	drm_property_create_blob	vmlinux	REQUIRED
ca67675c	drm_property_create_bool	vmlinux	kernel
03378688	drm_property_create_enum	vmlinux	REQUIRED
5eb1d4a8	drm_property_create_object	vmlinux	kernel
574cd639	drm_property_create_range	vmlinux	REQUIRED
3c4524d4	drm_property_create_signed_range	vmlinux	kernel
f933d35f	drm_property_destroy	vmlinux	kernel
16e56081	drm_property_lookup_blob	vmlinux	REQUIRED
bd4f954e	drm_property_replace_blob	vmlinux	kernel
3bd421c9	drm_property_replace_global_blob	vmlinux	kernel
521ad6d0	drm_puts	vmlinux	kernel
e0db97f8	drm_read	vmlinux	REQUIRED
2d50570f	drm_rect_calc_hscale	vmlinux	kernel
91fec1cc	drm_rect_calc_vscale	vmlinux	kernel
99fd20aa	drm_rect_clip_scaled	vmlinux	kernel
871ab41a	drm_rect_intersect	vmlinux	kernel
331ce3aa	drm_release	vmlinux	REQUIRED
df666902	drm_rotation_simplify	vmlinux	REQUIRED
a2372074	drm_scdc_read	vmlinux	kernel
09aa28ff	drm_scdc_set_high_tmds_clock_ratio	vmlinux	kernel
bb33bf9b	drm_scdc_set_scrambling	vmlinux	kernel
14d97a66	drm_scdc_write	vmlinux	kernel
7b4d0a00	drm_self_refresh_helper_alter_state	vmlinux	kernel
827b8e55	drm_self_refresh_helper_cleanup	vmlinux	kernel
222e1ecd	drm_self_refresh_helper_init	vmlinux	kernel
685d0d2b	drm_send_event	vmlinux	kernel
c6ff96a5	drm_send_event_locked	vmlinux	REQUIRED
2e057e52	drm_set_preferred_mode	vmlinux	REQUIRED
751f8a66	drm_simple_encoder_init	vmlinux	kernel
8a25bf05	drm_state_dump	vmlinux	kernel
803ba4b3	drm_syncobj_add_point	vmlinux	kernel
ac420866	drm_syncobj_create	vmlinux	kernel
2f70d2c5	drm_syncobj_find	vmlinux	kernel
95ed58ce	drm_syncobj_find_fence	vmlinux	kernel
1a411479	drm_syncobj_free	vmlinux	kernel
8463c74e	drm_syncobj_get_fd	vmlinux	kernel
f046e48c	drm_syncobj_get_handle	vmlinux	kernel
3aecc622	drm_syncobj_replace_fence	vmlinux	kernel
43818116	drm_sysfs_hotplug_event	vmlinux	kernel
a44e20c1	drm_universal_plane_init	vmlinux	REQUIRED
ac2edca8	drm_vblank_init	vmlinux	REQUIRED
3aec1bec	drm_vma_node_allow	vmlinux	kernel
11b9567a	drm_vma_node_is_allowed	vmlinux	kernel
e116d3a4	drm_vma_node_revoke	vmlinux	kernel
c02b8bb8	drm_wait_one_vblank	vmlinux	REQUIRED
68b29b25	drm_writeback_connector_init	vmlinux	kernel
ea164e56	drm_writeback_queue_job	vmlinux	kernel
908a1865	drm_writeback_signal_completion	vmlinux	kernel
7c7f55db	drmm_kmalloc	vmlinux	kernel
93227e53	drmm_mode_config_init	vmlinux	REQUIRED
6e9d5ae9	drop_nlink	vmlinux	kernel
66a269cc	dst_release	vmlinux	REQUIRED
77cb60af	dummy_irq_chip	vmlinux	kernel
b99cbedb	dump_align	vmlinux	kernel
fe5887b6	dump_backtrace	vmlinux	kernel
c5737e39	dump_emit	vmlinux	kernel
6b2dc060	dump_stack	vmlinux	REQUIRED
49b54fda	dup_iter	vmlinux	kernel
93cbd452	dw_handle_msi_irq	vmlinux	kernel
479e4dcb	dw_pcie_ep_init	vmlinux	kernel
79753805	dw_pcie_ep_raise_legacy_irq	vmlinux	kernel
e321bc24	dw_pcie_ep_raise_msi_irq	vmlinux	kernel
75abc962	dw_pcie_ep_raise_msix_irq	vmlinux	kernel
82c17e6e	dw_pcie_ep_reset_bar	vmlinux	kernel
9ea32997	dw_pcie_find_capability	vmlinux	kernel
c88dee1b	dw_pcie_find_ext_capability	vmlinux	kernel
2a15677a	dw_pcie_host_init	vmlinux	kernel
5b3cba20	dw_pcie_link_up	vmlinux	kernel
9bd75896	dw_pcie_msi_init	vmlinux	kernel
6ae5f1ac	dw_pcie_own_conf_map_bus	vmlinux	kernel
7791e066	dw_pcie_read	vmlinux	kernel
b71700ce	dw_pcie_read_dbi	vmlinux	kernel
73723e0d	dw_pcie_setup_rc	vmlinux	kernel
e280048c	dw_pcie_wait_for_link	vmlinux	kernel
be9a83d5	dw_pcie_write	vmlinux	kernel
7147dbc4	dw_pcie_write_dbi	vmlinux	kernel
d0131516	dwc3_send_gadget_ep_cmd	vmlinux	kernel
d7e7f268	dwc3_stop_active_transfer	vmlinux	kernel
572b218a	edac_device_add_device	vmlinux	REQUIRED
073b0083	edac_device_alloc_ctl_info	vmlinux	REQUIRED
6e3ff83a	edac_device_alloc_index	vmlinux	REQUIRED
d29353ed	edac_device_del_device	vmlinux	REQUIRED
4d0e6d69	edac_device_free_ctl_info	vmlinux	REQUIRED
32f4fbff	edac_device_handle_ce_count	vmlinux	REQUIRED
374c95d4	edac_device_handle_ue_count	vmlinux	REQUIRED
190a48a9	efi	vmlinux	kernel
e9e8faeb	efi_tpm_final_log_size	vmlinux	kernel
cc232993	ehci_handshake	vmlinux	kernel
ca54d1cf	ehci_hub_control	vmlinux	kernel
8c5354b5	ehci_init_driver	vmlinux	kernel
0f0f0c5d	ehci_setup	vmlinux	kernel
6d68e325	elevator_alloc	vmlinux	kernel
7cb51b56	elv_bio_merge_ok	vmlinux	kernel
d9f7891e	elv_rb_add	vmlinux	kernel
58cd1230	elv_rb_del	vmlinux	kernel
b4e100f6	elv_rb_find	vmlinux	kernel
a79f8e06	elv_rb_former_request	vmlinux	kernel
9d3db8c7	elv_rb_latter_request	vmlinux	kernel
5ad87c4d	elv_register	vmlinux	kernel
13202795	elv_rqhash_add	vmlinux	kernel
f7313ca0	elv_rqhash_del	vmlinux	kernel
706340da	elv_unregister	vmlinux	kernel
042c9a04	em_cpu_get	vmlinux	kernel
9b761c25	em_dev_register_perf_domain	vmlinux	kernel
d0c05159	emergency_restart	vmlinux	kernel
fcec0987	enable_irq	vmlinux	REQUIRED
335c570f	enable_percpu_irq	vmlinux	kernel
e8fa6beb	end_buffer_read_sync	vmlinux	kernel
4425e9c2	end_buffer_write_sync	vmlinux	kernel
09700188	end_page_writeback	vmlinux	kernel
2ec6bba0	errseq_set	vmlinux	kernel
42bf83cd	eth_commit_mac_addr_change	vmlinux	kernel
1ec241ac	eth_header	vmlinux	kernel
11c15ac5	eth_header_cache	vmlinux	kernel
18b3647f	eth_header_cache_update	vmlinux	kernel
7dfa8185	eth_header_parse	vmlinux	kernel
e708de11	eth_mac_addr	vmlinux	REQUIRED
8209eb00	eth_platform_get_mac_address	vmlinux	REQUIRED
e5c360e0	eth_prepare_mac_addr_change	vmlinux	kernel
1197a552	eth_type_trans	vmlinux	REQUIRED
c395cc79	eth_validate_addr	vmlinux	REQUIRED
dab095a6	ether_setup	vmlinux	REQUIRED
1b3c8b05	ethnl_cable_test_fault_length	vmlinux	kernel
a5b1319d	ethnl_cable_test_result	vmlinux	kernel
a030bbd1	ethtool_op_get_link	vmlinux	REQUIRED
86548aab	ethtool_op_get_ts_info	vmlinux	REQUIRED
b75442e0	ethtool_virtdev_set_link_ksettings	vmlinux	kernel
7c087dd1	event_triggers_call	vmlinux	REQUIRED
d67364f7	eventfd_ctx_fdget	vmlinux	REQUIRED
1fa1b0a1	eventfd_ctx_fileget	vmlinux	REQUIRED
941f2aaa	eventfd_ctx_put	vmlinux	REQUIRED
41ed3cec	eventfd_ctx_remove_wait_queue	vmlinux	REQUIRED
df0f75c6	eventfd_signal	vmlinux	REQUIRED
e72c5453	evict_inodes	vmlinux	kernel
8ccc830b	extcon_find_edev_by_node	vmlinux	kernel
81b79cd8	extcon_get_edev_by_phandle	vmlinux	REQUIRED
8ba9dd33	extcon_get_edev_name	vmlinux	REQUIRED
d3a43c71	extcon_get_extcon_dev	vmlinux	kernel
5646823a	extcon_get_property	vmlinux	REQUIRED
652bbe55	extcon_get_state	vmlinux	REQUIRED
38e5e394	extcon_register_notifier	vmlinux	REQUIRED
8ec996af	extcon_set_property	vmlinux	REQUIRED
eb795f74	extcon_set_property_capability	vmlinux	REQUIRED
42e7846b	extcon_set_state	vmlinux	REQUIRED
afb7a5e0	extcon_set_state_sync	vmlinux	REQUIRED
6850da2f	extcon_sync	vmlinux	kernel
9c6a9657	extcon_unregister_notifier	vmlinux	kernel
23f6655a	failure_tracking	vmlinux	REQUIRED
868ee60d	fasync_helper	vmlinux	REQUIRED
ab781570	fb_get_options	vmlinux	kernel
daf4dfb3	fb_mode_option	vmlinux	kernel
7dbab506	fd_install	vmlinux	REQUIRED
d218c924	fget	vmlinux	REQUIRED
605790dc	fiemap_fill_next_extent	vmlinux	kernel
a677e220	fiemap_prep	vmlinux	kernel
a4ad516f	file_path	vmlinux	REQUIRED
c8561116	file_ra_state_init	vmlinux	kernel
49d6d17a	file_remove_privs	vmlinux	kernel
3c819a0d	file_update_time	vmlinux	kernel
a46d150a	file_write_and_wait_range	vmlinux	kernel
4b53ceae	filemap_allow_speculation	vmlinux	kernel
fe8173dd	filemap_check_errors	vmlinux	kernel
19ab8313	filemap_fault	vmlinux	kernel
1d9d116d	filemap_fdatawait_range	vmlinux	kernel
16ac317c	filemap_fdatawrite	vmlinux	kernel
ebcbbb98	filemap_flush	vmlinux	kernel
e59e5d64	filemap_map_pages	vmlinux	kernel
d74ba46c	filemap_write_and_wait_range	vmlinux	kernel
e92b8d30	filp_close	vmlinux	REQUIRED
a7aefc8c	filp_open	vmlinux	kernel
74a419b1	filp_open_block	vmlinux	REQUIRED
41dcc035	find_extend_vma	vmlinux	kernel
dca62649	find_get_pid	vmlinux	REQUIRED
e32c31d0	find_inode_nowait	vmlinux	kernel
b6a68816	find_last_bit	vmlinux	REQUIRED
c0a3d105	find_next_bit	vmlinux	REQUIRED
479c3c86	find_next_zero_bit	vmlinux	REQUIRED
72576fdc	find_pid_ns	vmlinux	kernel
948eede7	find_snd_usb_substream	vmlinux	REQUIRED
02f92131	find_task_by_vpid	vmlinux	REQUIRED
ed9ce4bd	find_user	vmlinux	REQUIRED
806ab898	find_vma	vmlinux	REQUIRED
12aec6f2	find_vpid	vmlinux	REQUIRED
92540fbf	finish_wait	vmlinux	REQUIRED
4bff2d19	firmware_request_nowarn	vmlinux	REQUIRED
2f7f02bb	fixed_size_llseek	vmlinux	REQUIRED
a70fb761	flow_keys_basic_dissector	vmlinux	kernel
cb0082ac	flush_dcache_page	vmlinux	REQUIRED
55339365	flush_delayed_fput	vmlinux	kernel
1148c0ea	flush_delayed_work	vmlinux	REQUIRED
db4212b1	flush_signals	vmlinux	kernel
4735ac17	flush_work	vmlinux	REQUIRED
42160169	flush_workqueue	vmlinux	REQUIRED
2956bcef	follow_pfn	vmlinux	kernel
09c8eb55	font_vga_8x16	vmlinux	kernel
058c6377	for_each_kernel_tracepoint	vmlinux	kernel
8946ea72	fpsimd_context_busy	vmlinux	kernel
c0598939	fput	vmlinux	REQUIRED
065246b8	frame_vector_create	vmlinux	kernel
1d5f9555	frame_vector_destroy	vmlinux	kernel
c5e5573a	frame_vector_to_pages	vmlinux	kernel
dffb744b	frame_vector_to_pfns	vmlinux	kernel
fd64922f	free_buffer_head	vmlinux	kernel
9a19aeb7	free_candev	vmlinux	kernel
9e5c5bed	free_io_pgtable_ops	vmlinux	kernel
6907c213	free_iova_fast	vmlinux	kernel
c1514a3b	free_irq	vmlinux	REQUIRED
4f21dc78	free_netdev	vmlinux	REQUIRED
4302d0eb	free_pages	vmlinux	REQUIRED
eb44339a	free_pages_exact	vmlinux	kernel
c9ec4e21	free_percpu	vmlinux	REQUIRED
bc6bec66	free_percpu_irq	vmlinux	kernel
dcca80fe	free_uid	vmlinux	REQUIRED
169056b9	freeze_bdev	vmlinux	kernel
12bb6788	freeze_super	vmlinux	kernel
b88cb66f	freezer_cgrp_subsys	vmlinux	REQUIRED
9b4ab3e7	freezing_slow_path	vmlinux	REQUIRED
8959e3df	freq_qos_add_notifier	vmlinux	kernel
28498a88	freq_qos_add_request	vmlinux	REQUIRED
6435f6e7	freq_qos_remove_notifier	vmlinux	kernel
894967be	freq_qos_remove_request	vmlinux	REQUIRED
2eec24ef	freq_qos_update_request	vmlinux	REQUIRED
d996b3ba	freq_scale	vmlinux	kernel
855d0cea	fs_bio_set	vmlinux	REQUIRED
0f80b882	fscrypt_decrypt_bio	vmlinux	kernel
21b91664	fscrypt_dio_supported	vmlinux	kernel
aa520f6c	fscrypt_drop_inode	vmlinux	kernel
83d583a2	fscrypt_encrypt_pagecache_blocks	vmlinux	kernel
3162a03f	fscrypt_file_open	vmlinux	kernel
80e5f86f	fscrypt_fname_alloc_buffer	vmlinux	kernel
c0547238	fscrypt_fname_disk_to_usr	vmlinux	kernel
a263892b	fscrypt_fname_free_buffer	vmlinux	kernel
025b0e5f	fscrypt_fname_siphash	vmlinux	kernel
bf723ea8	fscrypt_free_bounce_page	vmlinux	kernel
1df94f7a	fscrypt_free_inode	vmlinux	kernel
d66a3c79	fscrypt_get_symlink	vmlinux	kernel
39b4b555	fscrypt_has_permitted_context	vmlinux	kernel
4f9c356f	fscrypt_ioctl_add_key	vmlinux	kernel
a923eb33	fscrypt_ioctl_get_key_status	vmlinux	kernel
4fdc4f32	fscrypt_ioctl_get_nonce	vmlinux	kernel
84228e43	fscrypt_ioctl_get_policy	vmlinux	kernel
67f49cd3	fscrypt_ioctl_get_policy_ex	vmlinux	kernel
d52c347f	fscrypt_ioctl_remove_key	vmlinux	kernel
2ba2f6fe	fscrypt_ioctl_remove_key_all_users	vmlinux	kernel
bec269b7	fscrypt_ioctl_set_policy	vmlinux	kernel
a6a088b7	fscrypt_match_name	vmlinux	kernel
a22f3fce	fscrypt_mergeable_bio	vmlinux	kernel
8faf9145	fscrypt_prepare_new_inode	vmlinux	kernel
a7daf4bf	fscrypt_prepare_symlink	vmlinux	kernel
bafc1083	fscrypt_put_encryption_info	vmlinux	kernel
fda6118e	fscrypt_set_bio_crypt_ctx	vmlinux	kernel
a4a9fb70	fscrypt_set_context	vmlinux	kernel
7c704702	fscrypt_set_test_dummy_encryption	vmlinux	kernel
f5822a25	fscrypt_setup_filename	vmlinux	kernel
2e3979e1	fscrypt_show_test_dummy_encryption	vmlinux	kernel
1ef42a41	fscrypt_symlink_getattr	vmlinux	kernel
7d5ce516	fscrypt_zeroout_range	vmlinux	kernel
d1a3e8e0	fsg_common_create_luns	vmlinux	kernel
1b585045	fsg_common_set_cdev	vmlinux	kernel
6acb4179	fsg_common_set_inquiry_string	vmlinux	kernel
7e26d4a5	fsg_common_set_sysfs	vmlinux	kernel
ab6c68ac	fsg_config_from_params	vmlinux	kernel
4e036bc9	fsverity_cleanup_inode	vmlinux	kernel
57244555	fsverity_enqueue_verify_work	vmlinux	kernel
76fa974e	fsverity_file_open	vmlinux	kernel
917824a0	fsverity_ioctl_enable	vmlinux	kernel
3bf46d85	fsverity_ioctl_measure	vmlinux	kernel
9d0b1a80	fsverity_ioctl_read_metadata	vmlinux	kernel
b4a67ab5	fsverity_prepare_setattr	vmlinux	kernel
5d747fcb	fsverity_verify_bio	vmlinux	kernel
51b28ae5	fsverity_verify_page	vmlinux	kernel
b089cf22	fsync_bdev	vmlinux	kernel
aaa918c9	ftrace_dump	vmlinux	kernel
d6eaaea1	full_name_hash	vmlinux	kernel
1cedf5f8	fwnode_create_software_node	vmlinux	kernel
d83aab98	fwnode_device_is_available	vmlinux	kernel
15609a5e	fwnode_find_reference	vmlinux	REQUIRED
60e50a97	fwnode_get_name	vmlinux	kernel
bf8ff028	fwnode_get_named_child_node	vmlinux	kernel
8711b8f5	fwnode_get_next_child_node	vmlinux	REQUIRED
c918be37	fwnode_gpiod_get_index	vmlinux	kernel
8bd8d3df	fwnode_graph_get_next_endpoint	vmlinux	kernel
d3c72aac	fwnode_graph_get_port_parent	vmlinux	kernel
58a9eb1c	fwnode_graph_get_remote_endpoint	vmlinux	kernel
c70a6c9d	fwnode_graph_get_remote_port_parent	vmlinux	kernel
a0517dc4	fwnode_graph_parse_endpoint	vmlinux	kernel
e8b6d96e	fwnode_handle_get	vmlinux	REQUIRED
6a4af073	fwnode_handle_put	vmlinux	REQUIRED
1400dcd3	fwnode_property_get_reference_args	vmlinux	kernel
25f6bb4f	fwnode_property_present	vmlinux	REQUIRED
98d630d4	fwnode_property_read_string	vmlinux	REQUIRED
c4b43a7c	fwnode_property_read_u32_array	vmlinux	REQUIRED
26b300ca	fwnode_property_read_u64_array	vmlinux	kernel
af4f84f8	fwnode_usb_role_switch_get	vmlinux	kernel
ea124bd1	gcd	vmlinux	kernel
befa51a3	gen_pool_add_owner	vmlinux	REQUIRED
2b593aa8	gen_pool_alloc_algo_owner	vmlinux	REQUIRED
d0d3f0a4	gen_pool_avail	vmlinux	kernel
b737b185	gen_pool_best_fit	vmlinux	kernel
ced0f4d4	gen_pool_create	vmlinux	REQUIRED
6c224cda	gen_pool_destroy	vmlinux	REQUIRED
486075c8	gen_pool_dma_alloc	vmlinux	kernel
ada31e57	gen_pool_dma_alloc_align	vmlinux	kernel
3d210724	gen_pool_dma_zalloc_align	vmlinux	kernel
5e855e56	gen_pool_first_fit_align	vmlinux	kernel
3f4bd846	gen_pool_first_fit_order_align	vmlinux	kernel
060ba97c	gen_pool_free_owner	vmlinux	REQUIRED
1f557414	gen_pool_has_addr	vmlinux	kernel
96e5d30f	gen_pool_set_algo	vmlinux	kernel
2464da17	gen_pool_size	vmlinux	kernel
7d0ba682	gen_pool_virt_to_phys	vmlinux	kernel
a681fe88	generate_random_uuid	vmlinux	kernel
977db545	generic_delete_inode	vmlinux	kernel
ca0e26f1	generic_device_group	vmlinux	kernel
b707a53d	generic_error_remove_page	vmlinux	kernel
bf2ee7fe	generic_fh_to_dentry	vmlinux	kernel
1f489fc7	generic_fh_to_parent	vmlinux	kernel
381458f0	generic_file_direct_write	vmlinux	kernel
e2aa8e76	generic_file_llseek	vmlinux	REQUIRED
dd445b5e	generic_file_llseek_size	vmlinux	kernel
c1ee0ef9	generic_file_mmap	vmlinux	kernel
7c647e80	generic_file_open	vmlinux	kernel
35bd5cb7	generic_file_read_iter	vmlinux	kernel
a7b927e4	generic_file_splice_read	vmlinux	kernel
2191fd40	generic_fillattr	vmlinux	kernel
7ceaf0d5	generic_handle_irq	vmlinux	REQUIRED
5603b84d	generic_iommu_put_resv_regions	vmlinux	kernel
8050b7b0	generic_mii_ioctl	vmlinux	REQUIRED
b315cdab	generic_perform_write	vmlinux	kernel
ed7ac0ff	generic_read_dir	vmlinux	kernel
5faedb4a	generic_set_encrypted_ci_d_ops	vmlinux	kernel
4c5f03ad	generic_shutdown_super	vmlinux	REQUIRED
45487dc5	generic_write_checks	vmlinux	kernel
00a2ba12	genl_notify	vmlinux	kernel
9f9bb237	genl_register_family	vmlinux	REQUIRED
78e4183e	genl_unregister_family	vmlinux	REQUIRED
d8dc60d3	genlmsg_multicast_allns	vmlinux	kernel
7674c6a1	genlmsg_put	vmlinux	REQUIRED
19482543	genphy_aneg_done	vmlinux	kernel
0bac82bf	genphy_read_abilities	vmlinux	kernel
68511c2c	genphy_read_lpa	vmlinux	kernel
af58b5a2	genphy_read_mmd_unsupported	vmlinux	kernel
35bee5ef	genphy_read_status	vmlinux	kernel
7ff1de14	genphy_restart_aneg	vmlinux	kernel
4698285f	genphy_resume	vmlinux	REQUIRED
2842f249	genphy_soft_reset	vmlinux	kernel
1be4da9d	genphy_suspend	vmlinux	kernel
94998ddb	genphy_update_link	vmlinux	kernel
f3417f29	genphy_write_mmd_unsupported	vmlinux	kernel
c9e0f27d	get_cpu_device	vmlinux	REQUIRED
9fe899b7	get_cpu_idle_time	vmlinux	kernel
7b9793a2	get_cpu_idle_time_us	vmlinux	kernel
1234e483	get_cpu_iowait_time_us	vmlinux	kernel
54f79951	get_device	vmlinux	REQUIRED
51f2ba0f	get_device_system_crosststamp	vmlinux	kernel
d4a0a2a0	get_each_dmabuf	vmlinux	kernel
882f614f	get_each_object_track	vmlinux	kernel
618b006f	get_freelist_nr_pages	vmlinux	kernel
b8da8552	get_governor_parent_kobj	vmlinux	kernel
3b413908	get_kernel_pages	vmlinux	kernel
2cf77b2d	get_mem_cgroup_from_mm	vmlinux	kernel
8581ad8e	get_net_ns_by_fd	vmlinux	kernel
2a89f3fd	get_net_ns_by_pid	vmlinux	kernel
e953b21f	get_next_ino	vmlinux	kernel
b0e10781	get_option	vmlinux	REQUIRED
868acba5	get_options	vmlinux	kernel
bdd70345	get_page_owner_handle	vmlinux	kernel
252824e3	get_pelt_halflife	vmlinux	kernel
de8367aa	get_pfnblock_flags_mask	vmlinux	kernel
d15a2984	get_pid_task	vmlinux	REQUIRED
79aa04a2	get_random_bytes	vmlinux	REQUIRED
5d830297	get_random_bytes_arch	vmlinux	kernel
d36dc10c	get_random_u32	vmlinux	REQUIRED
e3ff2c41	get_random_u64	vmlinux	kernel
1de4ccb2	get_sg_io_hdr	vmlinux	REQUIRED
3f6ac589	get_slabinfo	vmlinux	kernel
f3808cb1	get_state_synchronize_rcu	vmlinux	kernel
fa54a0d7	get_task_exe_file	vmlinux	kernel
a378a2f4	get_task_mm	vmlinux	kernel
c7ae66c5	get_task_pid	vmlinux	REQUIRED
7fd7929b	get_thermal_instance	vmlinux	kernel
9fbc0597	get_tree_single	vmlinux	kernel
3b388f17	get_unmapped_area	vmlinux	REQUIRED
a843805a	get_unused_fd_flags	vmlinux	REQUIRED
03efe018	get_user_pages	vmlinux	REQUIRED
85d15b78	get_user_pages_fast	vmlinux	kernel
8151d0b3	get_user_pages_remote	vmlinux	kernel
58adb05c	get_vaddr_frames	vmlinux	kernel
7a4afbf0	get_wchan	vmlinux	kernel
f09b5d9a	get_zeroed_page	vmlinux	REQUIRED
ef464c28	getboottime64	vmlinux	REQUIRED
9e13f6f6	gf128mul_lle	vmlinux	kernel
7d359b5c	gfp_zone	vmlinux	kernel
4b0a3f52	gic_nonsecure_priorities	vmlinux	REQUIRED
14da596c	gic_resume	vmlinux	REQUIRED
5009c71d	glob_match	vmlinux	kernel
691b73ee	gnss_allocate_device	vmlinux	kernel
e506bb35	gnss_deregister_device	vmlinux	kernel
bc7f72b8	gnss_insert_raw	vmlinux	kernel
9094f720	gnss_put_device	vmlinux	kernel
5a90bdac	gnss_register_device	vmlinux	kernel
01effeca	gov_attr_set_get	vmlinux	kernel
ac10b46f	gov_attr_set_init	vmlinux	kernel
d6de6d04	gov_attr_set_put	vmlinux	kernel
0b182536	gov_update_cpu_data	vmlinux	kernel
16578d01	governor_sysfs_ops	vmlinux	kernel
fe990052	gpio_free	vmlinux	REQUIRED
b0d1656c	gpio_free_array	vmlinux	REQUIRED
47229b5c	gpio_request	vmlinux	REQUIRED
9ba2bb2b	gpio_request_array	vmlinux	kernel
403f9529	gpio_request_one	vmlinux	REQUIRED
2c531865	gpio_to_desc	vmlinux	REQUIRED
64370fe3	gpiochip_add_data_with_key	vmlinux	REQUIRED
42c032e6	gpiochip_add_pin_range	vmlinux	REQUIRED
e8c77bec	gpiochip_find	vmlinux	kernel
9c7f8b8a	gpiochip_generic_config	vmlinux	kernel
55a9ebb2	gpiochip_generic_free	vmlinux	REQUIRED
b87c0c9f	gpiochip_generic_request	vmlinux	REQUIRED
60fe6854	gpiochip_get_data	vmlinux	REQUIRED
093830a9	gpiochip_irqchip_add_key	vmlinux	kernel
e71c5570	gpiochip_line_is_valid	vmlinux	kernel
1af638e6	gpiochip_lock_as_irq	vmlinux	kernel
5d9e1c12	gpiochip_populate_parent_fwspec_fourcell	vmlinux	kernel
c4cd666f	gpiochip_remove	vmlinux	REQUIRED
93d33609	gpiochip_set_nested_irqchip	vmlinux	kernel
918a23c0	gpiochip_unlock_as_irq	vmlinux	kernel
c72c995d	gpiod_cansleep	vmlinux	kernel
0d5f7243	gpiod_count	vmlinux	kernel
1a93828e	gpiod_direction_input	vmlinux	REQUIRED
3efd4fdd	gpiod_direction_output	vmlinux	REQUIRED
63baf885	gpiod_direction_output_raw	vmlinux	REQUIRED
edc3122f	gpiod_get_direction	vmlinux	kernel
396e8690	gpiod_get_optional	vmlinux	kernel
9a7402a8	gpiod_get_raw_value	vmlinux	REQUIRED
07ee96f3	gpiod_get_raw_value_cansleep	vmlinux	REQUIRED
6606192c	gpiod_get_value	vmlinux	kernel
0421f2ad	gpiod_get_value_cansleep	vmlinux	REQUIRED
b5606728	gpiod_is_active_low	vmlinux	kernel
19e6a6a1	gpiod_put	vmlinux	kernel
e92664b6	gpiod_set_array_value_cansleep	vmlinux	kernel
e1aa88cb	gpiod_set_consumer_name	vmlinux	kernel
7221e927	gpiod_set_debounce	vmlinux	kernel
fbc84afe	gpiod_set_raw_value	vmlinux	REQUIRED
d98115d2	gpiod_set_raw_value_cansleep	vmlinux	REQUIRED
11b0ee03	gpiod_set_value	vmlinux	REQUIRED
f8677ec1	gpiod_set_value_cansleep	vmlinux	REQUIRED
796914a4	gpiod_to_chip	vmlinux	kernel
0a471896	gpiod_to_irq	vmlinux	REQUIRED
5f42fed0	grab_cache_page_write_begin	vmlinux	kernel
9f54ead7	gro_cells_destroy	vmlinux	REQUIRED
e6bba9d6	gro_cells_init	vmlinux	REQUIRED
dbaa53a7	gro_cells_receive	vmlinux	REQUIRED
43efdaa9	gs_alloc_req	vmlinux	kernel
29b24be5	gs_free_req	vmlinux	kernel
33bfdca2	gserial_alloc_line	vmlinux	kernel
a3cbf4f3	gserial_connect	vmlinux	kernel
15087bcb	gserial_disconnect	vmlinux	kernel
b6652875	gserial_free_line	vmlinux	kernel
b0f7d9d0	gserial_resume	vmlinux	kernel
656a0d2c	gserial_suspend	vmlinux	kernel
6c3f70e0	guid_gen	vmlinux	kernel
ee034014	handle_bad_irq	vmlinux	kernel
474af077	handle_edge_irq	vmlinux	kernel
e917a603	handle_fasteoi_ack_irq	vmlinux	kernel
5950598e	handle_fasteoi_irq	vmlinux	kernel
ee0968d4	handle_level_irq	vmlinux	REQUIRED
549525ef	handle_nested_irq	vmlinux	REQUIRED
965d5fce	handle_simple_irq	vmlinux	REQUIRED
7647726c	handle_sysrq	vmlinux	REQUIRED
cd24e146	hash_digest_size	vmlinux	kernel
162893fd	hashlen_string	vmlinux	REQUIRED
47aad3b9	have_governor_per_policy	vmlinux	kernel
f3337e12	hci_alloc_dev	vmlinux	kernel
97bcc765	hci_cmd_sync	vmlinux	kernel
846b90ca	hci_free_dev	vmlinux	kernel
94e3b54f	hci_recv_diag	vmlinux	kernel
6e71db56	hci_recv_frame	vmlinux	kernel
7018963b	hci_register_dev	vmlinux	kernel
26300e3d	hci_unregister_dev	vmlinux	kernel
b14ab1ef	hdmi_audio_infoframe_init	vmlinux	kernel
29e1e204	hdmi_audio_infoframe_pack	vmlinux	kernel
21be37e1	hdmi_avi_infoframe_check	vmlinux	kernel
25e58a09	hdmi_avi_infoframe_init	vmlinux	kernel
809712ff	hdmi_avi_infoframe_pack	vmlinux	kernel
2ee4c2b1	hdmi_avi_infoframe_pack_only	vmlinux	kernel
6e286604	hdmi_drm_infoframe_pack	vmlinux	kernel
d0bd487b	hdmi_drm_infoframe_pack_only	vmlinux	kernel
609b2853	hdmi_infoframe_pack	vmlinux	kernel
526eef2c	hdmi_vendor_infoframe_pack	vmlinux	kernel
2edbeaf7	hex2bin	vmlinux	REQUIRED
7129e5f8	hex_asc	vmlinux	kernel
8d73278e	hex_asc_upper	vmlinux	kernel
fe916dc6	hex_dump_to_buffer	vmlinux	REQUIRED
11f7ed4c	hex_to_bin	vmlinux	REQUIRED
4770d7dd	hid_add_device	vmlinux	kernel
77526c8a	hid_allocate_device	vmlinux	kernel
05495392	hid_debug	vmlinux	kernel
67deb5af	hid_destroy_device	vmlinux	kernel
28a8a7db	hid_hw_close	vmlinux	kernel
943ae811	hid_hw_open	vmlinux	kernel
2f71a7a9	hid_hw_start	vmlinux	kernel
dae460c7	hid_hw_stop	vmlinux	kernel
e5b38773	hid_input_report	vmlinux	kernel
cc0f3a8c	hid_open_report	vmlinux	kernel
8ec262a0	hid_parse_report	vmlinux	kernel
cdd650a6	hid_report_raw_event	vmlinux	kernel
5954b3b9	hid_unregister_driver	vmlinux	kernel
4aad7e86	hid_validate_values	vmlinux	kernel
8a7d1c31	high_memory	vmlinux	kernel
0c611b02	hmm_range_fault	vmlinux	kernel
ee49ad1d	housekeeping_cpumask	vmlinux	kernel
0ecd991f	hrtimer_active	vmlinux	REQUIRED
cc69bd8c	hrtimer_cancel	vmlinux	REQUIRED
76c41756	hrtimer_forward	vmlinux	REQUIRED
3ebd5214	hrtimer_init	vmlinux	REQUIRED
bbf64fe6	hrtimer_init_sleeper	vmlinux	kernel
406c4cb1	hrtimer_resolution	vmlinux	kernel
530dbc0e	hrtimer_sleeper_start_expires	vmlinux	kernel
939fc2ef	hrtimer_start_range_ns	vmlinux	REQUIRED
ef93df4b	hrtimer_try_to_cancel	vmlinux	REQUIRED
fa7d3354	hvc_alloc	vmlinux	REQUIRED
77b4af04	hvc_instantiate	vmlinux	kernel
9833bc0c	hvc_kick	vmlinux	REQUIRED
7bee9ebf	hvc_poll	vmlinux	REQUIRED
fcecc57b	hvc_remove	vmlinux	REQUIRED
617b026c	hwrng_register	vmlinux	REQUIRED
d57fbd31	hwrng_unregister	vmlinux	REQUIRED
ac847ea8	hwspin_lock_free	vmlinux	kernel
fad9c346	hwspin_lock_request_specific	vmlinux	kernel
b8d81f12	hypervisor_kobj	vmlinux	kernel
83f4b224	i2c_adapter_type	vmlinux	kernel
2f7a2d31	i2c_add_adapter	vmlinux	REQUIRED
6e805421	i2c_add_numbered_adapter	vmlinux	kernel
4d024543	i2c_bit_add_bus	vmlinux	kernel
1ce646c4	i2c_bit_add_numbered_bus	vmlinux	kernel
c515b69b	i2c_bus_type	vmlinux	REQUIRED
666ca93c	i2c_client_type	vmlinux	kernel
155de0c7	i2c_clients_command	vmlinux	kernel
77f802e3	i2c_del_adapter	vmlinux	REQUIRED
8f471ada	i2c_del_driver	vmlinux	REQUIRED
32580653	i2c_for_each_dev	vmlinux	kernel
07973cc7	i2c_generic_scl_recovery	vmlinux	kernel
80c7ed81	i2c_get_adapter	vmlinux	kernel
21deccf8	i2c_get_device_id	vmlinux	kernel
42041512	i2c_get_dma_safe_msg_buf	vmlinux	REQUIRED
4c6d34bf	i2c_match_id	vmlinux	kernel
7b423c56	i2c_new_ancillary_device	vmlinux	kernel
a0b44bf4	i2c_new_client_device	vmlinux	kernel
ef95a78b	i2c_new_dummy_device	vmlinux	kernel
f65f899c	i2c_new_scanned_device	vmlinux	kernel
024c9bef	i2c_parse_fw_timings	vmlinux	kernel
49bdf906	i2c_put_adapter	vmlinux	kernel
4dae16e4	i2c_put_dma_safe_msg_buf	vmlinux	REQUIRED
e15fcfc8	i2c_recover_bus	vmlinux	kernel
4f72f07e	i2c_register_driver	vmlinux	REQUIRED
328bd008	i2c_smbus_read_byte	vmlinux	kernel
ae87eb36	i2c_smbus_read_byte_data	vmlinux	kernel
5b8aa93e	i2c_smbus_read_i2c_block_data	vmlinux	kernel
2b912c5c	i2c_smbus_read_word_data	vmlinux	kernel
0809aa71	i2c_smbus_write_byte	vmlinux	kernel
610b7c49	i2c_smbus_write_byte_data	vmlinux	kernel
32b7680d	i2c_smbus_write_i2c_block_data	vmlinux	kernel
20aa1e26	i2c_smbus_write_word_data	vmlinux	kernel
c2dfd5f7	i2c_smbus_xfer	vmlinux	kernel
0f184be6	i2c_transfer	vmlinux	REQUIRED
b86fd3a1	i2c_transfer_buffer_flags	vmlinux	REQUIRED
631a9eb2	i2c_unregister_device	vmlinux	kernel
a935a491	i2c_verify_adapter	vmlinux	kernel
642751ed	i2c_verify_client	vmlinux	kernel
3db08043	i3c_device_disable_ibi	vmlinux	kernel
31bd8b49	i3c_device_do_priv_xfers	vmlinux	kernel
5bd94ec1	i3c_device_enable_ibi	vmlinux	kernel
8f921b1f	i3c_device_free_ibi	vmlinux	kernel
b5f9a031	i3c_device_get_info	vmlinux	kernel
fd3620e1	i3c_device_match_id	vmlinux	kernel
043c65ba	i3c_device_request_ibi	vmlinux	kernel
eef478af	i3c_driver_register_with_owner	vmlinux	kernel
6a3dca7f	i3c_driver_unregister	vmlinux	kernel
9256784e	i3c_generic_ibi_alloc_pool	vmlinux	REQUIRED
76fe3e05	i3c_generic_ibi_free_pool	vmlinux	REQUIRED
b133f9ea	i3c_generic_ibi_get_free_slot	vmlinux	REQUIRED
9a7ee19f	i3c_generic_ibi_recycle_slot	vmlinux	REQUIRED
19e78db7	i3c_master_add_i3c_dev_locked	vmlinux	REQUIRED
37d1f1b2	i3c_master_defslvs_locked	vmlinux	kernel
29131c93	i3c_master_disec_locked	vmlinux	REQUIRED
0f936af1	i3c_master_do_daa	vmlinux	REQUIRED
9c443f42	i3c_master_enec_locked	vmlinux	REQUIRED
d7263d68	i3c_master_entdaa_locked	vmlinux	REQUIRED
63513af3	i3c_master_get_free_addr	vmlinux	REQUIRED
7f6f6b80	i3c_master_queue_ibi	vmlinux	REQUIRED
785009dd	i3c_master_register	vmlinux	REQUIRED
5cd7229f	i3c_master_set_info	vmlinux	REQUIRED
682c06ff	i3c_master_unregister	vmlinux	REQUIRED
526b0572	i3cdev_to_dev	vmlinux	kernel
60defb88	icc_disable	vmlinux	kernel
c7b72aad	icc_enable	vmlinux	kernel
4f3ed226	icc_get	vmlinux	REQUIRED
e52348cf	icc_link_create	vmlinux	kernel
02d2921b	icc_node_add	vmlinux	kernel
615b7a5c	icc_node_create	vmlinux	kernel
9da87229	icc_node_del	vmlinux	kernel
c58a3ee6	icc_node_destroy	vmlinux	kernel
6e347231	icc_nodes_remove	vmlinux	kernel
8dab94a6	icc_provider_add	vmlinux	kernel
3c41c63b	icc_provider_del	vmlinux	kernel
276152a6	icc_put	vmlinux	REQUIRED
3cdad6c5	icc_set_bw	vmlinux	REQUIRED
2098fc77	icc_set_tag	vmlinux	REQUIRED
70e66e25	icc_std_aggregate	vmlinux	kernel
194ac533	icc_sync_state	vmlinux	kernel
e7a02573	ida_alloc_range	vmlinux	REQUIRED
a7d5f92e	ida_destroy	vmlinux	kernel
ffb7c514	ida_free	vmlinux	REQUIRED
b8f11603	idr_alloc	vmlinux	REQUIRED
91f44510	idr_alloc_cyclic	vmlinux	REQUIRED
12ab31f1	idr_alloc_u32	vmlinux	kernel
8e17b3ae	idr_destroy	vmlinux	REQUIRED
20978fb9	idr_find	vmlinux	REQUIRED
1d40b6f3	idr_for_each	vmlinux	REQUIRED
c57c48a3	idr_get_next	vmlinux	REQUIRED
954f099c	idr_preload	vmlinux	REQUIRED
7665a95b	idr_remove	vmlinux	REQUIRED
7b82b9a1	idr_replace	vmlinux	REQUIRED
7fef59e0	ieee802154_alloc_hw	vmlinux	kernel
dc9f60e4	ieee802154_free_hw	vmlinux	kernel
780ae57c	ieee802154_register_hw	vmlinux	kernel
a8e11e21	ieee802154_rx_irqsafe	vmlinux	kernel
a16b80a4	ieee802154_unregister_hw	vmlinux	kernel
60720f63	ieee802154_wake_queue	vmlinux	kernel
4070682b	ieee802154_xmit_complete	vmlinux	kernel
04d909d7	iget5_locked	vmlinux	kernel
ac538e55	iget_failed	vmlinux	kernel
6da7b7a3	iget_locked	vmlinux	kernel
98e508ef	ignore_console_lock_warning	vmlinux	kernel
6a4e1b7e	igrab	vmlinux	kernel
cbb6df6f	ihold	vmlinux	kernel
5a6afe15	iio_alloc_pollfunc	vmlinux	kernel
2134bb3a	iio_buffer_init	vmlinux	kernel
72a50826	iio_buffer_put	vmlinux	kernel
35b59c88	iio_channel_get	vmlinux	kernel
e6898a3a	iio_channel_get_all	vmlinux	REQUIRED
d7c406eb	iio_channel_release	vmlinux	kernel
ea7eb67c	iio_channel_release_all	vmlinux	kernel
abec8d67	iio_convert_raw_to_processed	vmlinux	kernel
2c27d423	iio_dealloc_pollfunc	vmlinux	kernel
739b1eb3	iio_device_alloc	vmlinux	kernel
427eae61	iio_device_attach_buffer	vmlinux	kernel
029261fc	iio_device_claim_direct_mode	vmlinux	kernel
671358a6	iio_device_free	vmlinux	kernel
eb7ce92e	iio_device_release_direct_mode	vmlinux	kernel
aec1e446	iio_device_unregister	vmlinux	kernel
5f529dc8	iio_get_channel_type	vmlinux	kernel
bb47c899	iio_get_time_ns	vmlinux	kernel
b24f388f	iio_push_event	vmlinux	kernel
5f3d694b	iio_push_to_buffers	vmlinux	kernel
ec9926ee	iio_read_channel_attribute	vmlinux	kernel
4e863092	iio_read_channel_processed	vmlinux	REQUIRED
7fdcbbc0	iio_read_channel_raw	vmlinux	kernel
1de95da3	iio_read_const_attr	vmlinux	kernel
4657b098	iio_read_mount_matrix	vmlinux	kernel
3fd71ac4	iio_show_mount_matrix	vmlinux	kernel
32c17b35	iio_trigger_notify_done	vmlinux	kernel
6304f8c5	iio_update_buffers	vmlinux	kernel
fd0c8ed0	iio_write_channel_raw	vmlinux	kernel
5823099b	ilookup	vmlinux	kernel
71959abc	ilookup5	vmlinux	kernel
29ae814e	import_iovec	vmlinux	REQUIRED
ac5fcec0	in4_pton	vmlinux	REQUIRED
76a2324c	in6_dev_finish_destroy	vmlinux	kernel
609bcd98	in6_pton	vmlinux	REQUIRED
1b6314fd	in_aton	vmlinux	kernel
39461d6a	in_egroup_p	vmlinux	kernel
8b8059bd	in_group_p	vmlinux	kernel
b347b7bc	inc_nlink	vmlinux	kernel
fcafc89e	inc_node_page_state	vmlinux	kernel
620ed178	inc_zone_page_state	vmlinux	REQUIRED
31082ef5	inet_csk_get_port	vmlinux	kernel
70313fd7	inet_proto_csum_replace4	vmlinux	kernel
886681bc	init_dummy_netdev	vmlinux	REQUIRED
f2246c08	init_iova_domain	vmlinux	kernel
c427c067	init_net	vmlinux	REQUIRED
f6f9d58d	init_on_free	vmlinux	kernel
7d73aad1	init_pid_ns	vmlinux	kernel
b0730485	init_pseudo	vmlinux	REQUIRED
75f518e3	init_special_inode	vmlinux	kernel
910e6db5	init_srcu_struct	vmlinux	REQUIRED
b1307de2	init_task	vmlinux	REQUIRED
79cf5987	init_timer_key	vmlinux	REQUIRED
442f2b95	init_uts_ns	vmlinux	REQUIRED
fe487975	init_wait_entry	vmlinux	REQUIRED
185b9040	inode_dio_wait	vmlinux	kernel
d8828409	inode_init_once	vmlinux	kernel
ad9068c9	inode_init_owner	vmlinux	kernel
887b9446	inode_newsize_ok	vmlinux	kernel
d4a7c869	inode_nohighmem	vmlinux	kernel
0789544a	inode_owner_or_capable	vmlinux	kernel
557a6f17	inode_permission	vmlinux	kernel
b249effc	inode_set_flags	vmlinux	kernel
51488668	input_alloc_absinfo	vmlinux	REQUIRED
e3db3c44	input_allocate_device	vmlinux	REQUIRED
1edc8012	input_close_device	vmlinux	REQUIRED
3b938c8d	input_event	vmlinux	REQUIRED
afd0f173	input_ff_create	vmlinux	REQUIRED
231c132e	input_ff_create_memless	vmlinux	kernel
28b46b32	input_ff_destroy	vmlinux	REQUIRED
d329e1c6	input_free_device	vmlinux	REQUIRED
4a3d248c	input_mt_assign_slots	vmlinux	kernel
d512290c	input_mt_destroy_slots	vmlinux	kernel
e8e46f19	input_mt_drop_unused	vmlinux	kernel
8bdf6c84	input_mt_init_slots	vmlinux	REQUIRED
29a13f00	input_mt_report_finger_count	vmlinux	kernel
d2c69385	input_mt_report_pointer_emulation	vmlinux	REQUIRED
3fcaa46c	input_mt_report_slot_state	vmlinux	REQUIRED
b2ef0fff	input_mt_sync_frame	vmlinux	REQUIRED
2e513500	input_open_device	vmlinux	REQUIRED
ff775d7a	input_register_device	vmlinux	REQUIRED
c984ee62	input_register_handle	vmlinux	REQUIRED
ac72b90e	input_register_handler	vmlinux	REQUIRED
837ac1f4	input_set_abs_params	vmlinux	REQUIRED
5bfaa8d0	input_set_capability	vmlinux	REQUIRED
d65e77bb	input_set_poll_interval	vmlinux	kernel
7e3bed04	input_set_timestamp	vmlinux	kernel
921c33d7	input_setup_polling	vmlinux	kernel
df5b2f63	input_unregister_device	vmlinux	REQUIRED
f5a2012a	input_unregister_handle	vmlinux	REQUIRED
a467bfcc	input_unregister_handler	vmlinux	REQUIRED
6ea1ad4b	insert_inode_locked	vmlinux	kernel
1af267f8	int_pow	vmlinux	kernel
b678366f	int_sqrt	vmlinux	REQUIRED
dab5a1eb	interval_tree_insert	vmlinux	REQUIRED
a44a1307	interval_tree_iter_first	vmlinux	REQUIRED
d96babb4	interval_tree_iter_next	vmlinux	REQUIRED
09b53e14	interval_tree_remove	vmlinux	REQUIRED
0a457fea	invalidate_bdev	vmlinux	kernel
2abc5f13	invalidate_mapping_pages	vmlinux	REQUIRED
93a6e0b2	io_schedule	vmlinux	kernel
fbc4f89e	io_schedule_timeout	vmlinux	kernel
c7da062f	iomem_resource	vmlinux	REQUIRED
0af40724	iommu_alloc_resv_region	vmlinux	kernel
7b7e559e	iommu_attach_device	vmlinux	REQUIRED
db2cdfed	iommu_attach_group	vmlinux	kernel
05e3382c	iommu_aux_attach_device	vmlinux	kernel
53aa4a1a	iommu_aux_detach_device	vmlinux	kernel
f2e4f990	iommu_aux_get_pasid	vmlinux	kernel
3e9c6201	iommu_detach_device	vmlinux	REQUIRED
75d5f97b	iommu_detach_group	vmlinux	kernel
4b1f746a	iommu_dev_enable_feature	vmlinux	kernel
c8c4e422	iommu_dev_feature_enabled	vmlinux	kernel
cc8b1822	iommu_device_register	vmlinux	kernel
f0e147e0	iommu_device_sysfs_add	vmlinux	kernel
664bcf31	iommu_device_sysfs_remove	vmlinux	kernel
8971746e	iommu_device_unlink	vmlinux	kernel
793e0685	iommu_device_unregister	vmlinux	kernel
24a54500	iommu_dma_enable_best_fit_algo	vmlinux	REQUIRED
e1cd661d	iommu_dma_get_resv_regions	vmlinux	kernel
87d4bf5a	iommu_dma_reserve_iova	vmlinux	REQUIRED
3231f8f9	iommu_domain_alloc	vmlinux	REQUIRED
cd045dae	iommu_domain_free	vmlinux	REQUIRED
b3876566	iommu_domain_get_attr	vmlinux	REQUIRED
a0f64f43	iommu_domain_set_attr	vmlinux	REQUIRED
98bb9c36	iommu_fwspec_add_ids	vmlinux	kernel
9d615d17	iommu_fwspec_free	vmlinux	kernel
f55e2664	iommu_get_dma_cookie	vmlinux	kernel
f078061e	iommu_get_domain_for_dev	vmlinux	REQUIRED
e2c2e703	iommu_get_msi_cookie	vmlinux	kernel
8d22bb58	iommu_group_alloc	vmlinux	kernel
cdd6770e	iommu_group_for_each_dev	vmlinux	kernel
ce5d44ea	iommu_group_get	vmlinux	kernel
d55ad93b	iommu_group_get_iommudata	vmlinux	kernel
89485687	iommu_group_put	vmlinux	kernel
4d6d0bbc	iommu_group_ref_get	vmlinux	kernel
4d25a11d	iommu_group_remove_device	vmlinux	kernel
c66b77b1	iommu_group_set_iommudata	vmlinux	kernel
bcdd5b99	iommu_group_set_name	vmlinux	kernel
2ed2f8f1	iommu_iova_to_phys	vmlinux	REQUIRED
b05c9257	iommu_map	vmlinux	REQUIRED
08769d8b	iommu_map_sg	vmlinux	REQUIRED
34fa718f	iommu_present	vmlinux	REQUIRED
ddf3ef3c	iommu_put_dma_cookie	vmlinux	kernel
f3e79ed8	iommu_register_device_fault_handler	vmlinux	kernel
480c3073	iommu_report_device_fault	vmlinux	kernel
6032dd43	iommu_set_fault_handler	vmlinux	REQUIRED
27747427	iommu_unmap	vmlinux	REQUIRED
f847428f	iommu_unregister_device_fault_handler	vmlinux	kernel
e7698027	ioremap_cache	vmlinux	kernel
edc03953	iounmap	vmlinux	REQUIRED
fe47ab0d	iov_iter_advance	vmlinux	kernel
c18613a8	iov_iter_alignment	vmlinux	kernel
3be97d66	iov_iter_bvec	vmlinux	kernel
0e145107	iov_iter_copy_from_user_atomic	vmlinux	kernel
4db67460	iov_iter_fault_in_readable	vmlinux	kernel
db649a21	iov_iter_get_pages	vmlinux	kernel
90b83c6f	iov_iter_kvec	vmlinux	kernel
a9b63b3a	iov_iter_single_seg_count	vmlinux	kernel
69f82b7b	ip6_local_out	vmlinux	kernel
3582321b	ip6_route_me_harder	vmlinux	kernel
20eadeb6	ip_compute_csum	vmlinux	REQUIRED
dd515a79	ip_local_out	vmlinux	kernel
1ef510bf	ip_route_me_harder	vmlinux	kernel
ee46abeb	ip_route_output_flow	vmlinux	REQUIRED
02124474	ip_send_check	vmlinux	kernel
bc67ff16	ipi_desc_get	vmlinux	kernel
f3e64fe1	iput	vmlinux	REQUIRED
452ba683	ipv6_ext_hdr	vmlinux	REQUIRED
ac68c79f	ipv6_find_hdr	vmlinux	REQUIRED
6a95273e	ipv6_skip_exthdr	vmlinux	REQUIRED
8b9e89a5	ipv6_stub	vmlinux	REQUIRED
b5f44176	ir_raw_event_store_edge	vmlinux	kernel
13e8189f	irq_chip_ack_parent	vmlinux	REQUIRED
5b670641	irq_chip_disable_parent	vmlinux	kernel
8d101352	irq_chip_enable_parent	vmlinux	kernel
81d977c3	irq_chip_eoi_parent	vmlinux	kernel
843326a5	irq_chip_get_parent_state	vmlinux	kernel
eec940e0	irq_chip_mask_parent	vmlinux	REQUIRED
b063c9fa	irq_chip_retrigger_hierarchy	vmlinux	kernel
fab540d5	irq_chip_set_affinity_parent	vmlinux	kernel
3d330455	irq_chip_set_parent_state	vmlinux	kernel
563a442e	irq_chip_set_type_parent	vmlinux	REQUIRED
770ea7ef	irq_chip_set_vcpu_affinity_parent	vmlinux	kernel
4f3e2587	irq_chip_set_wake_parent	vmlinux	REQUIRED
11a3baf1	irq_chip_unmask_parent	vmlinux	REQUIRED
ba3b84c8	irq_create_fwspec_mapping	vmlinux	kernel
b7983b27	irq_create_mapping_affinity	vmlinux	REQUIRED
f8968adc	irq_create_of_mapping	vmlinux	kernel
2c7db649	irq_dispose_mapping	vmlinux	REQUIRED
a15668d1	irq_do_set_affinity	vmlinux	kernel
c2b6e9fa	irq_domain_add_legacy	vmlinux	kernel
d60273b9	irq_domain_alloc_irqs_parent	vmlinux	kernel
36c19913	irq_domain_create_hierarchy	vmlinux	kernel
81982ed9	irq_domain_disconnect_hierarchy	vmlinux	kernel
cfff211b	irq_domain_free_irqs_common	vmlinux	kernel
69126572	irq_domain_free_irqs_parent	vmlinux	REQUIRED
0eacc482	irq_domain_get_irq_data	vmlinux	REQUIRED
53833461	irq_domain_remove	vmlinux	REQUIRED
9b31f2ce	irq_domain_set_hwirq_and_chip	vmlinux	kernel
e8181df3	irq_domain_set_info	vmlinux	REQUIRED
d460cbd6	irq_domain_simple_ops	vmlinux	kernel
2a876fc2	irq_domain_update_bus_token	vmlinux	kernel
901f1d93	irq_domain_xlate_onecell	vmlinux	REQUIRED
ed997340	irq_domain_xlate_onetwocell	vmlinux	kernel
c7783f5b	irq_domain_xlate_twocell	vmlinux	REQUIRED
30897ed2	irq_find_mapping	vmlinux	REQUIRED
e961b1f7	irq_find_matching_fwspec	vmlinux	REQUIRED
b8ee2fca	irq_gc_ack_set_bit	vmlinux	kernel
f7b775be	irq_gc_mask_clr_bit	vmlinux	kernel
a3c1a7a7	irq_gc_mask_set_bit	vmlinux	kernel
23972238	irq_gc_set_wake	vmlinux	kernel
9ea99b47	irq_generic_chip_ops	vmlinux	kernel
e423bd07	irq_get_domain_generic_chip	vmlinux	kernel
d67517d1	irq_get_irq_data	vmlinux	REQUIRED
1d222ced	irq_get_irqchip_state	vmlinux	kernel
7522f3ba	irq_modify_status	vmlinux	REQUIRED
cc23d1e5	irq_of_parse_and_map	vmlinux	REQUIRED
2a7b4b03	irq_set_affinity_hint	vmlinux	REQUIRED
7082834f	irq_set_affinity_notifier	vmlinux	REQUIRED
89122253	irq_set_chained_handler_and_data	vmlinux	REQUIRED
72a8f399	irq_set_chip	vmlinux	kernel
0bf5d553	irq_set_chip_and_handler_name	vmlinux	REQUIRED
20a789ac	irq_set_chip_data	vmlinux	REQUIRED
3dcb88a0	irq_set_handler_data	vmlinux	kernel
0bc477a2	irq_set_irq_type	vmlinux	REQUIRED
ce2840e7	irq_set_irq_wake	vmlinux	REQUIRED
b88dbfce	irq_set_irqchip_state	vmlinux	REQUIRED
dc6596fa	irq_set_parent	vmlinux	REQUIRED
2391f725	irq_stat	vmlinux	kernel
45355328	irq_to_desc	vmlinux	REQUIRED
d36ebd12	irq_work_queue	vmlinux	REQUIRED
f64a80c9	irq_work_queue_on	vmlinux	kernel
541bd60a	irq_work_run	vmlinux	kernel
f361a95b	irq_work_sync	vmlinux	kernel
2d628931	is_bad_inode	vmlinux	kernel
944a564d	is_console_locked	vmlinux	kernel
abcf70c3	is_dma_buf_file	vmlinux	REQUIRED
98575c12	is_swap_slot_cache_enabled	vmlinux	kernel
c31db0ce	is_vmalloc_addr	vmlinux	REQUIRED
20b4b49b	isolate_and_split_free_page	vmlinux	kernel
1b395e30	isolate_anon_lru_page	vmlinux	kernel
ad12a621	iter_file_splice_write	vmlinux	kernel
7371390e	iterate_fd	vmlinux	REQUIRED
d8cc9361	iunique	vmlinux	kernel
762c33d7	iw_handler_get_spy	vmlinux	kernel
0baccc24	iw_handler_get_thrspy	vmlinux	kernel
78eaa861	iw_handler_set_spy	vmlinux	kernel
2acd7adc	iw_handler_set_thrspy	vmlinux	kernel
4cba441d	iwe_stream_add_event	vmlinux	kernel
08249512	iwe_stream_add_point	vmlinux	kernel
c41bc980	iwe_stream_add_value	vmlinux	kernel
15ba50a6	jiffies	vmlinux	REQUIRED
92ec510d	jiffies64_to_msecs	vmlinux	kernel
055e77e8	jiffies_64	vmlinux	kernel
b1ddf995	jiffies_64_to_clock_t	vmlinux	kernel
37befc70	jiffies_to_msecs	vmlinux	REQUIRED
7f24de73	jiffies_to_usecs	vmlinux	REQUIRED
a6f6226c	kasan_flag_enabled	vmlinux	REQUIRED
fb384d37	kasprintf	vmlinux	REQUIRED
c679d809	kern_mount	vmlinux	REQUIRED
2503b8b4	kern_path	vmlinux	kernel
5ec05ca1	kern_unmount	vmlinux	REQUIRED
31c2b3ea	kernel_bind	vmlinux	kernel
17feba05	kernel_connect	vmlinux	REQUIRED
b58aeaab	kernel_cpustat	vmlinux	kernel
3710a485	kernel_getsockname	vmlinux	REQUIRED
be169a2d	kernel_kobj	vmlinux	REQUIRED
8fd180e7	kernel_neon_begin	vmlinux	kernel
a8a8110c	kernel_neon_end	vmlinux	kernel
43b3dc0d	kernel_param_lock	vmlinux	kernel
7df70e51	kernel_param_unlock	vmlinux	kernel
f184d189	kernel_power_off	vmlinux	kernel
4fffca22	kernel_recvmsg	vmlinux	REQUIRED
1e7bbcb3	kernel_restart	vmlinux	kernel
61b7752a	kernel_sendmsg	vmlinux	REQUIRED
6df1aaf1	kernel_sigaction	vmlinux	kernel
fdcd528e	kernel_sock_shutdown	vmlinux	kernel
a9fd43f3	kernfs_find_and_get_ns	vmlinux	REQUIRED
b205d117	kernfs_notify	vmlinux	REQUIRED
d152ded2	kernfs_path_from_node	vmlinux	kernel
c26db68c	kernfs_put	vmlinux	REQUIRED
fe1d2e94	key_create_or_update	vmlinux	kernel
a855c37d	key_put	vmlinux	kernel
4a6752f7	keyring_alloc	vmlinux	kernel
037a0cba	kfree	vmlinux	REQUIRED
f474fdcb	kfree_const	vmlinux	REQUIRED
d0760fc0	kfree_sensitive	vmlinux	REQUIRED
6f594009	kfree_skb	vmlinux	REQUIRED
5fd428fe	kfree_skb_list	vmlinux	REQUIRED
a6e1a69d	kick_all_cpus_sync	vmlinux	kernel
ab16b734	kill_anon_super	vmlinux	REQUIRED
b93613f1	kill_block_super	vmlinux	kernel
0cfca9d5	kill_fasync	vmlinux	REQUIRED
66ee9f57	kill_litter_super	vmlinux	kernel
5a4f441d	kill_pid	vmlinux	kernel
b2ead97c	kimage_vaddr	vmlinux	kernel
e4bbc1dd	kimage_voffset	vmlinux	REQUIRED
98a3170d	kiocb_set_cancel_fn	vmlinux	kernel
8900b200	kmalloc_caches	vmlinux	REQUIRED
bbe80fdb	kmalloc_order	vmlinux	kernel
b8b9f817	kmalloc_order_trace	vmlinux	REQUIRED
4ba1ee76	kmem_cache_alloc	vmlinux	REQUIRED
b38391e9	kmem_cache_alloc_trace	vmlinux	REQUIRED
612f3d20	kmem_cache_create	vmlinux	REQUIRED
003c60ff	kmem_cache_create_usercopy	vmlinux	REQUIRED
ae4b2889	kmem_cache_destroy	vmlinux	REQUIRED
d419eeb6	kmem_cache_free	vmlinux	REQUIRED
66b4cc41	kmemdup	vmlinux	REQUIRED
b3f548ad	kmemdup_nul	vmlinux	REQUIRED
0eb0bbf9	kmsg_dump_get_buffer	vmlinux	REQUIRED
71316503	kmsg_dump_get_line	vmlinux	kernel
10c2e75a	kmsg_dump_register	vmlinux	REQUIRED
616b30c7	kmsg_dump_rewind	vmlinux	REQUIRED
dea9919b	kmsg_dump_unregister	vmlinux	REQUIRED
551b1300	kobj_sysfs_ops	vmlinux	REQUIRED
f5f7b498	kobject_add	vmlinux	kernel
177f5d51	kobject_create_and_add	vmlinux	REQUIRED
f524bddc	kobject_del	vmlinux	REQUIRED
1b34c307	kobject_get	vmlinux	kernel
f6b0c7cb	kobject_init	vmlinux	kernel
ef1d7977	kobject_init_and_add	vmlinux	REQUIRED
91b9ec8d	kobject_put	vmlinux	REQUIRED
35bc9e8c	kobject_set_name	vmlinux	REQUIRED
8948c619	kobject_uevent	vmlinux	REQUIRED
229a20fd	kobject_uevent_env	vmlinux	REQUIRED
b1e12d81	krealloc	vmlinux	REQUIRED
fd4eadcf	kset_create_and_add	vmlinux	REQUIRED
4c0f4d66	kset_find_obj	vmlinux	kernel
8152cc73	kset_register	vmlinux	kernel
7479cb96	kset_unregister	vmlinux	REQUIRED
04ea5d10	ksize	vmlinux	REQUIRED
66f86b20	ksoftirqd	vmlinux	kernel
38869d88	kstat	vmlinux	kernel
b6bffb99	kstat_irqs_cpu	vmlinux	kernel
9bb05a3a	kstat_irqs_usr	vmlinux	kernel
2d39b0a7	kstrdup	vmlinux	REQUIRED
365e7911	kstrdup_const	vmlinux	REQUIRED
1652925f	kstrdup_quotable_cmdline	vmlinux	REQUIRED
9eacf8a5	kstrndup	vmlinux	REQUIRED
e0875eb1	kstrtobool	vmlinux	REQUIRED
da9fc7ae	kstrtobool_from_user	vmlinux	kernel
2276db98	kstrtoint	vmlinux	REQUIRED
23c9891c	kstrtoint_from_user	vmlinux	REQUIRED
461ac773	kstrtol_from_user	vmlinux	kernel
779a18af	kstrtoll	vmlinux	REQUIRED
69493b1a	kstrtos16	vmlinux	kernel
bcbdf60f	kstrtos8	vmlinux	REQUIRED
b417f082	kstrtos8_from_user	vmlinux	REQUIRED
7b0192da	kstrtou16	vmlinux	REQUIRED
e13d5d07	kstrtou16_from_user	vmlinux	REQUIRED
46045dd7	kstrtou8	vmlinux	REQUIRED
c1179daa	kstrtou8_from_user	vmlinux	REQUIRED
69ad2f20	kstrtouint	vmlinux	REQUIRED
fcb926cd	kstrtouint_from_user	vmlinux	REQUIRED
8a6af65c	kstrtoul_from_user	vmlinux	REQUIRED
3c80c06c	kstrtoull	vmlinux	REQUIRED
54245b39	kstrtoull_from_user	vmlinux	REQUIRED
55c76a23	ksys_sync_helper	vmlinux	kernel
18af30df	kthread_bind	vmlinux	kernel
04408b30	kthread_bind_mask	vmlinux	kernel
ac14d997	kthread_blkcg	vmlinux	kernel
a6c560c8	kthread_cancel_delayed_work_sync	vmlinux	REQUIRED
02190f89	kthread_cancel_work_sync	vmlinux	REQUIRED
d9aa98a4	kthread_create_on_node	vmlinux	REQUIRED
e3e465cd	kthread_create_worker	vmlinux	REQUIRED
c1b48cc6	kthread_delayed_work_timer_fn	vmlinux	REQUIRED
00a37f00	kthread_destroy_worker	vmlinux	REQUIRED
f98fd8ef	kthread_flush_work	vmlinux	REQUIRED
ae6080fa	kthread_flush_worker	vmlinux	REQUIRED
ca7d8764	kthread_freezable_should_stop	vmlinux	kernel
6d7ae2d5	kthread_mod_delayed_work	vmlinux	REQUIRED
7c009f61	kthread_park	vmlinux	REQUIRED
f95322f4	kthread_parkme	vmlinux	REQUIRED
8242a45a	kthread_queue_delayed_work	vmlinux	REQUIRED
c643be43	kthread_queue_work	vmlinux	REQUIRED
79defbe1	kthread_should_park	vmlinux	REQUIRED
b3f7646e	kthread_should_stop	vmlinux	REQUIRED
2b7ddd11	kthread_stop	vmlinux	REQUIRED
397bae86	kthread_unpark	vmlinux	REQUIRED
d6678842	kthread_unuse_mm	vmlinux	kernel
9cb5f906	kthread_use_mm	vmlinux	kernel
955b0e2e	kthread_worker_fn	vmlinux	REQUIRED
03952887	ktime_add_safe	vmlinux	kernel
b43f9365	ktime_get	vmlinux	REQUIRED
484f6edf	ktime_get_coarse_real_ts64	vmlinux	REQUIRED
f5e7ea40	ktime_get_coarse_ts64	vmlinux	kernel
bcc15e75	ktime_get_coarse_with_offset	vmlinux	kernel
6ebe366f	ktime_get_mono_fast_ns	vmlinux	REQUIRED
9714e0bb	ktime_get_raw	vmlinux	kernel
1edb69d6	ktime_get_raw_ts64	vmlinux	kernel
953e1b9e	ktime_get_real_seconds	vmlinux	REQUIRED
9ec6ca96	ktime_get_real_ts64	vmlinux	REQUIRED
a9320d27	ktime_get_seconds	vmlinux	kernel
dafcdc3a	ktime_get_snapshot	vmlinux	kernel
5e515be6	ktime_get_ts64	vmlinux	REQUIRED
c4f0da12	ktime_get_with_offset	vmlinux	REQUIRED
587b0954	kvasprintf	vmlinux	kernel
7aa1756e	kvfree	vmlinux	REQUIRED
baf22757	kvfree_call_rcu	vmlinux	REQUIRED
599fb41c	kvmalloc_node	vmlinux	REQUIRED
01bb07d2	led_classdev_flash_register_ext	vmlinux	REQUIRED
b656839b	led_classdev_flash_unregister	vmlinux	REQUIRED
0d6296d3	led_classdev_register_ext	vmlinux	kernel
cb7db351	led_classdev_unregister	vmlinux	REQUIRED
8192026c	led_get_flash_fault	vmlinux	kernel
ca66a3d3	led_set_brightness_nosleep	vmlinux	kernel
c41fa040	led_set_brightness_sync	vmlinux	kernel
1865ddc8	led_set_flash_brightness	vmlinux	kernel
95150c35	led_set_flash_timeout	vmlinux	kernel
8cb6603c	led_sysfs_disable	vmlinux	kernel
2df5b619	led_sysfs_enable	vmlinux	kernel
6006e194	led_trigger_event	vmlinux	REQUIRED
984456c2	led_trigger_register	vmlinux	kernel
a259f598	led_trigger_register_simple	vmlinux	REQUIRED
61d69c7e	led_trigger_remove	vmlinux	kernel
5ed32895	led_trigger_unregister	vmlinux	kernel
b45ef8ba	led_trigger_unregister_simple	vmlinux	REQUIRED
d97a221a	led_update_brightness	vmlinux	kernel
2c5af1ce	led_update_flash_brightness	vmlinux	kernel
d5301b2c	linear_range_get_max_value	vmlinux	kernel
d4e6d7e0	linear_range_get_value	vmlinux	kernel
cba4abe3	list_sort	vmlinux	REQUIRED
07ed79b9	ll_rw_block	vmlinux	kernel
c7a1840e	llist_add_batch	vmlinux	REQUIRED
0ddb1cd7	llist_reverse_order	vmlinux	REQUIRED
df3429d5	load_nls	vmlinux	kernel
cc22b348	load_nls_default	vmlinux	kernel
2b977b75	lock_sock_nested	vmlinux	kernel
d9b85ef6	lockref_get	vmlinux	REQUIRED
6d20fc95	log_abnormal_wakeup_reason	vmlinux	kernel
81b939ec	log_buf_addr_get	vmlinux	kernel
c98fa91b	log_buf_len_get	vmlinux	kernel
34e5628d	log_threaded_irq_wakeup_reason	vmlinux	kernel
67fdd2b2	logfc	vmlinux	REQUIRED
00ba7159	lookup_bdev	vmlinux	REQUIRED
a75f66f1	lookup_page_ext	vmlinux	kernel
ba497f13	loops_per_jiffy	vmlinux	kernel
d8e9d5de	lru_cache_add	vmlinux	kernel
308165ec	lru_cache_disable	vmlinux	kernel
702663ed	lru_cache_enable	vmlinux	kernel
787c882b	lzo1x_1_compress	vmlinux	REQUIRED
04df8fbc	lzo1x_decompress_safe	vmlinux	REQUIRED
79f697e4	lzorle1x_1_compress	vmlinux	REQUIRED
652032cb	mac_pton	vmlinux	REQUIRED
8925f293	make_bad_inode	vmlinux	kernel
1aab1c07	map_kernel_range	vmlinux	kernel
0f63ce7d	mark_buffer_async_write	vmlinux	kernel
ebc3f913	mark_buffer_dirty	vmlinux	kernel
d3876c31	mark_buffer_write_io_error	vmlinux	kernel
b2c27e90	mark_page_accessed	vmlinux	kernel
ad0413d4	match_hex	vmlinux	kernel
4e3567f7	match_int	vmlinux	kernel
acf4d843	match_strdup	vmlinux	kernel
81188c30	match_string	vmlinux	REQUIRED
44e9a829	match_token	vmlinux	kernel
8c5b346e	mbox_chan_received_data	vmlinux	kernel
40a79c74	mbox_chan_txdone	vmlinux	kernel
a90e12d3	mbox_client_txdone	vmlinux	REQUIRED
07e14d2c	mbox_controller_register	vmlinux	kernel
91ba3f34	mbox_controller_unregister	vmlinux	kernel
4abd0c35	mbox_free_channel	vmlinux	REQUIRED
f7cdbd5a	mbox_request_channel	vmlinux	REQUIRED
c08e23d3	mbox_request_channel_byname	vmlinux	kernel
e941859b	mbox_send_message	vmlinux	REQUIRED
1f449588	mctrl_gpio_disable_ms	vmlinux	kernel
ebd4cc11	mctrl_gpio_enable_ms	vmlinux	kernel
48a3d20b	mctrl_gpio_get	vmlinux	kernel
eb657418	mctrl_gpio_init	vmlinux	kernel
dfcb6c90	mctrl_gpio_set	vmlinux	kernel
8f6a44ef	mdio_device_reset	vmlinux	kernel
e53bf6f7	mdiobus_alloc_size	vmlinux	REQUIRED
1b7da5e7	mdiobus_free	vmlinux	REQUIRED
09e8eb90	mdiobus_get_phy	vmlinux	kernel
a87e4cd1	mdiobus_is_registered_device	vmlinux	kernel
36faf03a	mdiobus_read	vmlinux	kernel
2ee5d23a	mdiobus_unregister	vmlinux	REQUIRED
5e0a0419	mdiobus_write	vmlinux	kernel
dfcc2f07	media_create_intf_link	vmlinux	kernel
2fd4f5be	media_create_pad_link	vmlinux	kernel
a98f49c8	media_device_cleanup	vmlinux	REQUIRED
35fd62b8	media_device_init	vmlinux	REQUIRED
365a6997	media_device_register_entity	vmlinux	kernel
2f4b25cb	media_device_unregister	vmlinux	REQUIRED
04354f41	media_devnode_create	vmlinux	kernel
809e584b	media_devnode_remove	vmlinux	kernel
0744b735	media_entity_pads_init	vmlinux	REQUIRED
e6f06077	media_entity_remote_pad	vmlinux	kernel
c05c23c9	media_entity_remove_links	vmlinux	kernel
038a478f	media_entity_setup_link	vmlinux	kernel
baa670a1	media_graph_walk_cleanup	vmlinux	kernel
17ac12d2	media_graph_walk_init	vmlinux	kernel
2c3cb6d9	media_graph_walk_next	vmlinux	kernel
86629dc5	media_graph_walk_start	vmlinux	kernel
af11687d	media_pipeline_start	vmlinux	kernel
a9543a06	media_pipeline_stop	vmlinux	kernel
715e1e31	media_request_get_by_fd	vmlinux	kernel
c8c9eb59	media_request_object_complete	vmlinux	kernel
95df91f1	media_request_put	vmlinux	kernel
2450c381	mem_cgroup_from_id	vmlinux	kernel
4c894766	memblock_end_of_DRAM	vmlinux	kernel
9f0ec720	memblock_free	vmlinux	REQUIRED
d3543063	memcg_kmem_enabled_key	vmlinux	kernel
a07a37f0	memchr	vmlinux	REQUIRED
8df92f66	memchr_inv	vmlinux	kernel
449ad0a7	memcmp	vmlinux	REQUIRED
4829a47e	memcpy	vmlinux	REQUIRED
9291cd3b	memdup_user	vmlinux	REQUIRED
1d07e365	memdup_user_nul	vmlinux	kernel
5a9f1d63	memmove	vmlinux	REQUIRED
fcc1edd3	memory_block_size_bytes	vmlinux	kernel
af09b210	memory_cgrp_subsys	vmlinux	kernel
f352023f	memory_cgrp_subsys_enabled_key	vmlinux	kernel
65e0d6d7	memory_read_from_buffer	vmlinux	REQUIRED
27864d57	memparse	vmlinux	REQUIRED
c3762aec	mempool_alloc	vmlinux	REQUIRED
766a0927	mempool_alloc_pages	vmlinux	kernel
c972449f	mempool_alloc_slab	vmlinux	REQUIRED
1953c958	mempool_create	vmlinux	REQUIRED
9c122bcf	mempool_create_node	vmlinux	kernel
9034a696	mempool_destroy	vmlinux	REQUIRED
38e46431	mempool_exit	vmlinux	kernel
a897e3e7	mempool_free	vmlinux	REQUIRED
d985dc99	mempool_free_pages	vmlinux	kernel
8a99a016	mempool_free_slab	vmlinux	REQUIRED
15c85de3	mempool_init	vmlinux	kernel
6a037cf1	mempool_kfree	vmlinux	kernel
d35a6d31	mempool_kmalloc	vmlinux	kernel
2aa0843e	mempool_resize	vmlinux	kernel
4d924f20	memremap	vmlinux	REQUIRED
dcb764ad	memset	vmlinux	REQUIRED
ed8a2d95	memset64	vmlinux	REQUIRED
9688de8b	memstart_addr	vmlinux	REQUIRED
9e9fdd9d	memunmap	vmlinux	REQUIRED
d09b936a	mfd_add_devices	vmlinux	kernel
3ffe901e	mfd_remove_devices	vmlinux	kernel
c7c723ba	migrate_page_copy	vmlinux	kernel
01da1b45	migrate_page_move_mapping	vmlinux	kernel
e5021e7e	migrate_page_states	vmlinux	kernel
f2cc1dd3	migrate_pages	vmlinux	kernel
04cb41e8	migrate_swap	vmlinux	kernel
81b02588	mii_check_media	vmlinux	REQUIRED
51423689	mii_ethtool_get_link_ksettings	vmlinux	REQUIRED
d0e29d9c	mii_ethtool_gset	vmlinux	REQUIRED
4dd2466b	mii_ethtool_set_link_ksettings	vmlinux	REQUIRED
820f4b6c	mii_link_ok	vmlinux	REQUIRED
a782262b	mii_nway_restart	vmlinux	REQUIRED
fbd4e41c	mipi_dsi_attach	vmlinux	REQUIRED
973741eb	mipi_dsi_compression_mode	vmlinux	kernel
81ce66fa	mipi_dsi_create_packet	vmlinux	REQUIRED
228dd57d	mipi_dsi_dcs_enter_sleep_mode	vmlinux	kernel
d056eaf8	mipi_dsi_dcs_exit_sleep_mode	vmlinux	kernel
d9b8f070	mipi_dsi_dcs_get_display_brightness	vmlinux	kernel
486c3798	mipi_dsi_dcs_read	vmlinux	REQUIRED
87007fbb	mipi_dsi_dcs_set_column_address	vmlinux	kernel
e9b80cf7	mipi_dsi_dcs_set_display_brightness	vmlinux	REQUIRED
bee11ee8	mipi_dsi_dcs_set_display_off	vmlinux	kernel
46072d79	mipi_dsi_dcs_set_display_on	vmlinux	kernel
d098cb71	mipi_dsi_dcs_set_page_address	vmlinux	kernel
2bb4b65e	mipi_dsi_dcs_set_pixel_format	vmlinux	kernel
22dd72f1	mipi_dsi_dcs_set_tear_off	vmlinux	REQUIRED
5552aff3	mipi_dsi_dcs_set_tear_on	vmlinux	kernel
31904174	mipi_dsi_dcs_set_tear_scanline	vmlinux	kernel
35afd384	mipi_dsi_dcs_soft_reset	vmlinux	kernel
b48dc28f	mipi_dsi_dcs_write	vmlinux	REQUIRED
5232e23a	mipi_dsi_dcs_write_buffer	vmlinux	kernel
f6d5096e	mipi_dsi_detach	vmlinux	REQUIRED
ec55db3b	mipi_dsi_device_register_full	vmlinux	REQUIRED
2c966eb9	mipi_dsi_device_unregister	vmlinux	REQUIRED
d2abbef6	mipi_dsi_driver_register_full	vmlinux	kernel
350a2bcf	mipi_dsi_driver_unregister	vmlinux	kernel
677f31af	mipi_dsi_generic_read	vmlinux	kernel
f15a6f66	mipi_dsi_generic_write	vmlinux	kernel
012f2e6f	mipi_dsi_host_register	vmlinux	REQUIRED
edda5ce7	mipi_dsi_host_unregister	vmlinux	REQUIRED
adbeed61	mipi_dsi_packet_format_is_long	vmlinux	kernel
238b099f	mipi_dsi_packet_format_is_short	vmlinux	kernel
065668ae	mipi_dsi_picture_parameter_set	vmlinux	kernel
dcef2da4	misc_deregister	vmlinux	REQUIRED
6331d19e	misc_register	vmlinux	REQUIRED
0fb2f8a4	mktime64	vmlinux	kernel
f3b2ab28	mm_trace_rss_stat	vmlinux	kernel
a880e138	mmc_add_host	vmlinux	kernel
1ade7b26	mmc_alloc_host	vmlinux	kernel
a1c12a23	mmc_app_cmd	vmlinux	kernel
e02e7faa	mmc_calc_max_discard	vmlinux	kernel
9f5169ef	mmc_can_erase	vmlinux	kernel
d09be6b4	mmc_can_gpio_cd	vmlinux	kernel
40ee3e29	mmc_can_secure_erase_trim	vmlinux	kernel
01072cab	mmc_can_trim	vmlinux	kernel
67d30b1b	mmc_cmdq_disable	vmlinux	kernel
3d47233d	mmc_cmdq_enable	vmlinux	kernel
328f9e38	mmc_cqe_post_req	vmlinux	kernel
d1dc82d5	mmc_cqe_recovery	vmlinux	kernel
eae6cbe8	mmc_cqe_request_done	vmlinux	kernel
5b6452b2	mmc_cqe_start_req	vmlinux	kernel
dccb8da8	mmc_crypto_prepare_req	vmlinux	kernel
2a711ab2	mmc_crypto_setup_queue	vmlinux	kernel
f30bfa77	mmc_detect_card_removed	vmlinux	kernel
d9148399	mmc_detect_change	vmlinux	kernel
ea6d50b4	mmc_erase	vmlinux	kernel
6815cdeb	mmc_erase_group_aligned	vmlinux	kernel
c6278705	mmc_flush_cache	vmlinux	kernel
cee80cec	mmc_free_host	vmlinux	kernel
c99d67b1	mmc_get_card	vmlinux	kernel
2d22df52	mmc_get_ext_csd	vmlinux	kernel
302d9b76	mmc_gpio_get_cd	vmlinux	kernel
fdca5507	mmc_gpio_get_ro	vmlinux	kernel
a6306cae	mmc_gpio_set_cd_wake	vmlinux	kernel
d318b008	mmc_gpiod_request_cd	vmlinux	kernel
998206b1	mmc_gpiod_request_cd_irq	vmlinux	kernel
79e6a140	mmc_gpiod_request_ro	vmlinux	kernel
764819d9	mmc_hs200_tuning	vmlinux	kernel
2721c24b	mmc_hw_reset	vmlinux	kernel
d1612a2c	mmc_issue_type	vmlinux	kernel
6107d599	mmc_of_parse	vmlinux	REQUIRED
663109b9	mmc_of_parse_voltage	vmlinux	kernel
c9798951	mmc_put_card	vmlinux	kernel
c855f699	mmc_pwrseq_register	vmlinux	kernel
31bbc68e	mmc_pwrseq_unregister	vmlinux	kernel
b6178365	mmc_register_driver	vmlinux	kernel
0131f404	mmc_regulator_get_supply	vmlinux	REQUIRED
698a75a0	mmc_regulator_set_ocr	vmlinux	REQUIRED
48022310	mmc_regulator_set_vqmmc	vmlinux	REQUIRED
e59d2398	mmc_release_host	vmlinux	kernel
c36939c3	mmc_remove_host	vmlinux	kernel
92acfde7	mmc_request_done	vmlinux	kernel
093603fc	mmc_retune_pause	vmlinux	kernel
be47e2c3	mmc_retune_release	vmlinux	kernel
40b1a270	mmc_retune_timer_stop	vmlinux	kernel
f9f98ec1	mmc_retune_unpause	vmlinux	kernel
ceb0e709	mmc_run_bkops	vmlinux	kernel
a6c76f52	mmc_sanitize	vmlinux	kernel
85fb0357	mmc_select_bus_width	vmlinux	kernel
4e67b836	mmc_select_hs	vmlinux	kernel
713bfcc0	mmc_select_hs400	vmlinux	kernel
ab5669fa	mmc_select_hs_ddr	vmlinux	kernel
df721daa	mmc_select_timing	vmlinux	kernel
2ec60b84	mmc_send_status	vmlinux	kernel
6b9e0402	mmc_send_tuning	vmlinux	REQUIRED
a99f2303	mmc_set_clock	vmlinux	kernel
2d4e8591	mmc_set_data_timeout	vmlinux	kernel
4d8084f3	mmc_set_initial_state	vmlinux	kernel
d7c582cc	mmc_set_timing	vmlinux	kernel
efe41a4b	mmc_start_request	vmlinux	kernel
7fc6689f	mmc_sw_reset	vmlinux	kernel
4eba2317	mmc_switch	vmlinux	kernel
913fd9b4	mmc_unregister_driver	vmlinux	kernel
77232a63	mmc_wait_for_cmd	vmlinux	kernel
b6225276	mmc_wait_for_req	vmlinux	kernel
825a3481	mmput	vmlinux	kernel
ae26b98a	mmu_interval_notifier_insert	vmlinux	kernel
bf1c6b37	mmu_interval_notifier_remove	vmlinux	kernel
8f11e082	mmu_interval_read_begin	vmlinux	kernel
6a4f623b	mmu_notifier_synchronize	vmlinux	kernel
9d8d1f5d	mnt_drop_write_file	vmlinux	kernel
a6b7f7f0	mnt_want_write_file	vmlinux	kernel
c4f47221	mod_delayed_work_on	vmlinux	REQUIRED
77aa9eac	mod_node_page_state	vmlinux	REQUIRED
72cd0f7f	mod_timer	vmlinux	REQUIRED
8148b88e	mod_timer_pending	vmlinux	kernel
7c24b32d	module_layout	vmlinux	REQUIRED
2f166344	module_put	vmlinux	REQUIRED
1a312008	mount_bdev	vmlinux	kernel
1a2daab9	mpage_readahead	vmlinux	kernel
553508b9	mpage_readpage	vmlinux	kernel
f9a482f9	msleep	vmlinux	REQUIRED
cc5005fe	msleep_interruptible	vmlinux	REQUIRED
3d6dd0aa	mutex_is_locked	vmlinux	REQUIRED
eb9065d9	mutex_lock	vmlinux	REQUIRED
f4124677	mutex_lock_interruptible	vmlinux	REQUIRED
f0e95d9a	mutex_lock_killable	vmlinux	kernel
78c7940d	mutex_trylock	vmlinux	REQUIRED
40ce057b	mutex_trylock_recursive	vmlinux	kernel
e8b268ae	mutex_unlock	vmlinux	REQUIRED
06387f2f	n_tty_ioctl_helper	vmlinux	kernel
c10fddb8	name_to_dev_t	vmlinux	REQUIRED
3096be16	names_cachep	vmlinux	kernel
0d90bf8f	napi_complete_done	vmlinux	REQUIRED
dd574ae1	napi_consume_skb	vmlinux	kernel
313ce8ad	napi_disable	vmlinux	REQUIRED
cc41e24d	napi_gro_flush	vmlinux	REQUIRED
78410393	napi_gro_receive	vmlinux	REQUIRED
d2891832	napi_schedule_prep	vmlinux	REQUIRED
5023214d	nd_tbl	vmlinux	kernel
0d987c7c	neigh_destroy	vmlinux	REQUIRED
129807f3	neigh_lookup	vmlinux	kernel
4355980e	neigh_resolve_output	vmlinux	REQUIRED
239fef6e	neigh_xmit	vmlinux	kernel
6d2fc5a6	net_namespace_list	vmlinux	kernel
91e64970	net_ns_type_operations	vmlinux	kernel
f6ebc03b	net_ratelimit	vmlinux	kernel
6e0c1889	netdev_alert	vmlinux	kernel
1fe912f1	netdev_alloc_frag	vmlinux	kernel
3a5116fd	netdev_change_features	vmlinux	REQUIRED
46299167	netdev_err	vmlinux	REQUIRED
69668826	netdev_increment_features	vmlinux	REQUIRED
756da890	netdev_info	vmlinux	REQUIRED
726ef0e1	netdev_lower_state_changed	vmlinux	REQUIRED
67573634	netdev_master_upper_dev_link	vmlinux	kernel
19130aec	netdev_notify_peers	vmlinux	kernel
1b8a0de7	netdev_pick_tx	vmlinux	kernel
d12fbc58	netdev_rx_handler_register	vmlinux	REQUIRED
7a84a915	netdev_rx_handler_unregister	vmlinux	REQUIRED
6354abdb	netdev_set_default_ethtool_ops	vmlinux	kernel
970872f1	netdev_state_change	vmlinux	kernel
7d51bb24	netdev_update_features	vmlinux	REQUIRED
739906b2	netdev_upper_dev_link	vmlinux	kernel
73d8b70f	netdev_upper_dev_unlink	vmlinux	kernel
61b39b82	netdev_warn	vmlinux	REQUIRED
5bda3b15	netif_carrier_off	vmlinux	REQUIRED
07f2a14f	netif_carrier_on	vmlinux	REQUIRED
9a67d656	netif_device_attach	vmlinux	REQUIRED
7b1158b9	netif_device_detach	vmlinux	REQUIRED
943208f4	netif_napi_add	vmlinux	REQUIRED
dccd0e9b	netif_receive_skb	vmlinux	REQUIRED
daeb4544	netif_receive_skb_core	vmlinux	kernel
6b8bf149	netif_receive_skb_list	vmlinux	REQUIRED
73f87d29	netif_rx	vmlinux	REQUIRED
1ac5c37e	netif_rx_ni	vmlinux	REQUIRED
e397f50d	netif_schedule_queue	vmlinux	REQUIRED
0e09af44	netif_set_real_num_rx_queues	vmlinux	kernel
b3a7c447	netif_set_real_num_tx_queues	vmlinux	kernel
6ff908c6	netif_set_xps_queue	vmlinux	kernel
f522f10c	netif_stacked_transfer_operstate	vmlinux	kernel
013b7be4	netif_tx_stop_all_queues	vmlinux	REQUIRED
868b628d	netif_tx_wake_queue	vmlinux	REQUIRED
c268a61d	netlink_ack	vmlinux	kernel
b34324ff	netlink_broadcast	vmlinux	REQUIRED
894e4fcb	netlink_capable	vmlinux	kernel
81596a83	netlink_has_listeners	vmlinux	kernel
b0b08751	netlink_kernel_release	vmlinux	REQUIRED
fa599bb2	netlink_register_notifier	vmlinux	kernel
d402e883	netlink_unicast	vmlinux	REQUIRED
df54a8f7	netlink_unregister_notifier	vmlinux	kernel
5f7bcd36	new_inode	vmlinux	kernel
02a18c74	nf_conntrack_destroy	vmlinux	kernel
e4d558e6	nf_ct_attach	vmlinux	kernel
781d4346	nf_ct_delete	vmlinux	kernel
d6e9ba4a	nf_register_net_hooks	vmlinux	REQUIRED
d379ff8f	nf_unregister_net_hooks	vmlinux	REQUIRED
fb1703fe	nla_append	vmlinux	kernel
cd279169	nla_find	vmlinux	REQUIRED
f1db1704	nla_memcpy	vmlinux	REQUIRED
cf65aa3a	nla_put	vmlinux	REQUIRED
269a7faf	nla_put_64bit	vmlinux	REQUIRED
06f78276	nla_put_nohdr	vmlinux	kernel
96c6101e	nla_reserve	vmlinux	REQUIRED
350be1a7	nla_reserve_64bit	vmlinux	REQUIRED
6b640864	nla_strlcpy	vmlinux	REQUIRED
b8888b15	no_llseek	vmlinux	REQUIRED
53e2f80c	no_seek_end_llseek	vmlinux	kernel
82885f25	nonseekable_open	vmlinux	REQUIRED
9f5afe9b	noop_llseek	vmlinux	REQUIRED
cbe83eee	notify_change	vmlinux	kernel
017de3d5	nr_cpu_ids	vmlinux	REQUIRED
215054f8	nr_ipi_get	vmlinux	kernel
cdca3691	nr_irqs	vmlinux	kernel
a0d3456d	nr_swap_pages	vmlinux	kernel
f3adccc5	ns_capable	vmlinux	REQUIRED
6b853d06	ns_to_kernel_old_timeval	vmlinux	kernel
1e1e140e	ns_to_timespec64	vmlinux	REQUIRED
d0d036a6	nsec_to_clock_t	vmlinux	kernel
ffae8e8b	nsecs_to_jiffies	vmlinux	REQUIRED
c1065e21	nvdimm_bus_register	vmlinux	kernel
fdeed5aa	nvdimm_bus_unregister	vmlinux	kernel
fecd11b2	nvdimm_pmem_region_create	vmlinux	kernel
75dea444	nvmem_cell_get	vmlinux	REQUIRED
85540ebc	nvmem_cell_put	vmlinux	REQUIRED
99f018c4	nvmem_cell_read	vmlinux	REQUIRED
475f10e8	nvmem_cell_read_u32	vmlinux	REQUIRED
202d4ed6	nvmem_cell_write	vmlinux	REQUIRED
b4fc4551	nvmem_device_get	vmlinux	kernel
8349a895	nvmem_device_put	vmlinux	kernel
c697b0f7	nvmem_device_read	vmlinux	REQUIRED
3866e217	nvmem_device_write	vmlinux	REQUIRED
3969424e	nvmem_register	vmlinux	REQUIRED
cc39c03e	nvmem_unregister	vmlinux	REQUIRED
f6ceff9a	of_address_to_resource	vmlinux	REQUIRED
0321cdbf	of_alias_get_highest_id	vmlinux	kernel
5110cd07	of_alias_get_id	vmlinux	REQUIRED
0aee90bd	of_clk_add_hw_provider	vmlinux	kernel
2ceb7ac0	of_clk_add_provider	vmlinux	REQUIRED
0879a6f7	of_clk_del_provider	vmlinux	kernel
78a4c178	of_clk_get	vmlinux	kernel
c7b5b50e	of_clk_get_by_name	vmlinux	kernel
0aaa2cff	of_clk_get_from_provider	vmlinux	REQUIRED
5843e83f	of_clk_get_parent_count	vmlinux	kernel
d03f2be3	of_clk_get_parent_name	vmlinux	kernel
70951935	of_clk_hw_onecell_get	vmlinux	kernel
3c247ec4	of_clk_hw_simple_get	vmlinux	kernel
d052824e	of_clk_set_defaults	vmlinux	kernel
50eb7fa5	of_clk_src_onecell_get	vmlinux	REQUIRED
b4c76b57	of_clk_src_simple_get	vmlinux	kernel
39846f3f	of_count_phandle_with_args	vmlinux	REQUIRED
032d03c7	of_cpu_node_to_id	vmlinux	REQUIRED
13699fd2	of_cpufreq_cooling_register	vmlinux	kernel
f2a4ad58	of_css	vmlinux	kernel
ef19ce8b	of_devfreq_cooling_register	vmlinux	REQUIRED
94156ced	of_devfreq_cooling_register_power	vmlinux	kernel
84a379d2	of_device_alloc	vmlinux	kernel
882c7dd6	of_device_get_match_data	vmlinux	REQUIRED
5cf87584	of_device_is_available	vmlinux	REQUIRED
63a8db92	of_device_is_big_endian	vmlinux	kernel
ef4b763b	of_device_is_compatible	vmlinux	REQUIRED
a826bf37	of_device_modalias	vmlinux	kernel
fe315543	of_device_request_module	vmlinux	kernel
249f8b64	of_device_uevent_modalias	vmlinux	REQUIRED
0f8fb341	of_dma_configure_id	vmlinux	REQUIRED
5d4ef795	of_dma_controller_free	vmlinux	REQUIRED
ec01ee07	of_dma_controller_register	vmlinux	REQUIRED
320639c8	of_dma_is_coherent	vmlinux	REQUIRED
dea17c7b	of_dma_simple_xlate	vmlinux	kernel
ff281b73	of_dma_xlate_by_chan_id	vmlinux	kernel
e901f6c5	of_drm_find_bridge	vmlinux	REQUIRED
3c3784a8	of_drm_find_panel	vmlinux	REQUIRED
a23cce35	of_drm_get_panel_orientation	vmlinux	kernel
dddbf80f	of_find_all_nodes	vmlinux	kernel
30fcff58	of_find_backlight_by_node	vmlinux	kernel
65f9af5a	of_find_compatible_node	vmlinux	REQUIRED
68bc512b	of_find_device_by_node	vmlinux	REQUIRED
ebc6b04e	of_find_i2c_adapter_by_node	vmlinux	kernel
1a31f223	of_find_i2c_device_by_node	vmlinux	REQUIRED
54cf30ec	of_find_matching_node_and_match	vmlinux	REQUIRED
f8d97401	of_find_mipi_dsi_host_by_node	vmlinux	REQUIRED
87f6e3eb	of_find_node_by_name	vmlinux	REQUIRED
88582d55	of_find_node_by_phandle	vmlinux	REQUIRED
0499e212	of_find_node_by_type	vmlinux	kernel
986f7ca8	of_find_node_opts_by_path	vmlinux	REQUIRED
ea08eb76	of_find_node_with_property	vmlinux	REQUIRED
6ca7c29e	of_find_property	vmlinux	REQUIRED
736f884a	of_fwnode_ops	vmlinux	REQUIRED
36f1a6fa	of_gen_pool_get	vmlinux	kernel
32dc7e12	of_genpd_add_device	vmlinux	kernel
8788137b	of_genpd_add_provider_onecell	vmlinux	kernel
1ce84976	of_genpd_add_provider_simple	vmlinux	REQUIRED
0623ee5c	of_genpd_add_subdomain	vmlinux	kernel
dd232b4d	of_genpd_del_provider	vmlinux	REQUIRED
a1e98370	of_get_address	vmlinux	REQUIRED
b0ee738d	of_get_child_by_name	vmlinux	REQUIRED
1dfec630	of_get_compatible_child	vmlinux	kernel
989b9369	of_get_cpu_node	vmlinux	REQUIRED
61773766	of_get_display_timing	vmlinux	kernel
880c06c0	of_get_display_timings	vmlinux	kernel
55639ff8	of_get_dma_window	vmlinux	kernel
4b20035e	of_get_drm_display_mode	vmlinux	kernel
eb353145	of_get_i2c_adapter_by_node	vmlinux	kernel
723b1daa	of_get_mac_address	vmlinux	kernel
982b7d12	of_get_named_gpio_flags	vmlinux	REQUIRED
659b3c35	of_get_next_available_child	vmlinux	REQUIRED
69601c70	of_get_next_child	vmlinux	REQUIRED
6172fe2a	of_get_next_parent	vmlinux	REQUIRED
f7c453f0	of_get_parent	vmlinux	REQUIRED
c4529e86	of_get_phy_mode	vmlinux	kernel
ad0a8a5a	of_get_property	vmlinux	REQUIRED
e9c56740	of_get_regulator_init_data	vmlinux	REQUIRED
886ce7cd	of_get_videomode	vmlinux	kernel
e3532156	of_graph_get_endpoint_by_regs	vmlinux	REQUIRED
3ffa7c82	of_graph_get_endpoint_count	vmlinux	kernel
d5fb2027	of_graph_get_next_endpoint	vmlinux	REQUIRED
71025b46	of_graph_get_port_by_id	vmlinux	kernel
bdaf7c1a	of_graph_get_port_parent	vmlinux	REQUIRED
a6a990cd	of_graph_get_remote_endpoint	vmlinux	REQUIRED
f87243b6	of_graph_get_remote_node	vmlinux	REQUIRED
b94a4c1d	of_graph_get_remote_port	vmlinux	kernel
b66e8bc3	of_graph_get_remote_port_parent	vmlinux	REQUIRED
5e65b7ac	of_graph_is_present	vmlinux	REQUIRED
46c3b5de	of_graph_parse_endpoint	vmlinux	REQUIRED
32d9b70e	of_hwspin_lock_get_id	vmlinux	kernel
e4264bc4	of_i2c_get_board_info	vmlinux	kernel
cdb16f62	of_icc_get	vmlinux	REQUIRED
201327c0	of_icc_xlate_onecell	vmlinux	kernel
dc33c5a9	of_iomap	vmlinux	REQUIRED
e3ed0c5e	of_irq_find_parent	vmlinux	REQUIRED
49a88480	of_irq_get	vmlinux	REQUIRED
5f25b6cc	of_irq_get_byname	vmlinux	REQUIRED
938664fb	of_irq_parse_one	vmlinux	REQUIRED
341f1804	of_irq_to_resource_table	vmlinux	kernel
d31ccb06	of_machine_is_compatible	vmlinux	kernel
7576a4d9	of_match_device	vmlinux	REQUIRED
488eb4e2	of_match_node	vmlinux	REQUIRED
3c7b5792	of_mdiobus_register	vmlinux	kernel
c07c15a1	of_modalias_node	vmlinux	REQUIRED
c298fad8	of_n_addr_cells	vmlinux	REQUIRED
29ba86d8	of_n_size_cells	vmlinux	REQUIRED
841c2a67	of_node_name_eq	vmlinux	REQUIRED
a54f6163	of_nvmem_cell_get	vmlinux	kernel
dc548865	of_nvmem_device_get	vmlinux	kernel
79746f10	of_parse_phandle	vmlinux	REQUIRED
3cbbcd88	of_parse_phandle_with_args	vmlinux	REQUIRED
d01477fb	of_parse_phandle_with_fixed_args	vmlinux	REQUIRED
9dc1ad8f	of_pci_get_max_link_speed	vmlinux	kernel
1d3d2daf	of_phandle_iterator_init	vmlinux	REQUIRED
6a7d162c	of_phandle_iterator_next	vmlinux	REQUIRED
74c7e2ef	of_phy_connect	vmlinux	kernel
6b57fc9d	of_phy_deregister_fixed_link	vmlinux	kernel
7ca4d105	of_phy_find_device	vmlinux	kernel
c5a2ca53	of_phy_is_fixed_link	vmlinux	kernel
e48431b7	of_phy_register_fixed_link	vmlinux	kernel
a2094183	of_phy_simple_xlate	vmlinux	kernel
dca7c17d	of_pinctrl_get	vmlinux	kernel
06fb0100	of_platform_depopulate	vmlinux	REQUIRED
74cd6e1c	of_platform_device_create	vmlinux	REQUIRED
8c9f49e7	of_platform_device_destroy	vmlinux	REQUIRED
e59e7d7b	of_platform_populate	vmlinux	REQUIRED
1c9248ef	of_prop_next_string	vmlinux	REQUIRED
7043d2c8	of_prop_next_u32	vmlinux	REQUIRED
5f9e9913	of_property_count_elems_of_size	vmlinux	REQUIRED
3ccde25c	of_property_match_string	vmlinux	REQUIRED
9cf0dacc	of_property_read_string	vmlinux	REQUIRED
7c02aadb	of_property_read_string_helper	vmlinux	REQUIRED
a8a4448c	of_property_read_u32_index	vmlinux	REQUIRED
ac8a155e	of_property_read_u64	vmlinux	REQUIRED
53b92773	of_property_read_u64_index	vmlinux	kernel
c8b2ce3e	of_property_read_variable_u16_array	vmlinux	REQUIRED
fec2174f	of_property_read_variable_u32_array	vmlinux	REQUIRED
19e37896	of_property_read_variable_u64_array	vmlinux	kernel
64cd05cd	of_property_read_variable_u8_array	vmlinux	REQUIRED
bb009a81	of_pwm_xlate_with_flags	vmlinux	kernel
e4112332	of_regulator_match	vmlinux	kernel
b3795504	of_remove_property	vmlinux	kernel
43c31ab3	of_reserved_mem_device_init_by_idx	vmlinux	REQUIRED
9d408f9c	of_reserved_mem_device_release	vmlinux	REQUIRED
ea5339e4	of_reserved_mem_lookup	vmlinux	REQUIRED
97e32dd4	of_reset_control_array_get	vmlinux	kernel
0fdee4fc	of_root	vmlinux	kernel
53e6fe5a	of_thermal_get_ntrips	vmlinux	REQUIRED
aeda21a1	of_thermal_get_trip_points	vmlinux	REQUIRED
4755a2c2	of_thermal_is_trip_valid	vmlinux	REQUIRED
36f6c2b3	of_translate_address	vmlinux	REQUIRED
7533b285	of_usb_get_dr_mode_by_phy	vmlinux	kernel
0930245b	of_usb_get_phy_mode	vmlinux	kernel
3a0a609e	of_usb_host_tpl_support	vmlinux	kernel
08f7ac68	of_usb_update_otg_caps	vmlinux	kernel
294b9ea1	on_each_cpu	vmlinux	kernel
b1a5ab8c	on_each_cpu_cond	vmlinux	kernel
b1c3a01a	oops_in_progress	vmlinux	kernel
c49d1d3c	open_candev	vmlinux	kernel
56256e8a	orderly_poweroff	vmlinux	kernel
4071b517	out_of_line_wait_on_bit_timeout	vmlinux	kernel
8b618d08	overflowuid	vmlinux	REQUIRED
862f9d1a	page_cache_next_miss	vmlinux	kernel
f391cf3f	page_cache_prev_miss	vmlinux	kernel
992eafef	page_cache_ra_unbounded	vmlinux	kernel
639f4ed4	page_cache_sync_ra	vmlinux	kernel
d65281f0	page_endio	vmlinux	REQUIRED
c50f2b55	page_get_link	vmlinux	kernel
2296bb4c	page_mapped	vmlinux	kernel
5000845d	page_mapping	vmlinux	REQUIRED
a89580b9	page_mkclean	vmlinux	kernel
07a216f9	page_reporting_register	vmlinux	kernel
16d35611	page_reporting_unregister	vmlinux	kernel
94bee97e	page_symlink	vmlinux	kernel
bbf5e105	page_to_lruvec	vmlinux	kernel
6227840b	page_zero_new_buffers	vmlinux	kernel
e72028b0	pagecache_get_page	vmlinux	kernel
a146d88f	pagecache_write_begin	vmlinux	kernel
8d3048f1	pagecache_write_end	vmlinux	kernel
10791c48	pagevec_lookup_range	vmlinux	kernel
f059efc4	pagevec_lookup_range_tag	vmlinux	kernel
f1e046cc	panic	vmlinux	REQUIRED
07ceeac9	panic_notifier_list	vmlinux	REQUIRED
1f8544b8	panic_timeout	vmlinux	kernel
af81f891	param_array_ops	vmlinux	REQUIRED
55969cf2	param_get_bool	vmlinux	kernel
20552bee	param_get_charp	vmlinux	kernel
32a1a2ea	param_get_int	vmlinux	REQUIRED
70a9293c	param_get_string	vmlinux	REQUIRED
1610bd2a	param_get_uint	vmlinux	kernel
40f5c011	param_get_ullong	vmlinux	REQUIRED
7e481f32	param_get_ulong	vmlinux	kernel
c3d5b2ba	param_ops_bint	vmlinux	kernel
65671f08	param_ops_bool	vmlinux	REQUIRED
d1a4e093	param_ops_byte	vmlinux	kernel
d2728bc0	param_ops_charp	vmlinux	REQUIRED
eec40b1d	param_ops_hexint	vmlinux	kernel
d8339549	param_ops_int	vmlinux	REQUIRED
38611295	param_ops_long	vmlinux	kernel
55173b6c	param_ops_short	vmlinux	kernel
68c84b24	param_ops_string	vmlinux	REQUIRED
1115f928	param_ops_uint	vmlinux	REQUIRED
1e2688d7	param_ops_ullong	vmlinux	REQUIRED
021d6537	param_ops_ulong	vmlinux	REQUIRED
6df585df	param_ops_ushort	vmlinux	kernel
1d22e87b	param_set_bool	vmlinux	kernel
7bf9691c	param_set_charp	vmlinux	kernel
cb03153c	param_set_copystring	vmlinux	REQUIRED
f57c7707	param_set_int	vmlinux	REQUIRED
a500aaf3	param_set_uint	vmlinux	kernel
8ef527f6	param_set_ulong	vmlinux	kernel
914f78aa	part_end_io_acct	vmlinux	kernel
d0f6a67a	part_start_io_acct	vmlinux	kernel
30ee9d7b	passthru_features_check	vmlinux	REQUIRED
d814d970	path_put	vmlinux	kernel
c1f3509f	pause_cpus	vmlinux	kernel
821e0032	pci_aer_clear_nonfatal_status	vmlinux	REQUIRED
0f938cef	pci_alloc_irq_vectors_affinity	vmlinux	REQUIRED
042acf12	pci_assign_resource	vmlinux	REQUIRED
6657ccc9	pci_assign_unassigned_bus_resources	vmlinux	kernel
99ffd1b9	pci_bus_resource_n	vmlinux	kernel
34945c88	pci_bus_type	vmlinux	kernel
8168ab03	pci_choose_state	vmlinux	kernel
f04038f9	pci_clear_master	vmlinux	REQUIRED
1c5b556a	pci_d3cold_disable	vmlinux	kernel
3145216f	pci_dev_present	vmlinux	REQUIRED
39e91d75	pci_dev_put	vmlinux	kernel
2998069f	pci_device_group	vmlinux	kernel
bba71ba0	pci_device_is_present	vmlinux	REQUIRED
6469305c	pci_disable_device	vmlinux	REQUIRED
56e7eb83	pci_disable_link_state	vmlinux	kernel
28d3798b	pci_disable_msi	vmlinux	REQUIRED
a0d0262c	pci_disable_msix	vmlinux	kernel
238f464a	pci_disable_pcie_error_reporting	vmlinux	kernel
a052a97c	pci_disable_sriov	vmlinux	kernel
f8be3e91	pci_enable_atomic_ops_to_root	vmlinux	kernel
b1a30925	pci_enable_device	vmlinux	REQUIRED
b6d3b968	pci_enable_device_mem	vmlinux	kernel
abe0d4af	pci_enable_msi	vmlinux	kernel
e3f00f0a	pci_enable_msix_range	vmlinux	kernel
bbdddf5f	pci_enable_pcie_error_reporting	vmlinux	REQUIRED
bddd8c69	pci_enable_sriov	vmlinux	kernel
57c20124	pci_enable_wake	vmlinux	kernel
c8f57fc7	pci_epc_clear_bar	vmlinux	kernel
32851b92	pci_epc_map_addr	vmlinux	kernel
10429f90	pci_epc_mem_alloc_addr	vmlinux	kernel
0f3a2b56	pci_epc_mem_free_addr	vmlinux	kernel
30865bfd	pci_epc_set_bar	vmlinux	kernel
c3d86042	pci_epc_unmap_addr	vmlinux	kernel
23b8de72	pci_find_bus	vmlinux	kernel
2246ce53	pci_find_capability	vmlinux	kernel
cb4ab315	pci_find_ext_capability	vmlinux	REQUIRED
b888db5f	pci_find_next_capability	vmlinux	kernel
43137fea	pci_free_irq	vmlinux	kernel
7631967b	pci_free_irq_vectors	vmlinux	REQUIRED
b556c195	pci_generic_config_read	vmlinux	kernel
611bb548	pci_generic_config_write	vmlinux	kernel
c2bd87e4	pci_get_device	vmlinux	REQUIRED
f6af64d0	pci_get_domain_bus_and_slot	vmlinux	REQUIRED
3133aa0c	pci_get_slot	vmlinux	kernel
84d504d8	pci_host_probe	vmlinux	REQUIRED
b99ba85a	pci_intx	vmlinux	kernel
ca9282f8	pci_iomap	vmlinux	REQUIRED
12702bb0	pci_iomap_range	vmlinux	kernel
aa884900	pci_ioremap_bar	vmlinux	kernel
5e0a9aea	pci_irq_get_affinity	vmlinux	kernel
a75dc53e	pci_irq_vector	vmlinux	REQUIRED
1322500d	pci_load_and_free_saved_state	vmlinux	REQUIRED
a1ffe003	pci_load_saved_state	vmlinux	REQUIRED
9eb152a6	pci_map_rom	vmlinux	kernel
a1648ead	pci_match_id	vmlinux	kernel
a7c664da	pci_msi_create_irq_domain	vmlinux	REQUIRED
453c8403	pci_msi_enabled	vmlinux	kernel
724a9927	pci_msi_mask_irq	vmlinux	REQUIRED
43eb9092	pci_msi_unmask_irq	vmlinux	REQUIRED
1c547591	pci_msix_vec_count	vmlinux	kernel
9eb483fe	pci_num_vf	vmlinux	kernel
d49eba8d	pci_read_config_byte	vmlinux	kernel
4412c58e	pci_read_config_dword	vmlinux	REQUIRED
f5e7ab97	pci_read_config_word	vmlinux	REQUIRED
a601473c	pci_release_region	vmlinux	REQUIRED
04a05faa	pci_release_regions	vmlinux	kernel
f0b788cd	pci_release_resource	vmlinux	kernel
d0b1c8dd	pci_release_selected_regions	vmlinux	kernel
b402a5da	pci_remove_root_bus	vmlinux	REQUIRED
74da130c	pci_request_irq	vmlinux	kernel
db6d818c	pci_request_region	vmlinux	REQUIRED
d26ee740	pci_request_regions	vmlinux	kernel
615682ae	pci_request_selected_regions	vmlinux	kernel
fe560945	pci_rescan_bus	vmlinux	kernel
b2e665d8	pci_reset_function	vmlinux	kernel
63e34cc3	pci_resize_resource	vmlinux	kernel
b239648b	pci_restore_msi_state	vmlinux	kernel
b598e3ff	pci_restore_state	vmlinux	REQUIRED
2af8eaa1	pci_save_state	vmlinux	REQUIRED
422e935c	pci_select_bars	vmlinux	kernel
fba39625	pci_set_master	vmlinux	REQUIRED
6c9fdae2	pci_set_mwi	vmlinux	kernel
48cb85bc	pci_set_power_state	vmlinux	REQUIRED
356b977a	pci_sriov_configure_simple	vmlinux	kernel
fce1d90e	pci_stop_root_bus	vmlinux	REQUIRED
7180a796	pci_store_saved_state	vmlinux	REQUIRED
cc072d8f	pci_try_set_mwi	vmlinux	kernel
93d7a4c2	pci_unmap_rom	vmlinux	kernel
e1e4290c	pci_unregister_driver	vmlinux	REQUIRED
6e96d32a	pci_vfs_assigned	vmlinux	kernel
a848813c	pci_wake_from_d3	vmlinux	kernel
67b5b133	pci_walk_bus	vmlinux	REQUIRED
dc94eb7c	pci_write_config_byte	vmlinux	kernel
8674517b	pci_write_config_dword	vmlinux	REQUIRED
78a30ae3	pci_write_config_word	vmlinux	REQUIRED
00605e4f	pcibios_resource_to_bus	vmlinux	kernel
cebc01e6	pcie_aspm_enabled	vmlinux	kernel
a47b1de5	pcie_bandwidth_available	vmlinux	kernel
5085be7d	pcie_capability_clear_and_set_word	vmlinux	REQUIRED
3eb65cf5	pcie_capability_read_word	vmlinux	REQUIRED
c566a616	pcie_capability_write_word	vmlinux	kernel
63d08990	pcie_get_mps	vmlinux	kernel
f0559b3a	pcie_get_speed_cap	vmlinux	kernel
caa8aa61	pcie_set_mps	vmlinux	kernel
5d968a60	pcim_enable_device	vmlinux	kernel
e7b9a65d	pcpu_nr_pages	vmlinux	kernel
55ffab3b	per_cpu_ptr_to_phys	vmlinux	kernel
e138fb8c	percpu_counter_add_batch	vmlinux	kernel
ac537ac2	percpu_counter_destroy	vmlinux	kernel
e5c60bd2	percpu_counter_set	vmlinux	kernel
87487d40	percpu_down_write	vmlinux	kernel
37bf7be3	percpu_ref_exit	vmlinux	kernel
b570ec39	percpu_ref_init	vmlinux	kernel
c91fdf58	percpu_ref_is_zero	vmlinux	kernel
1ed4d2eb	percpu_ref_kill_and_confirm	vmlinux	kernel
f782fb07	percpu_ref_switch_to_atomic_sync	vmlinux	kernel
7283161b	percpu_ref_switch_to_percpu	vmlinux	kernel
3ee3430e	percpu_up_write	vmlinux	kernel
4e969fd8	perf_aux_output_begin	vmlinux	REQUIRED
72164fc7	perf_aux_output_end	vmlinux	REQUIRED
b98c74f8	perf_aux_output_flag	vmlinux	REQUIRED
36146bfc	perf_event_addr_filters_sync	vmlinux	kernel
bcfefbf3	perf_event_create_kernel_counter	vmlinux	kernel
7d609757	perf_event_disable	vmlinux	kernel
085a0bc8	perf_event_enable	vmlinux	kernel
604cfc3f	perf_event_pause	vmlinux	kernel
5bc0d13f	perf_event_read_local	vmlinux	kernel
b51778a4	perf_event_read_value	vmlinux	kernel
4ec8ccb5	perf_event_release_kernel	vmlinux	kernel
94d747c6	perf_event_update_userpage	vmlinux	kernel
35a5c4c0	perf_get_aux	vmlinux	REQUIRED
c385cb58	perf_num_counters	vmlinux	kernel
1b568fd6	perf_pmu_migrate_context	vmlinux	kernel
f12439e8	perf_pmu_register	vmlinux	REQUIRED
89615988	perf_pmu_unregister	vmlinux	REQUIRED
cb8a6e1b	perf_trace_buf_alloc	vmlinux	REQUIRED
707d45e8	perf_trace_run_bpf_submit	vmlinux	REQUIRED
51e77c97	pfn_valid	vmlinux	REQUIRED
fdcedb33	phy_attached_info	vmlinux	kernel
00efe6c0	phy_calibrate	vmlinux	kernel
5988c8ba	phy_configure	vmlinux	kernel
e2da3166	phy_connect	vmlinux	REQUIRED
ff9d0908	phy_connect_direct	vmlinux	kernel
6f3a06f6	phy_disconnect	vmlinux	REQUIRED
87f68851	phy_do_ioctl_running	vmlinux	REQUIRED
4dd6e85a	phy_drivers_register	vmlinux	kernel
10e46d5d	phy_drivers_unregister	vmlinux	kernel
ca8a507c	phy_ethtool_get_eee	vmlinux	kernel
e11de541	phy_ethtool_get_link_ksettings	vmlinux	REQUIRED
6e0fe577	phy_ethtool_ksettings_get	vmlinux	kernel
8d679adb	phy_ethtool_ksettings_set	vmlinux	kernel
7cfa9588	phy_ethtool_nway_reset	vmlinux	REQUIRED
9623fb1f	phy_ethtool_set_eee	vmlinux	kernel
21b2cfa6	phy_ethtool_set_link_ksettings	vmlinux	REQUIRED
c2c11ca4	phy_exit	vmlinux	kernel
407f65d9	phy_find_first	vmlinux	kernel
a5bcda36	phy_get	vmlinux	kernel
9f0bd293	phy_get_eee_err	vmlinux	kernel
a0211602	phy_get_pause	vmlinux	kernel
a8ad088f	phy_init	vmlinux	kernel
996f5f36	phy_init_eee	vmlinux	kernel
29163f18	phy_init_hw	vmlinux	kernel
8cdf747a	phy_mac_interrupt	vmlinux	kernel
8a0f5c2d	phy_mii_ioctl	vmlinux	kernel
881bad5e	phy_mipi_dphy_config_validate	vmlinux	kernel
4848cfb1	phy_mipi_dphy_get_default_config	vmlinux	kernel
d82d5460	phy_modify	vmlinux	kernel
67d7a10b	phy_modify_changed	vmlinux	kernel
da72a21c	phy_modify_mmd	vmlinux	kernel
e9764077	phy_modify_paged	vmlinux	kernel
80d476ac	phy_modify_paged_changed	vmlinux	kernel
e607becf	phy_pm_runtime_get_sync	vmlinux	kernel
f93fed12	phy_pm_runtime_put_sync	vmlinux	kernel
fe622430	phy_power_off	vmlinux	kernel
b0d3fa35	phy_power_on	vmlinux	kernel
0605b2f5	phy_print_status	vmlinux	REQUIRED
a9b84e64	phy_put	vmlinux	kernel
523be52e	phy_read_mmd	vmlinux	kernel
a2c2c04b	phy_read_paged	vmlinux	kernel
effa4c5b	phy_remove_link_mode	vmlinux	kernel
af24037b	phy_reset	vmlinux	kernel
3ee19f68	phy_reset_after_clk_enable	vmlinux	kernel
2f3fd8b3	phy_resolve_aneg_pause	vmlinux	kernel
36df308b	phy_restore_page	vmlinux	kernel
2d83b46e	phy_resume	vmlinux	kernel
394db1ba	phy_select_page	vmlinux	kernel
861ff702	phy_set_max_speed	vmlinux	kernel
1a433760	phy_set_mode_ext	vmlinux	kernel
c537b522	phy_set_sym_pause	vmlinux	kernel
a751b989	phy_start	vmlinux	REQUIRED
72889a7e	phy_start_aneg	vmlinux	kernel
ceef0b7f	phy_stop	vmlinux	REQUIRED
34ce063c	phy_support_sym_pause	vmlinux	kernel
4a51c13b	phy_suspend	vmlinux	kernel
2da25126	phy_validate	vmlinux	kernel
b226915d	phy_write_mmd	vmlinux	kernel
e16fbb16	phy_write_paged	vmlinux	kernel
7ef533c5	phylink_connect_phy	vmlinux	kernel
0944fe48	phylink_create	vmlinux	kernel
f3083a1d	phylink_destroy	vmlinux	kernel
892258f2	phylink_of_phy_connect	vmlinux	kernel
c1d15a4c	phylink_set_port_modes	vmlinux	kernel
911fcd6c	phylink_start	vmlinux	kernel
0d779a66	pick_highest_pushable_task	vmlinux	kernel
118bd6a2	pid_nr_ns	vmlinux	REQUIRED
918779bc	pid_task	vmlinux	REQUIRED
092ea19f	pin_get_name	vmlinux	kernel
83986d0c	pin_user_pages	vmlinux	kernel
11470fc9	pin_user_pages_fast	vmlinux	kernel
b820deb2	pin_user_pages_remote	vmlinux	kernel
921ecb25	pinconf_generic_dt_free_map	vmlinux	kernel
277ab108	pinconf_generic_dt_node_to_map	vmlinux	REQUIRED
2de44628	pinconf_generic_parse_dt_config	vmlinux	kernel
f7670ccd	pinctrl_add_gpio_range	vmlinux	kernel
71d59aa9	pinctrl_dev_get_drvdata	vmlinux	REQUIRED
125ce930	pinctrl_enable	vmlinux	kernel
93d7a73d	pinctrl_find_gpio_range_from_pin	vmlinux	kernel
eceab376	pinctrl_force_default	vmlinux	kernel
9b91176c	pinctrl_force_sleep	vmlinux	kernel
186817bb	pinctrl_generic_add_group	vmlinux	kernel
d4805735	pinctrl_generic_get_group	vmlinux	kernel
2c9c6a9e	pinctrl_generic_get_group_count	vmlinux	kernel
df30a448	pinctrl_generic_get_group_name	vmlinux	kernel
d62ddf6e	pinctrl_generic_get_group_pins	vmlinux	kernel
08326fbf	pinctrl_get	vmlinux	kernel
1bc5eebe	pinctrl_gpio_direction_input	vmlinux	kernel
1b8822d8	pinctrl_gpio_direction_output	vmlinux	kernel
79a35362	pinctrl_lookup_state	vmlinux	REQUIRED
f6efcbc6	pinctrl_pm_select_default_state	vmlinux	REQUIRED
2e485010	pinctrl_pm_select_idle_state	vmlinux	kernel
d4f76d59	pinctrl_pm_select_sleep_state	vmlinux	REQUIRED
bd7d1702	pinctrl_put	vmlinux	kernel
ebfe727f	pinctrl_register	vmlinux	kernel
82e30947	pinctrl_remove_gpio_range	vmlinux	kernel
f8ef112c	pinctrl_select_default_state	vmlinux	kernel
5c39520d	pinctrl_select_state	vmlinux	REQUIRED
f982a1e4	pinctrl_unregister	vmlinux	kernel
fcc2c29f	pinctrl_utils_add_map_configs	vmlinux	kernel
e373b412	pinctrl_utils_add_map_mux	vmlinux	kernel
ace211b6	pinctrl_utils_free_map	vmlinux	REQUIRED
219c2a85	pinctrl_utils_reserve_map	vmlinux	kernel
5586dc30	pinmux_generic_add_function	vmlinux	kernel
3d5c8e0e	pinmux_generic_get_function	vmlinux	kernel
35add691	pinmux_generic_get_function_count	vmlinux	kernel
9fa814f2	pinmux_generic_get_function_groups	vmlinux	kernel
f7f0c6e0	pinmux_generic_get_function_name	vmlinux	kernel
19938522	pipe_lock	vmlinux	kernel
57e9847b	pipe_unlock	vmlinux	kernel
3d371dde	pktgen_xfrm_outer_mode_output	vmlinux	kernel
7b7b6b6e	platform_add_devices	vmlinux	kernel
177e1035	platform_bus	vmlinux	kernel
b1454ef1	platform_bus_type	vmlinux	REQUIRED
04e90e03	platform_device_add	vmlinux	REQUIRED
5f971f77	platform_device_add_data	vmlinux	REQUIRED
324aa8b7	platform_device_add_properties	vmlinux	kernel
d757224f	platform_device_add_resources	vmlinux	kernel
f477c34f	platform_device_alloc	vmlinux	REQUIRED
b81968dd	platform_device_del	vmlinux	REQUIRED
e2e7afd8	platform_device_put	vmlinux	REQUIRED
cbfe80e4	platform_device_register	vmlinux	REQUIRED
9862a92d	platform_device_register_full	vmlinux	kernel
0e8a28de	platform_device_unregister	vmlinux	REQUIRED
329d9ae3	platform_driver_unregister	vmlinux	REQUIRED
7025f7ce	platform_find_device_by_driver	vmlinux	kernel
af189c2c	platform_get_irq	vmlinux	REQUIRED
2003709b	platform_get_irq_byname	vmlinux	REQUIRED
6dabcb1e	platform_get_irq_byname_optional	vmlinux	kernel
cea9f3af	platform_get_irq_optional	vmlinux	kernel
2e29445c	platform_get_resource	vmlinux	REQUIRED
c06cf568	platform_get_resource_byname	vmlinux	REQUIRED
c7fda62f	platform_irq_count	vmlinux	REQUIRED
f2983d68	platform_irqchip_probe	vmlinux	kernel
6d11ee67	platform_msi_domain_alloc_irqs	vmlinux	REQUIRED
ebf6e58b	platform_msi_domain_free_irqs	vmlinux	REQUIRED
b047000d	platform_unregister_drivers	vmlinux	kernel
1a5a9583	plist_del	vmlinux	kernel
a993d007	plist_requeue	vmlinux	kernel
bde959ec	pm_clk_add	vmlinux	kernel
807ac0bf	pm_clk_add_clk	vmlinux	kernel
e449fa38	pm_clk_create	vmlinux	kernel
78eb2755	pm_clk_destroy	vmlinux	kernel
6a180e54	pm_clk_resume	vmlinux	kernel
bcbe18d0	pm_clk_suspend	vmlinux	kernel
87c2e299	pm_generic_resume	vmlinux	REQUIRED
efeada50	pm_generic_runtime_resume	vmlinux	kernel
86c526b0	pm_generic_runtime_suspend	vmlinux	kernel
6415749c	pm_generic_suspend	vmlinux	REQUIRED
24d29ef8	pm_genpd_add_device	vmlinux	kernel
5119a0e4	pm_genpd_add_subdomain	vmlinux	kernel
610c4e73	pm_genpd_init	vmlinux	REQUIRED
c2ad41e5	pm_genpd_remove	vmlinux	REQUIRED
907876a9	pm_genpd_remove_device	vmlinux	kernel
0bb28de2	pm_genpd_remove_subdomain	vmlinux	kernel
3a8edb31	pm_get_active_wakeup_sources	vmlinux	kernel
60a32ea9	pm_power_off	vmlinux	kernel
1f0cb5bf	pm_power_off_prepare	vmlinux	kernel
ffe8b403	pm_relax	vmlinux	REQUIRED
687add72	pm_runtime_allow	vmlinux	REQUIRED
0f861955	pm_runtime_autosuspend_expiration	vmlinux	REQUIRED
405636ce	pm_runtime_barrier	vmlinux	REQUIRED
8081ce78	pm_runtime_enable	vmlinux	REQUIRED
acaaadd3	pm_runtime_forbid	vmlinux	REQUIRED
ed52c306	pm_runtime_force_resume	vmlinux	REQUIRED
d69360d3	pm_runtime_force_suspend	vmlinux	REQUIRED
065df4ea	pm_runtime_get_if_active	vmlinux	kernel
4eeda700	pm_runtime_irq_safe	vmlinux	REQUIRED
88e96c0d	pm_runtime_no_callbacks	vmlinux	REQUIRED
5b0864e7	pm_runtime_set_autosuspend_delay	vmlinux	REQUIRED
687d2163	pm_stay_awake	vmlinux	REQUIRED
9b555c8c	pm_suspend_default_s2idle	vmlinux	kernel
42635d55	pm_suspend_global_flags	vmlinux	kernel
8c0215f2	pm_system_wakeup	vmlinux	REQUIRED
e92462a2	pm_wakeup_dev_event	vmlinux	REQUIRED
8a25ae5d	pm_wakeup_ws_event	vmlinux	REQUIRED
7d59dd46	pm_wq	vmlinux	kernel
60569ce1	policy_has_boost_freq	vmlinux	kernel
9b496b21	posix_acl_alloc	vmlinux	kernel
795e1d09	posix_acl_chmod	vmlinux	kernel
00b4e615	posix_acl_equiv_mode	vmlinux	kernel
83d63a52	posix_clock_register	vmlinux	kernel
78a471cf	posix_clock_unregister	vmlinux	kernel
f42f18b7	power_supply_am_i_supplied	vmlinux	kernel
886d3ed1	power_supply_changed	vmlinux	REQUIRED
dba05b80	power_supply_class	vmlinux	kernel
b0a9a621	power_supply_find_ocv2cap_table	vmlinux	kernel
f96edaab	power_supply_get_battery_info	vmlinux	kernel
0175ced1	power_supply_get_by_name	vmlinux	REQUIRED
32c33bf2	power_supply_get_by_phandle	vmlinux	kernel
8cc6665a	power_supply_get_by_phandle_array	vmlinux	kernel
bbfcc83e	power_supply_get_drvdata	vmlinux	REQUIRED
bb72d6b4	power_supply_get_property	vmlinux	REQUIRED
2c208607	power_supply_is_system_supplied	vmlinux	REQUIRED
5cad8fc3	power_supply_ocv2cap_simple	vmlinux	kernel
a5939272	power_supply_put	vmlinux	REQUIRED
9fc6ccdc	power_supply_put_battery_info	vmlinux	kernel
136209db	power_supply_reg_notifier	vmlinux	REQUIRED
62e6d81c	power_supply_register	vmlinux	kernel
7f689a84	power_supply_set_property	vmlinux	REQUIRED
2b6150fb	power_supply_temp2resist_simple	vmlinux	kernel
6b81c38b	power_supply_unreg_notifier	vmlinux	REQUIRED
f08621c8	power_supply_unregister	vmlinux	kernel
a99b39c2	prandom_bytes	vmlinux	kernel
fda9581f	prandom_u32	vmlinux	REQUIRED
43b0c9c3	preempt_schedule	vmlinux	REQUIRED
f70e4a4d	preempt_schedule_notrace	vmlinux	REQUIRED
d5fd90f1	prepare_to_wait	vmlinux	kernel
8c26d495	prepare_to_wait_event	vmlinux	REQUIRED
167c5967	print_hex_dump	vmlinux	REQUIRED
c5850110	printk	vmlinux	REQUIRED
d98307f5	printk_deferred	vmlinux	kernel
07cc4a5d	printk_timed_ratelimit	vmlinux	kernel
20fd21c6	proc_create	vmlinux	REQUIRED
a79bc746	proc_create_data	vmlinux	REQUIRED
1b711986	proc_create_seq_private	vmlinux	kernel
2df477d3	proc_create_single_data	vmlinux	REQUIRED
a8181adf	proc_dointvec	vmlinux	REQUIRED
2cdf87a1	proc_dointvec_minmax	vmlinux	REQUIRED
319d493d	proc_dostring	vmlinux	kernel
638aff11	proc_douintvec_minmax	vmlinux	kernel
18c67997	proc_mkdir	vmlinux	REQUIRED
4d85f80d	proc_mkdir_data	vmlinux	REQUIRED
3650068f	proc_remove	vmlinux	REQUIRED
be2adf78	proc_set_size	vmlinux	kernel
cccf4a5e	proc_set_user	vmlinux	REQUIRED
2a5b7ca3	proc_symlink	vmlinux	kernel
a389a49a	profile_event_register	vmlinux	kernel
dd391eff	profile_event_unregister	vmlinux	kernel
1968dee6	proto_register	vmlinux	kernel
a90509ae	proto_unregister	vmlinux	kernel
a6e396e1	ps2_begin_command	vmlinux	kernel
3860ff90	ps2_cmd_aborted	vmlinux	kernel
5e2a4723	ps2_command	vmlinux	kernel
ab42c999	ps2_drain	vmlinux	kernel
064401f8	ps2_end_command	vmlinux	kernel
2b2657a1	ps2_handle_ack	vmlinux	kernel
f44c8ba8	ps2_handle_response	vmlinux	kernel
2d2e860f	ps2_init	vmlinux	kernel
1d77669b	ps2_sendbyte	vmlinux	kernel
cd808eea	ps2_sliced_command	vmlinux	kernel
e83d4f5b	pskb_expand_head	vmlinux	REQUIRED
9fa0529d	pstore_register	vmlinux	kernel
b8e98846	pstore_unregister	vmlinux	kernel
aa5aab4e	public_key_verify_signature	vmlinux	kernel
bc44cef7	put_device	vmlinux	REQUIRED
2f52bf01	put_disk	vmlinux	REQUIRED
b75aa2d6	put_iova_domain	vmlinux	kernel
f0009fee	put_pages_list	vmlinux	kernel
d3c5d4d0	put_pid	vmlinux	REQUIRED
5ec4aee6	put_sg_io_hdr	vmlinux	REQUIRED
c8cd8f63	put_task_stack	vmlinux	kernel
a8bcb948	put_tty_driver	vmlinux	kernel
3f4547a7	put_unused_fd	vmlinux	REQUIRED
1b700d37	put_vaddr_frames	vmlinux	kernel
bd6f03f7	putback_movable_pages	vmlinux	kernel
9ef86434	pwm_adjust_config	vmlinux	kernel
340b36c6	pwm_apply_state	vmlinux	REQUIRED
7f17c666	pwm_free	vmlinux	kernel
2a04f5f2	pwm_get_chip_data	vmlinux	kernel
3cae27e4	pwm_request	vmlinux	kernel
ecfdfdb5	pwm_set_chip_data	vmlinux	kernel
fa8d80c7	pwmchip_add	vmlinux	REQUIRED
7f033cef	pwmchip_remove	vmlinux	REQUIRED
c55d87ed	qcom_smem_state_get	vmlinux	REQUIRED
b68f5ba8	qcom_smem_state_register	vmlinux	REQUIRED
4561f990	qcom_smem_state_unregister	vmlinux	REQUIRED
f730fb4a	qcom_smem_state_update_bits	vmlinux	REQUIRED
8cd29835	qdisc_reset	vmlinux	kernel
bf57e89e	queue_delayed_work_on	vmlinux	REQUIRED
732ac580	queue_work_on	vmlinux	REQUIRED
4e6e4b41	radix_tree_delete	vmlinux	kernel
6b27729b	radix_tree_gang_lookup	vmlinux	kernel
6fbc6a00	radix_tree_insert	vmlinux	kernel
6dc35b25	radix_tree_iter_delete	vmlinux	kernel
db55c076	radix_tree_iter_resume	vmlinux	kernel
70ad75fb	radix_tree_lookup	vmlinux	kernel
b22e16d5	radix_tree_maybe_preload	vmlinux	kernel
2c541e7b	radix_tree_next_chunk	vmlinux	kernel
32ce3777	radix_tree_preload	vmlinux	kernel
6d5f5b91	radix_tree_tagged	vmlinux	kernel
b0a0da0c	rational_best_approximation	vmlinux	kernel
a851973a	raw_notifier_call_chain	vmlinux	REQUIRED
dc9fa232	raw_notifier_chain_register	vmlinux	REQUIRED
d06524ba	raw_notifier_chain_unregister	vmlinux	REQUIRED
4d9b652b	rb_erase	vmlinux	REQUIRED
ece784c2	rb_first	vmlinux	REQUIRED
ee91879b	rb_first_postorder	vmlinux	kernel
a5526619	rb_insert_color	vmlinux	REQUIRED
df2c2742	rb_last	vmlinux	REQUIRED
ca9360b5	rb_next	vmlinux	REQUIRED
4e68e9be	rb_next_postorder	vmlinux	kernel
f82ec573	rb_prev	vmlinux	REQUIRED
7fe32873	rb_replace_node	vmlinux	kernel
60a13e90	rcu_barrier	vmlinux	kernel
f6f16c56	rcu_barrier_tasks	vmlinux	kernel
cfc7b4e4	rcu_barrier_tasks_trace	vmlinux	kernel
3f83f8d3	rcu_bind_current_to_nocb	vmlinux	kernel
b0747ed2	rcu_cpu_stall_suppress	vmlinux	kernel
789c73d9	rcu_cpu_stall_suppress_at_boot	vmlinux	kernel
8f0748af	rcu_expedite_gp	vmlinux	kernel
8924eb1e	rcu_force_quiescent_state	vmlinux	kernel
3c1c3725	rcu_fwd_progress_check	vmlinux	kernel
216de4e1	rcu_get_gp_kthreads_prio	vmlinux	kernel
e6e40502	rcu_get_gp_seq	vmlinux	kernel
c0a96e14	rcu_gp_is_expedited	vmlinux	kernel
f4af35c2	rcu_gp_is_normal	vmlinux	kernel
b2c1732e	rcu_gp_set_torture_wait	vmlinux	kernel
7a944007	rcu_idle_enter	vmlinux	kernel
0bfa3a19	rcu_idle_exit	vmlinux	kernel
24da0093	rcu_inkernel_boot_has_ended	vmlinux	kernel
ce6db656	rcu_is_watching	vmlinux	kernel
3d510a7b	rcu_jiffies_till_stall_check	vmlinux	kernel
acd4e458	rcu_read_unlock_trace_special	vmlinux	kernel
5bdbac4e	rcu_unexpedite_gp	vmlinux	kernel
2e028ae6	rcutorture_get_gp_data	vmlinux	kernel
a4c967b9	rcuwait_wake_up	vmlinux	kernel
c0923b25	rdev_get_dev	vmlinux	kernel
d2040a8b	rdev_get_drvdata	vmlinux	REQUIRED
3be49688	rdev_get_id	vmlinux	kernel
3504f834	rdev_get_regmap	vmlinux	kernel
81047a03	read_cache_page	vmlinux	REQUIRED
1a8c053c	read_cache_page_gfp	vmlinux	kernel
1094d4b5	readahead_gfp_mask	vmlinux	kernel
429c3f9c	reboot_mode	vmlinux	kernel
a965ca81	reciprocal_value	vmlinux	kernel
2d55e4f4	reclaim_pages	vmlinux	kernel
89ab4763	reclaim_shmem_address_space	vmlinux	kernel
2475c07b	redirty_page_for_writepage	vmlinux	kernel
d9e8aee7	refcount_dec_and_lock	vmlinux	REQUIRED
55eb4a7f	refcount_dec_and_mutex_lock	vmlinux	kernel
e441e95a	refcount_dec_not_one	vmlinux	kernel
0296695f	refcount_warn_saturate	vmlinux	REQUIRED
ded3a73a	refresh_frequency_limits	vmlinux	kernel
08e28f09	regcache_cache_bypass	vmlinux	kernel
409477c8	regcache_cache_only	vmlinux	REQUIRED
ea1dc82c	regcache_drop_region	vmlinux	REQUIRED
fd0a796f	regcache_mark_dirty	vmlinux	REQUIRED
817df507	regcache_sync	vmlinux	REQUIRED
ae1a517f	regcache_sync_region	vmlinux	REQUIRED
71a50dbc	register_blkdev	vmlinux	REQUIRED
645a506c	register_candev	vmlinux	kernel
3fd78f3b	register_chrdev_region	vmlinux	REQUIRED
644961e8	register_console	vmlinux	REQUIRED
b6261484	register_die_notifier	vmlinux	REQUIRED
4b67137e	register_filesystem	vmlinux	kernel
9593ef31	register_ftrace_export	vmlinux	REQUIRED
60352082	register_inet6addr_notifier	vmlinux	REQUIRED
f68285c0	register_inetaddr_notifier	vmlinux	REQUIRED
f42b9584	register_kernel_break_hook	vmlinux	kernel
c502eb6d	register_kprobe	vmlinux	kernel
881262d4	register_kretprobe	vmlinux	REQUIRED
0a770832	register_memory_notifier	vmlinux	kernel
f353a698	register_module_notifier	vmlinux	kernel
c3fe54ad	register_net_sysctl	vmlinux	kernel
b0420543	register_netdev	vmlinux	REQUIRED
c39e19e1	register_netdevice	vmlinux	REQUIRED
d2da1048	register_netdevice_notifier	vmlinux	REQUIRED
4761f17c	register_netevent_notifier	vmlinux	REQUIRED
622c7922	register_oom_notifier	vmlinux	REQUIRED
3c95853b	register_pernet_device	vmlinux	kernel
c89f14b4	register_pernet_subsys	vmlinux	kernel
9cc4f70a	register_pm_notifier	vmlinux	REQUIRED
e918f6f3	register_qdisc	vmlinux	REQUIRED
3517383e	register_reboot_notifier	vmlinux	REQUIRED
d9d8fd16	register_restart_handler	vmlinux	kernel
11269594	register_shrinker	vmlinux	REQUIRED
b9c425de	register_syscore_ops	vmlinux	kernel
9cd91791	register_sysctl	vmlinux	kernel
6a449c4f	register_sysctl_table	vmlinux	REQUIRED
e0028f32	register_tcf_proto_ops	vmlinux	kernel
7331947d	register_virtio_device	vmlinux	kernel
1f7c6c96	register_virtio_driver	vmlinux	kernel
26ed2186	register_vmap_purge_notifier	vmlinux	kernel
0872b438	regmap_add_irq_chip	vmlinux	kernel
758b0364	regmap_async_complete	vmlinux	REQUIRED
4e08c927	regmap_attach_dev	vmlinux	kernel
56b78be4	regmap_bulk_read	vmlinux	REQUIRED
baad388d	regmap_bulk_write	vmlinux	REQUIRED
e313ff78	regmap_check_range_table	vmlinux	kernel
131a5ed7	regmap_del_irq_chip	vmlinux	kernel
0d8c753c	regmap_exit	vmlinux	kernel
f8f9964e	regmap_field_read	vmlinux	kernel
39c8506a	regmap_field_update_bits_base	vmlinux	kernel
2cbae6a2	regmap_get_device	vmlinux	kernel
ac74e4f1	regmap_irq_get_domain	vmlinux	kernel
55784228	regmap_irq_get_virq	vmlinux	REQUIRED
efe210f0	regmap_mmio_detach_clk	vmlinux	kernel
f98baa9f	regmap_multi_reg_write	vmlinux	REQUIRED
2458ef42	regmap_multi_reg_write_bypassed	vmlinux	REQUIRED
6bfd66c5	regmap_raw_read	vmlinux	REQUIRED
69bf626d	regmap_raw_write	vmlinux	REQUIRED
2c33e75f	regmap_raw_write_async	vmlinux	REQUIRED
03d2aa62	regmap_read	vmlinux	REQUIRED
0af12c90	regmap_register_patch	vmlinux	kernel
9e914319	regmap_test_bits	vmlinux	kernel
03dfeaa4	regmap_update_bits_base	vmlinux	REQUIRED
ea78f66e	regmap_write	vmlinux	REQUIRED
e36c948d	regulator_allow_bypass	vmlinux	kernel
fe69deff	regulator_bulk_disable	vmlinux	REQUIRED
5d7debc1	regulator_bulk_enable	vmlinux	REQUIRED
7d0b763b	regulator_bulk_get	vmlinux	kernel
b0b87cc9	regulator_count_voltages	vmlinux	REQUIRED
c50dd64b	regulator_desc_list_voltage_linear_range	vmlinux	kernel
6c8362b4	regulator_disable	vmlinux	REQUIRED
6ce703dd	regulator_disable_deferred	vmlinux	kernel
4e9e82cf	regulator_disable_regmap	vmlinux	kernel
f3bd923d	regulator_enable	vmlinux	REQUIRED
0ca54496	regulator_enable_regmap	vmlinux	kernel
69f59f0b	regulator_force_disable	vmlinux	REQUIRED
dbddc967	regulator_get	vmlinux	REQUIRED
1c55a9b8	regulator_get_current_limit	vmlinux	kernel
8e7b742c	regulator_get_current_limit_regmap	vmlinux	kernel
c9874bae	regulator_get_drvdata	vmlinux	REQUIRED
a4018cef	regulator_get_linear_step	vmlinux	kernel
320f1119	regulator_get_mode	vmlinux	REQUIRED
23a53f57	regulator_get_optional	vmlinux	kernel
89a8e255	regulator_get_voltage	vmlinux	REQUIRED
0a7c86df	regulator_get_voltage_rdev	vmlinux	kernel
a6d2a195	regulator_get_voltage_sel_regmap	vmlinux	kernel
2f1fa27c	regulator_is_enabled	vmlinux	REQUIRED
d798e4ed	regulator_is_enabled_regmap	vmlinux	kernel
dbe213d9	regulator_is_supported_voltage	vmlinux	REQUIRED
0d298e83	regulator_list_voltage	vmlinux	kernel
9e6cb2a8	regulator_list_voltage_linear	vmlinux	REQUIRED
b2775665	regulator_list_voltage_linear_range	vmlinux	kernel
8ed4ee81	regulator_list_voltage_table	vmlinux	kernel
4dc39788	regulator_map_voltage_ascend	vmlinux	kernel
504a9f60	regulator_map_voltage_iterate	vmlinux	kernel
ed6c051a	regulator_map_voltage_linear	vmlinux	kernel
76e5d597	regulator_map_voltage_linear_range	vmlinux	kernel
1718cd23	regulator_notifier_call_chain	vmlinux	REQUIRED
fcd3f0fc	regulator_put	vmlinux	REQUIRED
d625d7ae	regulator_register	vmlinux	kernel
74d65fb6	regulator_register_notifier	vmlinux	REQUIRED
02311fff	regulator_set_active_discharge_regmap	vmlinux	kernel
f024d2b7	regulator_set_current_limit	vmlinux	kernel
13adf665	regulator_set_current_limit_regmap	vmlinux	kernel
bdb1494f	regulator_set_load	vmlinux	REQUIRED
ac092213	regulator_set_mode	vmlinux	REQUIRED
891c7fe2	regulator_set_pull_down_regmap	vmlinux	kernel
8f258f19	regulator_set_voltage	vmlinux	REQUIRED
50ba0d14	regulator_set_voltage_sel_regmap	vmlinux	kernel
d508d68a	regulator_set_voltage_time	vmlinux	kernel
55f01453	regulator_set_voltage_time_sel	vmlinux	kernel
ff5c4873	regulator_suspend_enable	vmlinux	kernel
1a300b2e	regulator_sync_voltage	vmlinux	kernel
ccc2b873	regulator_unregister	vmlinux	kernel
8c4fb059	regulator_unregister_notifier	vmlinux	REQUIRED
c6d09aa9	release_firmware	vmlinux	REQUIRED
8eefcb0d	release_pages	vmlinux	kernel
29fe9eb7	release_sock	vmlinux	kernel
723d2d0b	remap_pfn_range	vmlinux	REQUIRED
f31d6189	remap_vmalloc_range	vmlinux	kernel
ad4e6259	remove_cpu	vmlinux	REQUIRED
742b8f16	remove_memory_subsection	vmlinux	kernel
3c651057	remove_proc_entry	vmlinux	REQUIRED
52386c11	remove_proc_subtree	vmlinux	kernel
37110088	remove_wait_queue	vmlinux	REQUIRED
68fd9b67	report_iommu_fault	vmlinux	kernel
e3043ff9	request_any_context_irq	vmlinux	REQUIRED
92d08abd	request_firmware	vmlinux	REQUIRED
4febe59f	request_firmware_direct	vmlinux	kernel
068f6cf3	request_firmware_into_buf	vmlinux	REQUIRED
7d3e320e	request_firmware_nowait	vmlinux	REQUIRED
2072ee9b	request_threaded_irq	vmlinux	REQUIRED
a5b2abe2	resched_curr	vmlinux	kernel
cc328a5c	reservation_ww_class	vmlinux	kernel
6c4b6684	reset_control_assert	vmlinux	REQUIRED
b2210d64	reset_control_deassert	vmlinux	REQUIRED
40f0683e	reset_control_put	vmlinux	kernel
24f39c39	reset_control_reset	vmlinux	kernel
7d64db83	reset_controller_register	vmlinux	kernel
e72e1680	reset_controller_unregister	vmlinux	kernel
7b491092	resume_cpus	vmlinux	kernel
b917b6d7	return_address	vmlinux	kernel
5d63e7da	revalidate_disk_size	vmlinux	REQUIRED
6fcf12af	rfkill_alloc	vmlinux	REQUIRED
c0763484	rfkill_blocked	vmlinux	kernel
db68bbad	rfkill_destroy	vmlinux	REQUIRED
50b73ce2	rfkill_find_type	vmlinux	kernel
aad6d92f	rfkill_init_sw_state	vmlinux	REQUIRED
3939f8f0	rfkill_pause_polling	vmlinux	kernel
25277497	rfkill_register	vmlinux	REQUIRED
c781bd9f	rfkill_resume_polling	vmlinux	kernel
97999817	rfkill_set_hw_state	vmlinux	kernel
8a490c90	rfkill_set_sw_state	vmlinux	kernel
083eb21c	rfkill_unregister	vmlinux	REQUIRED
0a5363bc	rhashtable_destroy	vmlinux	kernel
02f09093	rhashtable_free_and_destroy	vmlinux	kernel
1e449fb4	rhashtable_init	vmlinux	kernel
e086059f	rhashtable_insert_slow	vmlinux	kernel
c73580c5	rhltable_init	vmlinux	kernel
b7f990e9	rht_bucket_nested	vmlinux	kernel
9920ae2a	rht_bucket_nested_insert	vmlinux	kernel
cfd2cc6a	rndis_deregister	vmlinux	REQUIRED
04c587ad	rndis_free_response	vmlinux	REQUIRED
96d79dfc	rndis_get_next_response	vmlinux	REQUIRED
6c224c8e	rndis_msg_parser	vmlinux	REQUIRED
3776cc2f	rndis_register	vmlinux	REQUIRED
bc358924	rndis_set_host_mac	vmlinux	REQUIRED
5e3e25ae	rndis_set_param_dev	vmlinux	REQUIRED
dbeda84e	rndis_set_param_medium	vmlinux	REQUIRED
d16c7930	rndis_set_param_vendor	vmlinux	REQUIRED
b1cfdd1d	rndis_signal_connect	vmlinux	REQUIRED
7e982ffe	rndis_uninit	vmlinux	REQUIRED
fe4b2c1d	root_task_group	vmlinux	kernel
091eb9b4	round_jiffies	vmlinux	kernel
1eb9516e	round_jiffies_relative	vmlinux	kernel
50fad434	round_jiffies_up	vmlinux	kernel
7136ae17	rpmsg_create_ept	vmlinux	kernel
5a99e2f3	rpmsg_destroy_ept	vmlinux	kernel
4b3696fb	rpmsg_find_device	vmlinux	kernel
e380b6c5	rpmsg_get_signals	vmlinux	REQUIRED
06c9d8e4	rpmsg_poll	vmlinux	REQUIRED
3705e77b	rpmsg_register_device	vmlinux	REQUIRED
f38ca6cf	rpmsg_send	vmlinux	REQUIRED
40b44740	rpmsg_sendto	vmlinux	kernel
7c5444f2	rpmsg_set_signals	vmlinux	REQUIRED
d45e13fe	rpmsg_trysend	vmlinux	REQUIRED
57893a94	rpmsg_trysendto	vmlinux	kernel
5c50fadd	rpmsg_unregister_device	vmlinux	REQUIRED
5f5bc6c5	rproc_add	vmlinux	REQUIRED
c93e7f24	rproc_add_carveout	vmlinux	kernel
916b44f8	rproc_add_subdev	vmlinux	REQUIRED
024efbe5	rproc_alloc	vmlinux	REQUIRED
a67a6a6c	rproc_boot	vmlinux	REQUIRED
351fbbbf	rproc_coredump	vmlinux	REQUIRED
b066316f	rproc_coredump_add_custom_segment	vmlinux	REQUIRED
d5073684	rproc_coredump_add_segment	vmlinux	REQUIRED
264475a2	rproc_coredump_cleanup	vmlinux	REQUIRED
13c2c987	rproc_coredump_set_elf_info	vmlinux	REQUIRED
3f2ae25f	rproc_coredump_using_sections	vmlinux	kernel
408853ba	rproc_da_to_va	vmlinux	kernel
a14eae8a	rproc_del	vmlinux	REQUIRED
1e0bc9d6	rproc_elf_find_loaded_rsc_table	vmlinux	kernel
12921c37	rproc_elf_get_boot_addr	vmlinux	kernel
2862dcf9	rproc_elf_load_rsc_table	vmlinux	kernel
765aaea6	rproc_elf_load_segments	vmlinux	kernel
f48cefe4	rproc_elf_sanity_check	vmlinux	kernel
2be53a34	rproc_free	vmlinux	REQUIRED
85b52abb	rproc_get_by_child	vmlinux	REQUIRED
d5982f15	rproc_get_by_phandle	vmlinux	REQUIRED
275cf519	rproc_mem_entry_init	vmlinux	kernel
85c14bb5	rproc_of_parse_firmware	vmlinux	kernel
2252a67a	rproc_put	vmlinux	REQUIRED
4b7b79e2	rproc_remove_subdev	vmlinux	REQUIRED
4c1dd63e	rproc_report_crash	vmlinux	REQUIRED
873d545b	rproc_set_firmware	vmlinux	REQUIRED
b731f6c5	rproc_shutdown	vmlinux	REQUIRED
28751d19	rproc_vq_interrupt	vmlinux	kernel
8761c87b	rps_needed	vmlinux	kernel
9f373197	rq_flush_dcache_pages	vmlinux	REQUIRED
d75b20aa	rsa_parse_priv_key	vmlinux	kernel
89ae7aa0	rsa_parse_pub_key	vmlinux	kernel
44e32dab	rt_mutex_lock	vmlinux	kernel
7dbcc25a	rt_mutex_trylock	vmlinux	kernel
0925133f	rt_mutex_unlock	vmlinux	kernel
f33974ce	rtc_class_close	vmlinux	kernel
b620c4e8	rtc_class_open	vmlinux	kernel
e4c2c66c	rtc_ktime_to_tm	vmlinux	kernel
06052639	rtc_nvmem_register	vmlinux	kernel
612d5db2	rtc_read_alarm	vmlinux	kernel
174b1e4f	rtc_read_time	vmlinux	kernel
4f783149	rtc_set_alarm	vmlinux	kernel
4559b499	rtc_set_time	vmlinux	kernel
356461c8	rtc_time64_to_tm	vmlinux	REQUIRED
23412816	rtc_tm_to_ktime	vmlinux	kernel
4f2250ba	rtc_tm_to_time64	vmlinux	kernel
fbd12ee6	rtc_update_irq	vmlinux	kernel
5838f6c9	rtc_valid_tm	vmlinux	kernel
4859b8bb	rtc_year_days	vmlinux	kernel
85670f1d	rtnl_is_locked	vmlinux	REQUIRED
6467c438	rtnl_link_register	vmlinux	REQUIRED
2aeadb4f	rtnl_link_unregister	vmlinux	REQUIRED
c7a4fbed	rtnl_lock	vmlinux	REQUIRED
a887f03b	rtnl_register_module	vmlinux	kernel
f4f14de6	rtnl_trylock	vmlinux	REQUIRED
b6d6481a	rtnl_unicast	vmlinux	REQUIRED
6e720ff2	rtnl_unlock	vmlinux	REQUIRED
07b52e38	rtnl_unregister	vmlinux	kernel
6b95284e	runqueues	vmlinux	REQUIRED
35393e45	sb800_prefetch	vmlinux	kernel
b1e587d1	sb_min_blocksize	vmlinux	kernel
33fd975a	sb_set_blocksize	vmlinux	kernel
40b43bd0	sbitmap_add_wait_queue	vmlinux	kernel
42230915	sbitmap_any_bit_set	vmlinux	kernel
3c212744	sbitmap_del_wait_queue	vmlinux	kernel
2fb72e9b	sbitmap_init_node	vmlinux	kernel
eaad96f9	sbitmap_queue_clear	vmlinux	kernel
9ae4191f	sbitmap_queue_init_node	vmlinux	kernel
7b4c9ba9	sbitmap_queue_min_shallow_depth	vmlinux	kernel
d9d5d879	sbitmap_queue_resize	vmlinux	kernel
42f75cea	sbitmap_queue_show	vmlinux	kernel
ad66b3f5	scan_swap_map_slots	vmlinux	kernel
5bbdfa26	scatterwalk_ffwd	vmlinux	kernel
845dbf3b	scatterwalk_map_and_copy	vmlinux	kernel
d653b126	sched_clock	vmlinux	REQUIRED
86d43be9	sched_clock_register	vmlinux	kernel
ef80ba0e	sched_feat_keys	vmlinux	kernel
8ecc1cca	sched_feat_names	vmlinux	kernel
964b323d	sched_set_fifo	vmlinux	REQUIRED
8fc66195	sched_set_fifo_low	vmlinux	kernel
c52b19c6	sched_set_normal	vmlinux	REQUIRED
e5791aa7	sched_setattr	vmlinux	kernel
8b367a60	sched_setattr_nocheck	vmlinux	kernel
53a8a11d	sched_setscheduler	vmlinux	REQUIRED
d7462141	sched_setscheduler_nocheck	vmlinux	REQUIRED
b2278058	sched_show_task	vmlinux	REQUIRED
aee0c097	sched_trace_cfs_rq_avg	vmlinux	kernel
97287011	sched_trace_cfs_rq_cpu	vmlinux	kernel
e83599a8	sched_trace_cfs_rq_path	vmlinux	kernel
63069a86	sched_trace_rd_span	vmlinux	kernel
a4acd2ce	sched_trace_rq_avg_dl	vmlinux	kernel
88d83db4	sched_trace_rq_avg_irq	vmlinux	kernel
a760ed8d	sched_trace_rq_avg_rt	vmlinux	kernel
3c10134e	sched_trace_rq_cpu	vmlinux	kernel
056a37c5	sched_uclamp_used	vmlinux	kernel
01000e51	schedule	vmlinux	REQUIRED
6a460dc5	schedule_hrtimeout	vmlinux	kernel
8ddd8aad	schedule_timeout	vmlinux	REQUIRED
054496b4	schedule_timeout_interruptible	vmlinux	REQUIRED
151f4898	schedule_timeout_uninterruptible	vmlinux	kernel
b7866b0f	schedutil_cpu_util	vmlinux	kernel
d735b621	scmi_driver_register	vmlinux	REQUIRED
8424e604	scmi_driver_unregister	vmlinux	REQUIRED
0c022bb8	scmi_protocol_register	vmlinux	REQUIRED
5f2855a5	scmi_protocol_unregister	vmlinux	REQUIRED
96848186	scnprintf	vmlinux	REQUIRED
958fcdf2	scsi_add_host_with_dma	vmlinux	kernel
4b57bf92	scsi_autopm_get_device	vmlinux	REQUIRED
2b1cf194	scsi_autopm_put_device	vmlinux	REQUIRED
0999377d	scsi_block_requests	vmlinux	kernel
1f193fbc	scsi_block_when_processing_errors	vmlinux	REQUIRED
969be5f3	scsi_change_queue_depth	vmlinux	kernel
0334da4e	scsi_command_size_tbl	vmlinux	REQUIRED
7ad9174c	scsi_compat_ioctl	vmlinux	REQUIRED
62a819e9	scsi_device_get	vmlinux	REQUIRED
f5ae3dd8	scsi_device_lookup	vmlinux	kernel
20269de5	scsi_device_put	vmlinux	REQUIRED
834de754	scsi_device_quiesce	vmlinux	kernel
1762f1f6	scsi_dma_map	vmlinux	kernel
228b3043	scsi_dma_unmap	vmlinux	kernel
cab8a08a	scsi_eh_ready_devs	vmlinux	kernel
763b5f61	scsi_host_alloc	vmlinux	kernel
0da60261	scsi_host_lookup	vmlinux	kernel
54c5e58c	scsi_host_put	vmlinux	kernel
a895816a	scsi_ioctl	vmlinux	REQUIRED
4a416284	scsi_ioctl_block_when_processing_errors	vmlinux	REQUIRED
2de8e4cb	scsi_is_host_device	vmlinux	kernel
fbad3cf0	scsi_normalize_sense	vmlinux	REQUIRED
a204f4fe	scsi_print_command	vmlinux	kernel
9160a1ae	scsi_print_sense_hdr	vmlinux	kernel
5165226b	scsi_register_driver	vmlinux	kernel
92bf75c7	scsi_register_interface	vmlinux	REQUIRED
ad318138	scsi_remove_device	vmlinux	kernel
251ddf69	scsi_remove_host	vmlinux	kernel
160e40af	scsi_report_bus_reset	vmlinux	kernel
779a1f94	scsi_scan_host	vmlinux	kernel
4c66d363	scsi_unblock_requests	vmlinux	kernel
c3100a76	sdev_prefix_printk	vmlinux	REQUIRED
a2e903f8	sdhci_add_host	vmlinux	REQUIRED
55e8da2f	sdhci_adma_write_desc	vmlinux	kernel
37490426	sdhci_cleanup_host	vmlinux	REQUIRED
ad1e8eb8	sdhci_cqe_disable	vmlinux	REQUIRED
52047ddb	sdhci_cqe_enable	vmlinux	REQUIRED
6b252238	sdhci_cqe_irq	vmlinux	REQUIRED
706d7e18	sdhci_dumpregs	vmlinux	REQUIRED
66feb3e3	sdhci_enable_clk	vmlinux	REQUIRED
51c10e74	sdhci_enable_v4_mode	vmlinux	kernel
db79a663	sdhci_execute_tuning	vmlinux	kernel
e615e6fb	sdhci_get_property	vmlinux	REQUIRED
f48ac8b0	sdhci_pltfm_clk_get_max_clock	vmlinux	kernel
ef15dce2	sdhci_pltfm_free	vmlinux	REQUIRED
388347e8	sdhci_pltfm_init	vmlinux	REQUIRED
8ece9464	sdhci_pltfm_unregister	vmlinux	kernel
546c283b	sdhci_remove_host	vmlinux	REQUIRED
95267c66	sdhci_request	vmlinux	kernel
2b38beca	sdhci_request_atomic	vmlinux	kernel
dfb9ba97	sdhci_reset	vmlinux	REQUIRED
c91f5389	sdhci_resume_host	vmlinux	kernel
458eb912	sdhci_runtime_resume_host	vmlinux	kernel
164a5bca	sdhci_runtime_suspend_host	vmlinux	kernel
ab28f19d	sdhci_set_bus_width	vmlinux	REQUIRED
c3be945b	sdhci_set_clock	vmlinux	kernel
40e4a79f	sdhci_set_power_and_bus_voltage	vmlinux	kernel
12344b39	sdhci_set_power_noreg	vmlinux	REQUIRED
185dcb11	sdhci_set_uhs_signaling	vmlinux	kernel
9c562f4c	sdhci_setup_host	vmlinux	REQUIRED
247c8b7b	sdhci_suspend_host	vmlinux	kernel
9b3810bc	sdio_claim_host	vmlinux	kernel
accb9bd4	sdio_claim_irq	vmlinux	kernel
4b3d6f74	sdio_disable_func	vmlinux	kernel
8b3c936d	sdio_enable_func	vmlinux	kernel
f9ee2347	sdio_f0_readb	vmlinux	kernel
9d124c14	sdio_f0_writeb	vmlinux	kernel
874fe2a0	sdio_get_host_pm_caps	vmlinux	kernel
789791ca	sdio_memcpy_fromio	vmlinux	kernel
6012e3d3	sdio_memcpy_toio	vmlinux	kernel
a9a0305b	sdio_readb	vmlinux	kernel
b87e3a23	sdio_readl	vmlinux	kernel
df5d9150	sdio_readsb	vmlinux	kernel
0f0bad44	sdio_readw	vmlinux	kernel
d5855430	sdio_register_driver	vmlinux	kernel
d822fe69	sdio_release_host	vmlinux	kernel
35535c64	sdio_release_irq	vmlinux	kernel
c0fce860	sdio_retune_crc_disable	vmlinux	kernel
e36b1144	sdio_retune_crc_enable	vmlinux	kernel
e1e5762f	sdio_retune_hold_now	vmlinux	kernel
509ed602	sdio_retune_release	vmlinux	kernel
b8ce5a3e	sdio_set_block_size	vmlinux	kernel
b31f951c	sdio_set_host_pm_flags	vmlinux	kernel
0c43bf18	sdio_signal_irq	vmlinux	kernel
114763de	sdio_unregister_driver	vmlinux	kernel
41c02df5	sdio_writeb	vmlinux	kernel
31450a32	sdio_writeb_readb	vmlinux	kernel
3ccb0e9d	sdio_writel	vmlinux	kernel
a9a43a63	sdio_writesb	vmlinux	kernel
63b26517	sdio_writew	vmlinux	kernel
01726894	security_inode_init_security	vmlinux	kernel
4c6b0200	securityfs_create_dir	vmlinux	kernel
2a400c64	securityfs_create_file	vmlinux	kernel
3883ba7c	securityfs_remove	vmlinux	kernel
3cd9acd3	send_sig	vmlinux	kernel
1be60ebd	send_sig_info	vmlinux	kernel
e397caf5	seq_buf_printf	vmlinux	kernel
d054ebf3	seq_escape	vmlinux	kernel
648270be	seq_file_path	vmlinux	kernel
e24ebce2	seq_hex_dump	vmlinux	REQUIRED
e7d4daac	seq_list_next	vmlinux	kernel
ff1e9dd8	seq_list_start	vmlinux	kernel
ad9f2705	seq_lseek	vmlinux	REQUIRED
14ac9890	seq_open	vmlinux	REQUIRED
97abab4a	seq_open_private	vmlinux	kernel
d740362b	seq_printf	vmlinux	REQUIRED
cc20708f	seq_putc	vmlinux	REQUIRED
a2aa781e	seq_puts	vmlinux	REQUIRED
b9997d36	seq_read	vmlinux	REQUIRED
cf99893f	seq_release	vmlinux	REQUIRED
6aba69de	seq_release_private	vmlinux	kernel
bc724561	seq_vprintf	vmlinux	REQUIRED
9d51bcc0	seq_write	vmlinux	REQUIRED
ea5b479e	serdev_device_close	vmlinux	kernel
e3d61c9c	serdev_device_open	vmlinux	kernel
2960c4d8	serdev_device_set_baudrate	vmlinux	kernel
4597f322	serdev_device_set_flow_control	vmlinux	kernel
e1dc8427	serdev_device_wait_until_sent	vmlinux	kernel
6e88025f	serdev_device_write	vmlinux	kernel
ce338a35	serdev_device_write_wakeup	vmlinux	kernel
cfb65600	serial8250_clear_and_reinit_fifos	vmlinux	kernel
00c03f8e	serial8250_do_pm	vmlinux	kernel
2b951206	serial8250_do_set_divisor	vmlinux	kernel
90d384b4	serial8250_do_set_ldisc	vmlinux	kernel
87a6cb20	serial8250_do_set_termios	vmlinux	kernel
cca83862	serial8250_do_shutdown	vmlinux	kernel
264a50bd	serial8250_do_startup	vmlinux	kernel
e8e14e2f	serial8250_get_port	vmlinux	kernel
dcf52568	serial8250_handle_irq	vmlinux	kernel
ebcd3ec8	serial8250_register_8250_port	vmlinux	kernel
c7208c3a	serial8250_resume_port	vmlinux	kernel
5759155a	serial8250_rpm_get	vmlinux	kernel
c2f35b93	serial8250_rpm_put	vmlinux	kernel
cc248d26	serial8250_suspend_port	vmlinux	kernel
cefcd99a	serial8250_unregister_port	vmlinux	kernel
5b262c64	serial8250_update_uartclk	vmlinux	kernel
eb90fd3a	serio_close	vmlinux	kernel
5487ff78	serio_interrupt	vmlinux	kernel
89aaf775	serio_open	vmlinux	kernel
f965193b	serio_reconnect	vmlinux	kernel
921451ed	serio_rescan	vmlinux	kernel
a6d97132	serio_unregister_child_port	vmlinux	kernel
01f05dd0	serio_unregister_driver	vmlinux	kernel
d9bca063	serio_unregister_port	vmlinux	kernel
46391f0b	set_blocksize	vmlinux	REQUIRED
ab842253	set_cached_acl	vmlinux	kernel
dfcaae18	set_capacity_revalidate_and_notify	vmlinux	kernel
042f1936	set_cpus_allowed_ptr	vmlinux	REQUIRED
6b429549	set_disk_ro	vmlinux	REQUIRED
9e61bb05	set_freezable	vmlinux	kernel
4c603970	set_nlink	vmlinux	kernel
365acda7	set_normalized_timespec64	vmlinux	REQUIRED
eddd9c27	set_page_dirty	vmlinux	REQUIRED
37435e08	set_page_dirty_lock	vmlinux	REQUIRED
f4404faa	set_task_cpu	vmlinux	kernel
f7c2e419	set_task_ioprio	vmlinux	kernel
413273bd	set_user_nice	vmlinux	REQUIRED
b65e73c3	setattr_prepare	vmlinux	kernel
3a2f6702	sg_alloc_table	vmlinux	REQUIRED
753d5353	sg_alloc_table_from_pages	vmlinux	REQUIRED
905695ab	sg_copy_from_buffer	vmlinux	kernel
02b8ab42	sg_copy_to_buffer	vmlinux	kernel
7f5b4fe4	sg_free_table	vmlinux	REQUIRED
b320cc0e	sg_init_one	vmlinux	REQUIRED
f888ca21	sg_init_table	vmlinux	REQUIRED
c5f7e801	sg_last	vmlinux	kernel
290f2ad7	sg_miter_next	vmlinux	kernel
66732981	sg_miter_skip	vmlinux	kernel
ea1aa32a	sg_miter_start	vmlinux	kernel
a77c6467	sg_miter_stop	vmlinux	kernel
461d16ca	sg_nents	vmlinux	kernel
4230a8d7	sg_nents_for_len	vmlinux	kernel
87b8798d	sg_next	vmlinux	REQUIRED
d0fe8d51	sg_pcopy_from_buffer	vmlinux	kernel
ea778fab	sg_pcopy_to_buffer	vmlinux	kernel
93de4b8c	sg_scsi_ioctl	vmlinux	REQUIRED
2d192c70	sg_zero_buffer	vmlinux	kernel
02d8c2e8	sget_fc	vmlinux	REQUIRED
3a13f54a	sgl_alloc	vmlinux	kernel
840342c6	sgl_free	vmlinux	kernel
50624917	sha1_init	vmlinux	kernel
5e0ccb9f	sha1_transform	vmlinux	kernel
a3fea172	sha224_final	vmlinux	kernel
e39b2ea5	sha256	vmlinux	kernel
b455924d	sha256_block_data_order	vmlinux	kernel
61e272c9	sha256_final	vmlinux	kernel
7b5b8f31	sha256_update	vmlinux	kernel
02c610c3	shash_free_singlespawn_instance	vmlinux	kernel
937a32bd	shash_register_instance	vmlinux	kernel
6d6a8c3d	shmem_file_setup	vmlinux	kernel
f81c42a3	shmem_mark_page_lazyfree	vmlinux	kernel
e6b9c53c	shmem_read_mapping_page_gfp	vmlinux	REQUIRED
1adea5fe	shmem_truncate_range	vmlinux	REQUIRED
4f6a07fe	show_rcu_gp_kthreads	vmlinux	kernel
17df5a72	show_regs	vmlinux	kernel
ea486b59	shrink_dcache_sb	vmlinux	kernel
0ac506a7	shrink_slab	vmlinux	kernel
785a93b4	si_mem_available	vmlinux	kernel
40c7247c	si_meminfo	vmlinux	REQUIRED
ec13c83c	si_swapinfo	vmlinux	REQUIRED
6a5fa363	sigprocmask	vmlinux	REQUIRED
bf27df8c	simple_attr_open	vmlinux	REQUIRED
4a788936	simple_attr_read	vmlinux	REQUIRED
eb895e94	simple_attr_release	vmlinux	REQUIRED
d9bf06e9	simple_attr_write	vmlinux	REQUIRED
4c3debd6	simple_dir_inode_operations	vmlinux	kernel
b8416127	simple_dir_operations	vmlinux	kernel
0896f768	simple_open	vmlinux	REQUIRED
619cb7dd	simple_read_from_buffer	vmlinux	REQUIRED
4213c805	simple_statfs	vmlinux	kernel
0b742fd7	simple_strtol	vmlinux	REQUIRED
d7e56a4e	simple_strtoll	vmlinux	kernel
20000329	simple_strtoul	vmlinux	REQUIRED
61b7b126	simple_strtoull	vmlinux	kernel
bb4f4766	simple_write_to_buffer	vmlinux	REQUIRED
4f731e2b	single_open	vmlinux	REQUIRED
6503cb62	single_open_size	vmlinux	REQUIRED
ef42eddb	single_release	vmlinux	REQUIRED
20d4e2ac	sk_alloc	vmlinux	kernel
2d3da57f	sk_free	vmlinux	REQUIRED
0da4b17f	skb_add_rx_frag	vmlinux	REQUIRED
62ca591f	skb_append_pagefrags	vmlinux	REQUIRED
cfc5bcb4	skb_checksum	vmlinux	REQUIRED
8fd1ad31	skb_checksum_help	vmlinux	kernel
3801bb9b	skb_clone	vmlinux	REQUIRED
f5cb2398	skb_clone_sk	vmlinux	kernel
b3f7e618	skb_coalesce_rx_frag	vmlinux	REQUIRED
622aca78	skb_complete_wifi_ack	vmlinux	kernel
1696ca29	skb_copy	vmlinux	REQUIRED
14a7727f	skb_copy_bits	vmlinux	REQUIRED
f7fabebd	skb_copy_datagram_from_iter	vmlinux	kernel
cfffc13e	skb_copy_datagram_iter	vmlinux	kernel
eef1b69f	skb_copy_expand	vmlinux	REQUIRED
87b7c32d	skb_copy_ubufs	vmlinux	kernel
6632d00d	skb_dequeue	vmlinux	REQUIRED
dc9fe5fe	skb_dequeue_tail	vmlinux	REQUIRED
a8748fad	skb_dump	vmlinux	kernel
3ec7c9ca	skb_ensure_writable	vmlinux	kernel
e8245616	skb_free_datagram	vmlinux	kernel
19578bb6	skb_page_frag_refill	vmlinux	kernel
c4b47260	skb_partial_csum_set	vmlinux	kernel
b5ab3a92	skb_pull	vmlinux	REQUIRED
79770ebf	skb_pull_rcsum	vmlinux	kernel
2e381158	skb_push	vmlinux	REQUIRED
890c62fc	skb_put	vmlinux	REQUIRED
590942c6	skb_queue_head	vmlinux	REQUIRED
e27ed167	skb_queue_purge	vmlinux	REQUIRED
ca920659	skb_queue_tail	vmlinux	REQUIRED
d8b90bc7	skb_realloc_headroom	vmlinux	kernel
fcdb78a2	skb_recv_datagram	vmlinux	kernel
c8c67c3d	skb_set_owner_w	vmlinux	kernel
aeecf86a	skb_store_bits	vmlinux	kernel
eb95ecdb	skb_to_sgvec	vmlinux	kernel
30d4bf39	skb_trim	vmlinux	REQUIRED
4c8d6df5	skb_tstamp_tx	vmlinux	kernel
e5acf6dd	skb_unlink	vmlinux	kernel
40502658	skcipher_alloc_instance_simple	vmlinux	kernel
38a5bc44	skcipher_register_instance	vmlinux	kernel
a6d883b6	skcipher_walk_aead_decrypt	vmlinux	kernel
0290be80	skcipher_walk_aead_encrypt	vmlinux	kernel
ac438b11	skcipher_walk_done	vmlinux	kernel
d35c3d4d	skcipher_walk_virt	vmlinux	kernel
d0a91bab	skip_spaces	vmlinux	REQUIRED
a0eae826	smp_call_function	vmlinux	kernel
8efd59ac	smp_call_function_any	vmlinux	kernel
e2df8e9a	smp_call_function_many	vmlinux	kernel
6228c21f	smp_call_function_single	vmlinux	REQUIRED
6a1cd340	smp_call_function_single_async	vmlinux	kernel
267df662	smp_call_on_cpu	vmlinux	kernel
8dd3469d	smpboot_register_percpu_thread	vmlinux	kernel
00cc56db	smpboot_unregister_percpu_thread	vmlinux	kernel
388ab6e8	snd_card_add_dev_attr	vmlinux	kernel
e26c968c	snd_card_disconnect	vmlinux	kernel
9348463f	snd_card_free	vmlinux	kernel
5d885b0f	snd_card_new	vmlinux	kernel
1f80a2eb	snd_card_register	vmlinux	kernel
8805aaf7	snd_card_rw_proc_new	vmlinux	kernel
14e43f0d	snd_component_add	vmlinux	kernel
760c450e	snd_compr_stop_error	vmlinux	REQUIRED
fd3872b5	snd_ctl_add	vmlinux	kernel
539343ed	snd_ctl_add_vmaster_hook	vmlinux	kernel
d43f74fb	snd_ctl_apply_vmaster_followers	vmlinux	kernel
20bb3709	snd_ctl_boolean_mono_info	vmlinux	REQUIRED
e71881a7	snd_ctl_boolean_stereo_info	vmlinux	kernel
cc6a729f	snd_ctl_enum_info	vmlinux	kernel
f8f8c370	snd_ctl_find_id	vmlinux	kernel
ecb306d0	snd_ctl_make_virtual_master	vmlinux	kernel
ada0313a	snd_ctl_new1	vmlinux	kernel
e78ee956	snd_ctl_notify	vmlinux	REQUIRED
22f5d355	snd_ctl_remove	vmlinux	kernel
5218e0a0	snd_ctl_remove_id	vmlinux	kernel
96ddc316	snd_ctl_sync_vmaster	vmlinux	kernel
3a2d1fed	snd_device_disconnect	vmlinux	kernel
def7d1f0	snd_device_free	vmlinux	kernel
7819ac1e	snd_device_new	vmlinux	kernel
8f43109c	snd_dma_alloc_pages	vmlinux	kernel
6590e4e8	snd_dma_free_pages	vmlinux	kernel
32fb5188	snd_dmaengine_pcm_close_release_chan	vmlinux	kernel
bdda603b	snd_dmaengine_pcm_get_chan	vmlinux	kernel
67c6df6d	snd_dmaengine_pcm_open	vmlinux	kernel
ab522b07	snd_dmaengine_pcm_open_request_chan	vmlinux	kernel
2921a288	snd_dmaengine_pcm_pointer	vmlinux	kernel
86d3f850	snd_dmaengine_pcm_prepare_slave_config	vmlinux	kernel
4c1c1bea	snd_dmaengine_pcm_refine_runtime_hwparams	vmlinux	kernel
92efe2b6	snd_dmaengine_pcm_set_config_from_dai_data	vmlinux	kernel
bed84684	snd_dmaengine_pcm_trigger	vmlinux	kernel
287f7f50	snd_hwdep_new	vmlinux	kernel
55507bd8	snd_hwparams_to_dma_slave_config	vmlinux	kernel
c36e44f2	snd_info_create_card_entry	vmlinux	REQUIRED
27934fd7	snd_info_create_module_entry	vmlinux	REQUIRED
3971a63b	snd_info_free_entry	vmlinux	REQUIRED
5ee4fac6	snd_info_register	vmlinux	REQUIRED
503bd137	snd_interval_ranges	vmlinux	kernel
04cda566	snd_interval_refine	vmlinux	kernel
27b473d6	snd_jack_new	vmlinux	kernel
86e64ca7	snd_jack_report	vmlinux	kernel
14f4c7ac	snd_jack_set_key	vmlinux	REQUIRED
1babb63a	snd_pci_quirk_lookup	vmlinux	kernel
69fcdafa	snd_pcm_add_chmap_ctls	vmlinux	kernel
09e913c1	snd_pcm_alt_chmaps	vmlinux	kernel
649892e8	snd_pcm_create_iec958_consumer_default	vmlinux	kernel
11eba48e	snd_pcm_create_iec958_consumer_hw_params	vmlinux	kernel
1d5b88a5	snd_pcm_fill_iec958_consumer	vmlinux	kernel
5c407196	snd_pcm_fill_iec958_consumer_hw_params	vmlinux	kernel
4f816e9b	snd_pcm_format_big_endian	vmlinux	kernel
6ef8fcd8	snd_pcm_format_linear	vmlinux	kernel
68a24153	snd_pcm_format_physical_width	vmlinux	REQUIRED
a61aa028	snd_pcm_format_unsigned	vmlinux	kernel
e56a9336	snd_pcm_format_width	vmlinux	REQUIRED
1375206e	snd_pcm_hw_constraint_eld	vmlinux	kernel
a4ff36b7	snd_pcm_hw_constraint_integer	vmlinux	kernel
eec87728	snd_pcm_hw_constraint_list	vmlinux	REQUIRED
1c514236	snd_pcm_hw_constraint_mask64	vmlinux	kernel
d79671c4	snd_pcm_hw_constraint_minmax	vmlinux	kernel
21f14945	snd_pcm_hw_constraint_msbits	vmlinux	kernel
c3735b65	snd_pcm_hw_constraint_ratnums	vmlinux	kernel
88c6303f	snd_pcm_hw_constraint_step	vmlinux	kernel
69255f54	snd_pcm_hw_limit_rates	vmlinux	kernel
a06e136b	snd_pcm_hw_rule_add	vmlinux	kernel
c5b91526	snd_pcm_kernel_ioctl	vmlinux	kernel
f76f2916	snd_pcm_lib_default_mmap	vmlinux	kernel
e9db4fdd	snd_pcm_lib_free_pages	vmlinux	kernel
cac151eb	snd_pcm_lib_ioctl	vmlinux	kernel
15c26a7a	snd_pcm_lib_malloc_pages	vmlinux	kernel
4719ce13	snd_pcm_lib_preallocate_free_for_all	vmlinux	kernel
8c2e91ad	snd_pcm_lib_preallocate_pages	vmlinux	kernel
22e3b4fb	snd_pcm_lib_preallocate_pages_for_all	vmlinux	kernel
46055370	snd_pcm_new	vmlinux	kernel
e242e3c0	snd_pcm_open_substream	vmlinux	kernel
5f4372b9	snd_pcm_period_elapsed	vmlinux	kernel
8d864069	snd_pcm_rate_range_to_bits	vmlinux	kernel
0f7253a4	snd_pcm_release_substream	vmlinux	kernel
b5dcd2fe	snd_pcm_set_managed_buffer_all	vmlinux	kernel
c6ef6c04	snd_pcm_set_ops	vmlinux	kernel
bb2b1cbe	snd_pcm_set_sync	vmlinux	kernel
04e1b99f	snd_pcm_std_chmaps	vmlinux	kernel
e8e0475e	snd_pcm_stop	vmlinux	kernel
a50d8400	snd_pcm_stream_lock	vmlinux	kernel
32d7a400	snd_pcm_stream_unlock	vmlinux	kernel
00ac7ff2	snd_pcm_stream_unlock_irqrestore	vmlinux	kernel
9a916a85	snd_soc_add_card_controls	vmlinux	kernel
f0b33873	snd_soc_add_component_controls	vmlinux	REQUIRED
7b3c83b1	snd_soc_add_dai_controls	vmlinux	kernel
4ebf69d5	snd_soc_bytes_info_ext	vmlinux	REQUIRED
6640e6ee	snd_soc_bytes_tlv_callback	vmlinux	REQUIRED
c4652660	snd_soc_card_get_kcontrol	vmlinux	REQUIRED
bb169b45	snd_soc_card_jack_new	vmlinux	REQUIRED
ea7342d0	snd_soc_component_async_complete	vmlinux	kernel
001eecf2	snd_soc_component_disable_pin	vmlinux	REQUIRED
77a5c743	snd_soc_component_enable_pin	vmlinux	kernel
b2aae0c8	snd_soc_component_exit_regmap	vmlinux	REQUIRED
f4dbf34d	snd_soc_component_force_enable_pin	vmlinux	REQUIRED
653b682c	snd_soc_component_get_pin_status	vmlinux	kernel
ddaab433	snd_soc_component_init_regmap	vmlinux	REQUIRED
4f5ffcdb	snd_soc_component_read	vmlinux	REQUIRED
233dfced	snd_soc_component_set_jack	vmlinux	kernel
7c218cc1	snd_soc_component_set_pll	vmlinux	kernel
9c24cbdd	snd_soc_component_set_sysclk	vmlinux	kernel
8453a413	snd_soc_component_test_bits	vmlinux	kernel
841d6dda	snd_soc_component_update_bits	vmlinux	REQUIRED
23193487	snd_soc_component_update_bits_async	vmlinux	kernel
800af8ff	snd_soc_component_write	vmlinux	REQUIRED
12af7bb7	snd_soc_dai_active	vmlinux	kernel
6adba2f4	snd_soc_dai_get_channel_map	vmlinux	REQUIRED
8b85f0d9	snd_soc_dai_link_set_capabilities	vmlinux	kernel
b5e7684c	snd_soc_dai_set_bclk_ratio	vmlinux	kernel
fa3a8dc8	snd_soc_dai_set_channel_map	vmlinux	REQUIRED
7fdb850f	snd_soc_dai_set_fmt	vmlinux	kernel
e8f9a492	snd_soc_dai_set_pll	vmlinux	kernel
83e805f9	snd_soc_dai_set_sysclk	vmlinux	kernel
b5f0490a	snd_soc_dai_set_tdm_slot	vmlinux	kernel
dc5d5667	snd_soc_dai_set_tristate	vmlinux	kernel
6fe199e0	snd_soc_dapm_add_routes	vmlinux	REQUIRED
c7bf7e2a	snd_soc_dapm_del_routes	vmlinux	kernel
b4dc0197	snd_soc_dapm_disable_pin	vmlinux	REQUIRED
6f1b5cb7	snd_soc_dapm_disable_pin_unlocked	vmlinux	kernel
fbb62918	snd_soc_dapm_enable_pin	vmlinux	kernel
8504e512	snd_soc_dapm_force_bias_level	vmlinux	kernel
1c9248da	snd_soc_dapm_force_enable_pin	vmlinux	REQUIRED
976ffc86	snd_soc_dapm_force_enable_pin_unlocked	vmlinux	kernel
6c4e91f4	snd_soc_dapm_get_enum_double	vmlinux	REQUIRED
79405214	snd_soc_dapm_get_pin_status	vmlinux	kernel
326a1f87	snd_soc_dapm_get_pin_switch	vmlinux	kernel
415a76f8	snd_soc_dapm_get_volsw	vmlinux	REQUIRED
c67460a3	snd_soc_dapm_ignore_suspend	vmlinux	REQUIRED
86a6366c	snd_soc_dapm_info_pin_switch	vmlinux	kernel
29576b48	snd_soc_dapm_kcontrol_dapm	vmlinux	kernel
08a70d7f	snd_soc_dapm_kcontrol_widget	vmlinux	REQUIRED
461ba83b	snd_soc_dapm_mixer_update_power	vmlinux	REQUIRED
5d7746b2	snd_soc_dapm_mux_update_power	vmlinux	REQUIRED
8c7d1376	snd_soc_dapm_new_control	vmlinux	kernel
8448df58	snd_soc_dapm_new_controls	vmlinux	REQUIRED
5d4d2bad	snd_soc_dapm_new_widgets	vmlinux	REQUIRED
28cc9c07	snd_soc_dapm_put_enum_double	vmlinux	REQUIRED
b44a9feb	snd_soc_dapm_put_pin_switch	vmlinux	kernel
1893a9f1	snd_soc_dapm_put_volsw	vmlinux	REQUIRED
3322eaad	snd_soc_dapm_sync	vmlinux	REQUIRED
c0e5eca4	snd_soc_dapm_sync_unlocked	vmlinux	kernel
be7e6e2b	snd_soc_dapm_weak_routes	vmlinux	kernel
a85ff24d	snd_soc_dpcm_get_substream	vmlinux	kernel
80fb28f5	snd_soc_find_dai	vmlinux	kernel
859c3053	snd_soc_get_dai_name	vmlinux	kernel
6a015ed1	snd_soc_get_enum_double	vmlinux	REQUIRED
0a99a212	snd_soc_get_pcm_runtime	vmlinux	REQUIRED
901f7173	snd_soc_get_volsw	vmlinux	REQUIRED
2bb01b4c	snd_soc_get_volsw_range	vmlinux	REQUIRED
5d5505fa	snd_soc_get_volsw_sx	vmlinux	kernel
44f36e70	snd_soc_get_xr_sx	vmlinux	kernel
ffaea249	snd_soc_info_enum_double	vmlinux	REQUIRED
aca2c525	snd_soc_info_multi_ext	vmlinux	REQUIRED
f643f1fa	snd_soc_info_volsw	vmlinux	REQUIRED
4a915fe2	snd_soc_info_volsw_range	vmlinux	REQUIRED
ece5dbb9	snd_soc_info_volsw_sx	vmlinux	kernel
a16c1099	snd_soc_info_xr_sx	vmlinux	kernel
f99c1d26	snd_soc_jack_add_gpios	vmlinux	kernel
eaafecb4	snd_soc_jack_add_zones	vmlinux	kernel
a6a446f1	snd_soc_jack_get_type	vmlinux	kernel
a6c59cae	snd_soc_jack_notifier_register	vmlinux	kernel
298bf8c8	snd_soc_jack_report	vmlinux	REQUIRED
59806031	snd_soc_limit_volume	vmlinux	kernel
2ea4e3d4	snd_soc_lookup_component	vmlinux	REQUIRED
58151ca9	snd_soc_lookup_component_nolocked	vmlinux	kernel
89bfad02	snd_soc_new_compress	vmlinux	kernel
eb00f526	snd_soc_of_get_dai_link_codecs	vmlinux	kernel
3fe387fd	snd_soc_of_get_dai_name	vmlinux	kernel
7166c2cf	snd_soc_of_parse_audio_routing	vmlinux	REQUIRED
979d89fe	snd_soc_of_parse_audio_simple_widgets	vmlinux	kernel
6de47c36	snd_soc_of_parse_aux_devs	vmlinux	kernel
2483e5a7	snd_soc_of_parse_card_name	vmlinux	REQUIRED
c5c6ec01	snd_soc_of_parse_daifmt	vmlinux	kernel
98b26bd7	snd_soc_of_parse_node_prefix	vmlinux	kernel
8a8a1176	snd_soc_of_parse_tdm_slot	vmlinux	kernel
4b60b8a3	snd_soc_of_put_dai_link_codecs	vmlinux	kernel
eb711ae7	snd_soc_params_to_bclk	vmlinux	kernel
c8269f94	snd_soc_params_to_frame_size	vmlinux	kernel
07ce1303	snd_soc_pm_ops	vmlinux	REQUIRED
b857b6dc	snd_soc_poweroff	vmlinux	kernel
8af7b905	snd_soc_put_enum_double	vmlinux	REQUIRED
3424c843	snd_soc_put_volsw	vmlinux	REQUIRED
cb46fc98	snd_soc_put_volsw_range	vmlinux	REQUIRED
fd321c1b	snd_soc_put_volsw_sx	vmlinux	kernel
e0c8d740	snd_soc_put_xr_sx	vmlinux	kernel
59bf04c1	snd_soc_register_card	vmlinux	kernel
34511c76	snd_soc_register_component	vmlinux	REQUIRED
4b452039	snd_soc_resume	vmlinux	kernel
9492d448	snd_soc_rtdcom_lookup	vmlinux	REQUIRED
5aa06655	snd_soc_runtime_calc_hw	vmlinux	kernel
b8c37e3d	snd_soc_runtime_set_dai_fmt	vmlinux	kernel
4056c6e4	snd_soc_set_runtime_hwparams	vmlinux	kernel
6dc6b296	snd_soc_tplg_component_load	vmlinux	kernel
7f8c940d	snd_soc_tplg_component_remove	vmlinux	kernel
e41aadc7	snd_soc_tplg_widget_bind_event	vmlinux	kernel
84a6cb13	snd_soc_unregister_card	vmlinux	REQUIRED
e2956764	snd_soc_unregister_component	vmlinux	REQUIRED
8b134ba0	snd_usb_enable_audio_stream	vmlinux	REQUIRED
752bed10	snd_vendor_set_ops	vmlinux	kernel
656e4a6e	snprintf	vmlinux	REQUIRED
fb223607	soc_device_match	vmlinux	kernel
735c68ca	soc_device_register	vmlinux	kernel
19c20269	soc_device_unregister	vmlinux	kernel
4cd3bf12	sock_alloc_send_pskb	vmlinux	kernel
50e27dab	sock_alloc_send_skb	vmlinux	kernel
ce69ea13	sock_create_kern	vmlinux	REQUIRED
42ceeb9d	sock_efree	vmlinux	kernel
10d2e8ac	sock_gettstamp	vmlinux	kernel
faed24a1	sock_i_uid	vmlinux	kernel
77c18ddf	sock_init_data	vmlinux	kernel
d8f9ef18	sock_no_accept	vmlinux	kernel
afb0e852	sock_no_listen	vmlinux	kernel
e3534247	sock_no_mmap	vmlinux	kernel
f3a39e62	sock_no_sendpage	vmlinux	kernel
1debcbc8	sock_no_shutdown	vmlinux	kernel
b4255274	sock_no_socketpair	vmlinux	kernel
85202c57	sock_queue_rcv_skb	vmlinux	kernel
865cfd81	sock_recvmsg	vmlinux	kernel
a7618d84	sock_register	vmlinux	kernel
c24aa96d	sock_release	vmlinux	REQUIRED
6aa5d31b	sock_setsockopt	vmlinux	kernel
62737e1d	sock_unregister	vmlinux	kernel
4c09c5aa	sock_wfree	vmlinux	kernel
02e843d7	sockfd_lookup	vmlinux	kernel
88bad166	softnet_data	vmlinux	REQUIRED
b7c0f443	sort	vmlinux	REQUIRED
b7e5ac0f	spi_bus_lock	vmlinux	kernel
e181fe91	spi_bus_type	vmlinux	kernel
ca8b03e4	spi_bus_unlock	vmlinux	kernel
366c81f3	spi_controller_resume	vmlinux	kernel
8a471d0e	spi_controller_suspend	vmlinux	kernel
76306859	spi_delay_exec	vmlinux	kernel
704c2a56	spi_finalize_current_message	vmlinux	kernel
928c3401	spi_finalize_current_transfer	vmlinux	kernel
99fbbd18	spi_get_device_id	vmlinux	kernel
d057ae3e	spi_get_next_queued_message	vmlinux	kernel
76d0ab09	spi_mem_adjust_op_size	vmlinux	kernel
27e83798	spi_mem_default_supports_op	vmlinux	kernel
5f44843f	spi_mem_dirmap_read	vmlinux	kernel
089cab1d	spi_mem_dirmap_write	vmlinux	kernel
29c5fb03	spi_mem_driver_register_with_owner	vmlinux	kernel
7371975c	spi_mem_driver_unregister	vmlinux	kernel
1bf6780c	spi_mem_dtr_supports_op	vmlinux	kernel
05d21db3	spi_mem_exec_op	vmlinux	kernel
ba46268d	spi_mem_get_name	vmlinux	kernel
3e8bd610	spi_mem_supports_op	vmlinux	kernel
1a9bb3d9	spi_register_controller	vmlinux	REQUIRED
92680418	spi_setup	vmlinux	REQUIRED
aa554c78	spi_sync	vmlinux	REQUIRED
e262a5b5	spi_sync_locked	vmlinux	kernel
6d874e1e	spi_unregister_controller	vmlinux	REQUIRED
3d61b46d	spi_write_then_read	vmlinux	kernel
282a7b02	split_page	vmlinux	kernel
95103f0b	spmi_controller_add	vmlinux	REQUIRED
27794a5f	spmi_controller_alloc	vmlinux	REQUIRED
130e6632	spmi_controller_remove	vmlinux	REQUIRED
19f514a6	spmi_ext_register_read	vmlinux	kernel
eee512f1	spmi_ext_register_readl	vmlinux	kernel
08a8d05e	spmi_ext_register_write	vmlinux	kernel
edf66e23	spmi_ext_register_writel	vmlinux	kernel
68ae390c	spmi_register_read	vmlinux	kernel
4b1a4fd0	spmi_register_write	vmlinux	kernel
34c01336	spmi_register_zero_write	vmlinux	kernel
661601de	sprint_symbol	vmlinux	REQUIRED
e769232e	sprint_symbol_no_offset	vmlinux	kernel
3c3ff9fd	sprintf	vmlinux	REQUIRED
cadb4938	srcu_barrier	vmlinux	kernel
fee6b2a6	srcu_batches_completed	vmlinux	kernel
36d70b72	srcu_init_notifier_head	vmlinux	REQUIRED
fa9d85fd	srcu_notifier_call_chain	vmlinux	REQUIRED
b5dec381	srcu_notifier_chain_register	vmlinux	REQUIRED
c579925f	srcu_notifier_chain_unregister	vmlinux	REQUIRED
82971436	srcu_torture_stats_print	vmlinux	kernel
a6dff6ba	srcutorture_get_gp_data	vmlinux	kernel
bcab6ee6	sscanf	vmlinux	REQUIRED
051a0bc1	stack_depot_fetch	vmlinux	kernel
a45c7b90	stack_trace_print	vmlinux	kernel
6bd1aa56	stack_trace_save	vmlinux	kernel
c487eb56	stack_trace_save_regs	vmlinux	kernel
e8d7e643	stack_trace_save_tsk	vmlinux	kernel
b912560d	static_key_disable	vmlinux	kernel
0e6b79af	static_key_disable_cpuslocked	vmlinux	kernel
3a55981a	static_key_enable_cpuslocked	vmlinux	kernel
2f4880df	static_key_slow_dec	vmlinux	kernel
8e92f7c4	static_key_slow_inc	vmlinux	kernel
dfc04014	stop_machine	vmlinux	kernel
bb4465d4	stop_one_cpu_nowait	vmlinux	kernel
a91801be	store_sampling_rate	vmlinux	kernel
f4db35bc	stpcpy	vmlinux	kernel
aafdc258	strcasecmp	vmlinux	REQUIRED
061651be	strcat	vmlinux	kernel
349cba85	strchr	vmlinux	REQUIRED
ceab0311	strchrnul	vmlinux	REQUIRED
e2d5255a	strcmp	vmlinux	REQUIRED
e914e41e	strcpy	vmlinux	REQUIRED
1ac5d3cb	strcspn	vmlinux	kernel
81196244	stream_open	vmlinux	kernel
77bc13a0	strim	vmlinux	REQUIRED
48a91171	string_get_size	vmlinux	kernel
f9c0b663	strlcat	vmlinux	REQUIRED
5792f848	strlcpy	vmlinux	REQUIRED
98cf60b3	strlen	vmlinux	REQUIRED
96b29254	strncasecmp	vmlinux	REQUIRED
2e2b40d2	strncat	vmlinux	REQUIRED
4841bdee	strnchr	vmlinux	REQUIRED
5a921311	strncmp	vmlinux	REQUIRED
9166fada	strncpy	vmlinux	REQUIRED
24428be5	strncpy_from_user	vmlinux	kernel
41482d8b	strndup_user	vmlinux	kernel
a916b694	strnlen	vmlinux	REQUIRED
bcc308bb	strnlen_user	vmlinux	kernel
c310b981	strnstr	vmlinux	REQUIRED
9a1dfd65	strpbrk	vmlinux	REQUIRED
9f984513	strrchr	vmlinux	REQUIRED
7410aba2	strreplace	vmlinux	REQUIRED
dd64e639	strscpy	vmlinux	REQUIRED
85df9b6c	strsep	vmlinux	REQUIRED
c29bf967	strspn	vmlinux	kernel
1e6d26a8	strstr	vmlinux	REQUIRED
c9f6bf9f	submit_bh	vmlinux	kernel
ff368e5f	submit_bio	vmlinux	REQUIRED
0c593cfb	submit_bio_noacct	vmlinux	kernel
32a9deed	submit_bio_wait	vmlinux	REQUIRED
ecd1be91	subsys_system_register	vmlinux	kernel
1ab0c7e0	suspend_set_ops	vmlinux	kernel
ecfaf563	swap_alloc_cluster	vmlinux	kernel
878fb19a	swap_type_to_swap_info	vmlinux	kernel
5dffd38f	swapcache_free_entries	vmlinux	kernel
5b6b0329	swiotlb_max_segment	vmlinux	kernel
5e51cd74	swiotlb_nr_tbl	vmlinux	kernel
fe7411ac	swp_swap_info	vmlinux	kernel
219fe0be	sync_blockdev	vmlinux	REQUIRED
87e19c21	sync_dirty_buffer	vmlinux	kernel
308037c0	sync_file_create	vmlinux	REQUIRED
4dca08ee	sync_file_get_fence	vmlinux	REQUIRED
914a9b6e	sync_filesystem	vmlinux	kernel
e4cd8188	sync_inode_metadata	vmlinux	kernel
4e4b1f39	sync_inodes_sb	vmlinux	kernel
e523ad75	synchronize_irq	vmlinux	REQUIRED
609f1c7e	synchronize_net	vmlinux	REQUIRED
6091797f	synchronize_rcu	vmlinux	REQUIRED
86f6b99d	synchronize_rcu_expedited	vmlinux	kernel
0b1bb9f9	synchronize_rcu_tasks	vmlinux	kernel
6246a629	synchronize_rcu_tasks_trace	vmlinux	kernel
98b0243a	synchronize_srcu	vmlinux	REQUIRED
6bab6976	synchronize_srcu_expedited	vmlinux	kernel
0a961a77	synth_event_create	vmlinux	kernel
64e27c4f	synth_event_delete	vmlinux	kernel
fe5d4bb2	sys_tz	vmlinux	REQUIRED
e4428e2a	syscon_node_to_regmap	vmlinux	REQUIRED
ee6b71c4	syscon_regmap_lookup_by_compatible	vmlinux	kernel
482954a5	syscon_regmap_lookup_by_phandle	vmlinux	kernel
e4309905	syscore_resume	vmlinux	kernel
dc97af2e	syscore_suspend	vmlinux	kernel
84da85bb	sysctl_sched_features	vmlinux	kernel
ceee0cb7	sysctl_sched_latency	vmlinux	kernel
c8827b75	sysctl_vals	vmlinux	REQUIRED
10b62114	sysfs_add_file_to_group	vmlinux	REQUIRED
d114efeb	sysfs_add_link_to_group	vmlinux	REQUIRED
10d5b5f2	sysfs_create_bin_file	vmlinux	REQUIRED
4fc8c1b0	sysfs_create_file_ns	vmlinux	REQUIRED
0315a6c1	sysfs_create_files	vmlinux	REQUIRED
aa3caa56	sysfs_create_group	vmlinux	REQUIRED
d026d214	sysfs_create_groups	vmlinux	REQUIRED
c01c8b87	sysfs_create_link	vmlinux	REQUIRED
e783e261	sysfs_emit	vmlinux	REQUIRED
99f2d00a	sysfs_emit_at	vmlinux	kernel
6ac99d86	sysfs_group_change_owner	vmlinux	kernel
8a925a3e	sysfs_merge_group	vmlinux	kernel
d7fe759b	sysfs_notify	vmlinux	REQUIRED
e2a9fbdd	sysfs_remove_bin_file	vmlinux	REQUIRED
491b1732	sysfs_remove_file_from_group	vmlinux	REQUIRED
efd0ee57	sysfs_remove_file_ns	vmlinux	REQUIRED
a836e7d6	sysfs_remove_files	vmlinux	REQUIRED
e8415b1d	sysfs_remove_group	vmlinux	REQUIRED
8ffa6d0a	sysfs_remove_groups	vmlinux	REQUIRED
9b2b597c	sysfs_remove_link	vmlinux	REQUIRED
3d2edd8e	sysfs_remove_link_from_group	vmlinux	REQUIRED
222e7ce2	sysfs_streq	vmlinux	REQUIRED
616b20b7	sysfs_update_group	vmlinux	kernel
4a17ed66	sysrq_mask	vmlinux	REQUIRED
d067d3c5	system_freezable_power_efficient_wq	vmlinux	kernel
d4034828	system_freezable_wq	vmlinux	REQUIRED
7ab88a45	system_freezing_cnt	vmlinux	REQUIRED
cd91b127	system_highpri_wq	vmlinux	REQUIRED
131db64a	system_long_wq	vmlinux	kernel
47884890	system_power_efficient_wq	vmlinux	kernel
015af7f4	system_state	vmlinux	REQUIRED
d4c14632	system_unbound_wq	vmlinux	REQUIRED
2d3385d3	system_wq	vmlinux	REQUIRED
92107256	tag_pages_for_writeback	vmlinux	kernel
a505b698	task_active_pid_ns	vmlinux	REQUIRED
56c9332f	task_groups	vmlinux	kernel
828a69f4	task_may_not_preempt	vmlinux	kernel
d5ed98fa	task_rq_lock	vmlinux	kernel
51ffac37	task_sched_runtime	vmlinux	kernel
2364c85a	tasklet_init	vmlinux	REQUIRED
0ea3c74e	tasklet_kill	vmlinux	REQUIRED
a07d1b3c	tasklet_setup	vmlinux	REQUIRED
673472ea	tasklist_lock	vmlinux	REQUIRED
0ef56adf	tcf_action_exec	vmlinux	kernel
76725dca	tcf_exts_destroy	vmlinux	kernel
4379cbc6	tcf_exts_dump	vmlinux	kernel
7fa15ef8	tcf_exts_dump_stats	vmlinux	kernel
465fd250	tcf_exts_validate	vmlinux	kernel
29063663	tcf_queue_work	vmlinux	kernel
463219fb	tcp_hashinfo	vmlinux	kernel
7572a3eb	tcp_parse_options	vmlinux	kernel
830d1ca5	tcp_register_congestion_control	vmlinux	kernel
e052e0c3	tcp_reno_cong_avoid	vmlinux	kernel
0e76d32b	tcp_reno_ssthresh	vmlinux	kernel
34dbb105	tcp_reno_undo_cwnd	vmlinux	kernel
a45b71e6	tcp_slow_start	vmlinux	kernel
227ff6bd	tcp_unregister_congestion_control	vmlinux	kernel
be111953	tcpci_get_tcpm_port	vmlinux	kernel
6f497a3c	tcpci_irq	vmlinux	kernel
b801d79a	tcpci_register_port	vmlinux	kernel
c529e32e	tcpci_unregister_port	vmlinux	kernel
c37b9769	tcpm_cc_change	vmlinux	kernel
d974a755	tcpm_is_toggling	vmlinux	kernel
9e0bd753	tcpm_pd_hard_reset	vmlinux	kernel
b655342c	tcpm_pd_receive	vmlinux	kernel
3b84657b	tcpm_pd_transmit_complete	vmlinux	kernel
35432f0e	tcpm_register_port	vmlinux	kernel
10ec6d2d	tcpm_sink_frs	vmlinux	kernel
eb779665	tcpm_sourcing_vbus	vmlinux	kernel
ea220941	tcpm_tcpc_reset	vmlinux	kernel
76eeda4b	tcpm_unregister_port	vmlinux	kernel
622a422a	tcpm_update_sink_capabilities	vmlinux	kernel
ceb50012	tcpm_vbus_change	vmlinux	kernel
9d8a0389	thaw_bdev	vmlinux	kernel
e53be53c	thaw_super	vmlinux	kernel
b039311e	thermal_cdev_update	vmlinux	kernel
e8abcd67	thermal_cooling_device_register	vmlinux	REQUIRED
9df1a3d9	thermal_cooling_device_unregister	vmlinux	REQUIRED
eada5ab8	thermal_of_cooling_device_register	vmlinux	REQUIRED
b9d6f369	thermal_pressure	vmlinux	kernel
d1fc40da	thermal_zone_bind_cooling_device	vmlinux	kernel
27b46df9	thermal_zone_device_disable	vmlinux	kernel
12f26e76	thermal_zone_device_enable	vmlinux	kernel
e08b2704	thermal_zone_device_is_enabled	vmlinux	kernel
4c0c4622	thermal_zone_device_register	vmlinux	REQUIRED
ea638ea4	thermal_zone_device_unregister	vmlinux	kernel
6ea69b25	thermal_zone_device_update	vmlinux	REQUIRED
b187e086	thermal_zone_get_slope	vmlinux	kernel
bb2aa579	thermal_zone_get_temp	vmlinux	REQUIRED
7d5c137f	thermal_zone_get_zone_by_name	vmlinux	REQUIRED
91f12448	thermal_zone_of_sensor_register	vmlinux	REQUIRED
7af676ea	thermal_zone_of_sensor_unregister	vmlinux	REQUIRED
50c78d5c	thermal_zone_unbind_cooling_device	vmlinux	kernel
37af4882	thread_group_cputime_adjusted	vmlinux	kernel
2943498b	tick_nohz_get_idle_calls_cpu	vmlinux	kernel
1939cb0f	tick_nohz_get_sleep_length	vmlinux	REQUIRED
0fff5afc	time64_to_tm	vmlinux	REQUIRED
b8212341	timecounter_cyc2time	vmlinux	kernel
862258db	timecounter_init	vmlinux	kernel
6f9e763b	timecounter_read	vmlinux	kernel
9174535e	timer_of_init	vmlinux	kernel
75c21753	timer_reduce	vmlinux	kernel
8f5fb950	timer_unstable_counter_workaround	vmlinux	kernel
df93b9d8	timespec64_to_jiffies	vmlinux	kernel
b288f86d	timestamp_truncate	vmlinux	kernel
ea0dce63	topology_set_thermal_pressure	vmlinux	kernel
c7b3d143	topology_update_done	vmlinux	kernel
94f82081	total_swapcache_pages	vmlinux	REQUIRED
2f7ef280	touch_atime	vmlinux	kernel
4efa5b79	touchscreen_parse_properties	vmlinux	kernel
c74b1ca0	touchscreen_report_pos	vmlinux	kernel
74cf2326	trace_array_get_by_name	vmlinux	kernel
177a6906	trace_array_put	vmlinux	REQUIRED
a77d1599	trace_array_set_clr_event	vmlinux	kernel
33efc8c8	trace_clock_local	vmlinux	REQUIRED
6acaad61	trace_event_buffer_commit	vmlinux	REQUIRED
90b21669	trace_event_buffer_reserve	vmlinux	REQUIRED
72b15a7c	trace_event_ignore_this_pid	vmlinux	REQUIRED
e79bbd92	trace_event_raw_init	vmlinux	REQUIRED
9939f2b0	trace_event_reg	vmlinux	REQUIRED
c778b7b4	trace_get_event_file	vmlinux	kernel
7381287f	trace_handle_return	vmlinux	REQUIRED
fe45009d	trace_output_call	vmlinux	kernel
c3bc72ad	trace_print_array_seq	vmlinux	REQUIRED
9a58dd2d	trace_print_bitmask_seq	vmlinux	kernel
99078b39	trace_print_flags_seq	vmlinux	REQUIRED
e02ba436	trace_print_hex_seq	vmlinux	REQUIRED
cc5c2df4	trace_print_symbols_seq	vmlinux	REQUIRED
b4304cd8	trace_raw_output_prep	vmlinux	REQUIRED
525d0aa3	trace_seq_printf	vmlinux	REQUIRED
1b5f4377	trace_seq_putc	vmlinux	kernel
d217e9e6	trace_set_clr_event	vmlinux	kernel
95e102ab	tracepoint_probe_register	vmlinux	REQUIRED
9b70c6ff	tracepoint_probe_register_prio	vmlinux	REQUIRED
dbeeece6	tracepoint_probe_unregister	vmlinux	REQUIRED
bf451872	tracepoint_srcu	vmlinux	kernel
74baf17a	tracing_is_on	vmlinux	kernel
7944e0fc	tracing_off	vmlinux	REQUIRED
32fd7748	truncate_inode_pages	vmlinux	kernel
ae5325c0	truncate_inode_pages_final	vmlinux	kernel
7f3226ed	truncate_inode_pages_range	vmlinux	kernel
8b5c56c8	truncate_pagecache	vmlinux	kernel
166ad52b	truncate_pagecache_range	vmlinux	kernel
e1532c7b	truncate_setsize	vmlinux	kernel
36505ade	try_module_get	vmlinux	REQUIRED
faf9e645	try_to_del_timer_sync	vmlinux	kernel
bb15d792	try_to_free_mem_cgroup_pages	vmlinux	REQUIRED
7ea49e80	try_to_release_page	vmlinux	kernel
be6f055c	try_to_writeback_inodes_sb	vmlinux	kernel
21ef374c	try_wait_for_completion	vmlinux	REQUIRED
f1a9d575	tso_build_data	vmlinux	kernel
a8551457	tso_build_hdr	vmlinux	kernel
bc565224	tso_count_descs	vmlinux	kernel
b88bf59e	tso_start	vmlinux	kernel
2e7a3d6d	ttm_bo_bulk_move_lru_tail	vmlinux	kernel
f4ead793	ttm_bo_device_init	vmlinux	kernel
be69177b	ttm_bo_device_release	vmlinux	kernel
4e5c9032	ttm_bo_dma_acc_size	vmlinux	kernel
d0b9843a	ttm_bo_evict_mm	vmlinux	kernel
2d201ded	ttm_bo_eviction_valuable	vmlinux	kernel
685376c6	ttm_bo_glob	vmlinux	kernel
519a48a0	ttm_bo_init_reserved	vmlinux	kernel
99c36391	ttm_bo_kmap	vmlinux	kernel
6b06b4dd	ttm_bo_kunmap	vmlinux	kernel
e708fe16	ttm_bo_lock_delayed_workqueue	vmlinux	kernel
be54e0ed	ttm_bo_mem_space	vmlinux	kernel
3e1e597b	ttm_bo_mmap	vmlinux	kernel
791977f9	ttm_bo_mmap_obj	vmlinux	kernel
19281d92	ttm_bo_move_accel_cleanup	vmlinux	kernel
c0f10db3	ttm_bo_move_memcpy	vmlinux	kernel
9008d009	ttm_bo_move_to_lru_tail	vmlinux	kernel
11a3f8ab	ttm_bo_move_ttm	vmlinux	kernel
1ae736e0	ttm_bo_put	vmlinux	kernel
e42af0f4	ttm_bo_unlock_delayed_workqueue	vmlinux	kernel
93ee0456	ttm_bo_validate	vmlinux	kernel
c9808f57	ttm_dma_page_alloc_debugfs	vmlinux	kernel
71b70ac6	ttm_dma_populate	vmlinux	kernel
cda16493	ttm_dma_tt_fini	vmlinux	kernel
752f7a6a	ttm_dma_unpopulate	vmlinux	kernel
4061ee9a	ttm_eu_backoff_reservation	vmlinux	kernel
932ffee4	ttm_eu_fence_buffer_objects	vmlinux	kernel
3d2a201b	ttm_eu_reserve_buffers	vmlinux	kernel
1f0ed66f	ttm_page_alloc_debugfs	vmlinux	kernel
bfb4ca4b	ttm_populate_and_map_pages	vmlinux	kernel
5ad5bf75	ttm_range_man_fini	vmlinux	kernel
a8390cbf	ttm_range_man_init	vmlinux	kernel
a098e480	ttm_resource_free	vmlinux	kernel
023b88b1	ttm_resource_manager_force_list_clean	vmlinux	kernel
a33b3620	ttm_resource_manager_init	vmlinux	kernel
23e11537	ttm_sg_tt_init	vmlinux	kernel
eba2f3ab	ttm_tt_destroy_common	vmlinux	kernel
69b40311	ttm_tt_populate	vmlinux	kernel
a48e052c	ttm_tt_set_placement_caching	vmlinux	kernel
2d35252c	ttm_unmap_and_unpopulate_pages	vmlinux	kernel
2f2814e2	tty_driver_flush_buffer	vmlinux	kernel
6c7685af	tty_flip_buffer_push	vmlinux	REQUIRED
4bf61645	tty_hangup	vmlinux	kernel
80545e76	tty_insert_flip_string_fixed_flag	vmlinux	kernel
ac939c40	tty_kref_put	vmlinux	kernel
469fae87	tty_ldisc_deref	vmlinux	kernel
7609590a	tty_ldisc_ref	vmlinux	kernel
417bf1a7	tty_mode_ioctl	vmlinux	kernel
76406461	tty_port_close	vmlinux	kernel
14669c25	tty_port_destroy	vmlinux	kernel
edb2e9f7	tty_port_hangup	vmlinux	kernel
9a5113a2	tty_port_init	vmlinux	kernel
b4d16f48	tty_port_open	vmlinux	kernel
919f9526	tty_port_register_device	vmlinux	kernel
a2a86e1d	tty_port_tty_get	vmlinux	kernel
0530a7aa	tty_port_tty_wakeup	vmlinux	kernel
63ae7903	tty_register_driver	vmlinux	kernel
3db52eb3	tty_register_ldisc	vmlinux	kernel
527ea077	tty_set_operations	vmlinux	kernel
85d8b904	tty_standard_install	vmlinux	kernel
67b27ec1	tty_std_termios	vmlinux	kernel
409873e3	tty_termios_baud_rate	vmlinux	kernel
30e74134	tty_termios_copy_hw	vmlinux	kernel
5641485b	tty_termios_encode_baud_rate	vmlinux	kernel
c65f0be5	tty_unregister_device	vmlinux	kernel
f4a49dea	tty_unregister_driver	vmlinux	kernel
a120d33c	tty_unregister_ldisc	vmlinux	kernel
9250e1ba	tty_vhangup	vmlinux	kernel
711395b7	typec_altmode2port	vmlinux	kernel
345cb99e	typec_altmode_enter	vmlinux	kernel
6035fa5a	typec_altmode_exit	vmlinux	kernel
5b944414	typec_altmode_get_partner	vmlinux	kernel
f5ee99e6	typec_altmode_notify	vmlinux	kernel
05a6d1cc	typec_altmode_unregister_driver	vmlinux	kernel
ead01e7c	typec_altmode_update_active	vmlinux	kernel
ce01a2fc	typec_altmode_vdm	vmlinux	kernel
734a9c4d	typec_get_drvdata	vmlinux	kernel
7a1eb1d6	typec_get_negotiated_svdm_version	vmlinux	kernel
ef5f0e3b	typec_mux_get_drvdata	vmlinux	kernel
6bccde42	typec_mux_register	vmlinux	kernel
e7d45e3d	typec_mux_set	vmlinux	kernel
dd2c13cf	typec_mux_unregister	vmlinux	kernel
90c7bc7d	typec_partner_register_altmode	vmlinux	kernel
493159cc	typec_partner_set_identity	vmlinux	kernel
579563fa	typec_port_register_altmode	vmlinux	kernel
e1e2a5b4	typec_register_partner	vmlinux	kernel
ac96441a	typec_register_port	vmlinux	kernel
5f2c6469	typec_set_data_role	vmlinux	kernel
36852716	typec_set_orientation	vmlinux	kernel
33fd62de	typec_set_pwr_opmode	vmlinux	kernel
7e2998e7	typec_set_pwr_role	vmlinux	kernel
5ac3a632	typec_set_vconn_role	vmlinux	kernel
5671d96e	typec_switch_get_drvdata	vmlinux	kernel
44035ce8	typec_switch_register	vmlinux	kernel
f5128131	typec_switch_unregister	vmlinux	kernel
48056c6b	typec_unregister_altmode	vmlinux	kernel
9cad8da6	typec_unregister_partner	vmlinux	kernel
da0a9c4c	typec_unregister_port	vmlinux	kernel
54db86b9	uart_add_one_port	vmlinux	REQUIRED
4adf7e70	uart_console_device	vmlinux	kernel
87ff7df9	uart_console_write	vmlinux	kernel
8b45fcdf	uart_get_baud_rate	vmlinux	kernel
4b602dd2	uart_get_divisor	vmlinux	kernel
23c85b7b	uart_get_rs485_mode	vmlinux	kernel
b9c256df	uart_handle_cts_change	vmlinux	kernel
9e57c1f9	uart_handle_dcd_change	vmlinux	kernel
54a8baed	uart_insert_char	vmlinux	REQUIRED
4f72a987	uart_parse_options	vmlinux	kernel
20fdd28c	uart_register_driver	vmlinux	REQUIRED
c60d521f	uart_remove_one_port	vmlinux	REQUIRED
8a358b9f	uart_resume_port	vmlinux	kernel
c002464f	uart_set_options	vmlinux	kernel
409bbb8e	uart_suspend_port	vmlinux	kernel
a41eebb5	uart_try_toggle_sysrq	vmlinux	REQUIRED
f44a4b9c	uart_unregister_driver	vmlinux	REQUIRED
97051f87	uart_update_timeout	vmlinux	kernel
f13303e4	uart_write_wakeup	vmlinux	kernel
960c9cd4	uclamp_eff_value	vmlinux	kernel
2bc68062	ucsi_connector_change	vmlinux	REQUIRED
63787739	ucsi_create	vmlinux	REQUIRED
7a43bc71	ucsi_destroy	vmlinux	REQUIRED
c4603ca2	ucsi_get_drvdata	vmlinux	REQUIRED
14fc3d73	ucsi_register	vmlinux	REQUIRED
ec0c620d	ucsi_send_command	vmlinux	kernel
ef5d6ceb	ucsi_set_drvdata	vmlinux	REQUIRED
494fa142	ucsi_unregister	vmlinux	REQUIRED
5a1b023f	udp4_hwcsum	vmlinux	kernel
057f9b97	ufshcd_alloc_host	vmlinux	kernel
c16cbeff	ufshcd_auto_hibern8_update	vmlinux	kernel
9da76035	ufshcd_bkops_ctrl	vmlinux	kernel
b40401db	ufshcd_config_pwr_mode	vmlinux	kernel
26267833	ufshcd_dealloc_host	vmlinux	kernel
723b1abf	ufshcd_delay_us	vmlinux	kernel
1108b959	ufshcd_dme_get_attr	vmlinux	kernel
c1ba1599	ufshcd_dme_set_attr	vmlinux	kernel
6605adad	ufshcd_dump_regs	vmlinux	kernel
c4e74b30	ufshcd_fixup_dev_quirks	vmlinux	kernel
a59b3f84	ufshcd_get_local_unipro_ver	vmlinux	kernel
ff85cd6b	ufshcd_get_pwr_dev_param	vmlinux	kernel
42da96d6	ufshcd_hba_enable	vmlinux	kernel
17f07fb8	ufshcd_hba_stop	vmlinux	kernel
236a22d5	ufshcd_hold	vmlinux	kernel
079a8dd0	ufshcd_link_recovery	vmlinux	kernel
be990155	ufshcd_make_hba_operational	vmlinux	kernel
2aeb238f	ufshcd_map_desc_id_to_length	vmlinux	kernel
2c1c87c2	ufshcd_pltfrm_init	vmlinux	kernel
9ae780b3	ufshcd_pltfrm_resume	vmlinux	kernel
2b37a1b0	ufshcd_pltfrm_runtime_idle	vmlinux	kernel
95ce2226	ufshcd_pltfrm_runtime_resume	vmlinux	kernel
0766e5ba	ufshcd_pltfrm_runtime_suspend	vmlinux	kernel
fa5a73cb	ufshcd_pltfrm_shutdown	vmlinux	kernel
870cabd3	ufshcd_pltfrm_suspend	vmlinux	kernel
dd503bff	ufshcd_query_attr	vmlinux	kernel
12306de4	ufshcd_query_attr_retry	vmlinux	kernel
055860cf	ufshcd_query_descriptor_retry	vmlinux	kernel
3c154886	ufshcd_query_flag	vmlinux	kernel
a4aa7bd6	ufshcd_query_flag_retry	vmlinux	kernel
67c2a4b2	ufshcd_read_desc_param	vmlinux	kernel
fa98ca5c	ufshcd_release	vmlinux	kernel
53c91879	ufshcd_remove	vmlinux	kernel
9a4540a1	ufshcd_shutdown	vmlinux	kernel
fb14e9c8	ufshcd_system_resume	vmlinux	kernel
76066dbe	ufshcd_system_suspend	vmlinux	kernel
f646218b	ufshcd_uic_hibern8_enter	vmlinux	kernel
1d8646cd	ufshcd_uic_hibern8_exit	vmlinux	kernel
e4af472c	ufshcd_update_evt_hist	vmlinux	kernel
8c45317e	uio_unregister_device	vmlinux	REQUIRED
b957f2fa	unload_nls	vmlinux	kernel
9f626898	unlock_buffer	vmlinux	kernel
4b87c5bf	unlock_new_inode	vmlinux	kernel
c5aaf2e4	unlock_page	vmlinux	REQUIRED
153538fc	unmap_mapping_range	vmlinux	REQUIRED
4b5e52d1	unpin_user_page	vmlinux	kernel
43db2bb5	unpin_user_pages	vmlinux	kernel
b5a459dc	unregister_blkdev	vmlinux	REQUIRED
67879605	unregister_candev	vmlinux	kernel
6091b333	unregister_chrdev_region	vmlinux	REQUIRED
2d1996a9	unregister_console	vmlinux	REQUIRED
121d958a	unregister_die_notifier	vmlinux	REQUIRED
8a7d2c56	unregister_filesystem	vmlinux	kernel
81f372a2	unregister_ftrace_export	vmlinux	REQUIRED
2fe252cc	unregister_inet6addr_notifier	vmlinux	REQUIRED
fe029963	unregister_inetaddr_notifier	vmlinux	REQUIRED
18b23dc5	unregister_kprobe	vmlinux	kernel
8ea54251	unregister_kretprobe	vmlinux	REQUIRED
26e298e0	unregister_memory_notifier	vmlinux	kernel
6a5ecb18	unregister_module_notifier	vmlinux	kernel
d53c67b3	unregister_net_sysctl_table	vmlinux	kernel
7f1cc889	unregister_netdev	vmlinux	REQUIRED
9fdecc31	unregister_netdevice_many	vmlinux	REQUIRED
9d0d6206	unregister_netdevice_notifier	vmlinux	REQUIRED
a7aa3665	unregister_netdevice_queue	vmlinux	REQUIRED
4fe1eddf	unregister_netevent_notifier	vmlinux	REQUIRED
c617f82c	unregister_oom_notifier	vmlinux	REQUIRED
327ee4c5	unregister_pernet_device	vmlinux	kernel
c674754a	unregister_pernet_subsys	vmlinux	kernel
7681946c	unregister_pm_notifier	vmlinux	REQUIRED
4e2798c0	unregister_qdisc	vmlinux	REQUIRED
ac1a55be	unregister_reboot_notifier	vmlinux	REQUIRED
40d59096	unregister_restart_handler	vmlinux	kernel
31c8e272	unregister_rpmsg_driver	vmlinux	REQUIRED
3e9bf49a	unregister_shrinker	vmlinux	REQUIRED
fa1eb910	unregister_syscore_ops	vmlinux	kernel
d691c6a9	unregister_sysctl_table	vmlinux	REQUIRED
85f195fb	unregister_tcf_proto_ops	vmlinux	kernel
84148cca	unregister_virtio_device	vmlinux	kernel
cb3110fa	unregister_virtio_driver	vmlinux	kernel
b7c69a63	unregister_vmap_purge_notifier	vmlinux	kernel
cf2a6966	up	vmlinux	REQUIRED
6b50e951	up_read	vmlinux	REQUIRED
20d81059	up_write	vmlinux	REQUIRED
81c78e3f	update_devfreq	vmlinux	REQUIRED
446a8390	update_rq_clock	vmlinux	kernel
7f78d1aa	usb_add_config	vmlinux	kernel
fb102838	usb_add_function	vmlinux	kernel
7ed67fe3	usb_add_gadget	vmlinux	kernel
de6d5c6f	usb_add_gadget_udc	vmlinux	kernel
e7b94b3f	usb_add_hcd	vmlinux	kernel
86f48f44	usb_add_phy	vmlinux	kernel
cfba1162	usb_add_phy_dev	vmlinux	REQUIRED
e2ceddab	usb_alloc_coherent	vmlinux	REQUIRED
d97c0fff	usb_alloc_dev	vmlinux	REQUIRED
3e498793	usb_alloc_urb	vmlinux	REQUIRED
b9b9df41	usb_amd_dev_put	vmlinux	kernel
d87fc0a0	usb_amd_prefetch_quirk	vmlinux	kernel
4abd1d1f	usb_amd_pt_check_port	vmlinux	kernel
af4014ff	usb_amd_quirk_pll_check	vmlinux	kernel
dc825d6c	usb_amd_quirk_pll_disable	vmlinux	kernel
10ecc52c	usb_amd_quirk_pll_enable	vmlinux	kernel
c9677e82	usb_anchor_urb	vmlinux	kernel
d3825c83	usb_asmedia_modifyflowcontrol	vmlinux	kernel
371c0e4c	usb_assign_descriptors	vmlinux	REQUIRED
d937b3ed	usb_autopm_get_interface	vmlinux	kernel
a53054ba	usb_autopm_get_interface_no_resume	vmlinux	kernel
6c6b29fd	usb_autopm_put_interface	vmlinux	kernel
00a37125	usb_bulk_msg	vmlinux	kernel
7e64181d	usb_calc_bus_time	vmlinux	kernel
9e4d63f8	usb_choose_configuration	vmlinux	kernel
6680a26c	usb_composite_probe	vmlinux	kernel
6550fdd4	usb_composite_setup_continue	vmlinux	REQUIRED
7790f60c	usb_composite_unregister	vmlinux	kernel
a1b06bb7	usb_control_msg	vmlinux	REQUIRED
2e09263f	usb_copy_descriptors	vmlinux	kernel
5d64604c	usb_create_hcd	vmlinux	kernel
6d64574c	usb_create_shared_hcd	vmlinux	kernel
bc6f9adc	usb_debug_root	vmlinux	kernel
4531624f	usb_decode_ctrl	vmlinux	REQUIRED
570ef22e	usb_del_gadget_udc	vmlinux	kernel
3713f090	usb_deregister	vmlinux	REQUIRED
0e822527	usb_deregister_dev	vmlinux	kernel
0545c40a	usb_disable_xhci_ports	vmlinux	kernel
19a304ba	usb_disabled	vmlinux	kernel
e26688dd	usb_driver_claim_interface	vmlinux	kernel
361c5d2f	usb_driver_release_interface	vmlinux	kernel
c6c961cb	usb_enable_autosuspend	vmlinux	kernel
39bab8b7	usb_enable_intel_xhci_ports	vmlinux	kernel
880d48e4	usb_ep_alloc_request	vmlinux	REQUIRED
70832c42	usb_ep_autoconfig	vmlinux	REQUIRED
9370b708	usb_ep_clear_halt	vmlinux	kernel
badfaba7	usb_ep_dequeue	vmlinux	REQUIRED
1aec8cdd	usb_ep_disable	vmlinux	REQUIRED
2dbea237	usb_ep_enable	vmlinux	REQUIRED
a50158bd	usb_ep_fifo_flush	vmlinux	kernel
4408f42c	usb_ep_fifo_status	vmlinux	kernel
1d6766db	usb_ep_free_request	vmlinux	REQUIRED
d4616fc7	usb_ep_queue	vmlinux	REQUIRED
8310b89e	usb_ep_set_halt	vmlinux	REQUIRED
77ec757b	usb_ep_set_maxpacket_limit	vmlinux	REQUIRED
8eae8dfd	usb_find_common_endpoints	vmlinux	REQUIRED
e34cd4c7	usb_find_interface	vmlinux	kernel
d94a5c25	usb_free_all_descriptors	vmlinux	REQUIRED
79b7eb86	usb_free_coherent	vmlinux	REQUIRED
ca0bf864	usb_free_urb	vmlinux	REQUIRED
0f3a28dd	usb_function_register	vmlinux	REQUIRED
012df4f3	usb_function_unregister	vmlinux	REQUIRED
1e6d7696	usb_gadget_connect	vmlinux	kernel
6226724f	usb_gadget_disconnect	vmlinux	kernel
3cfd9348	usb_gadget_giveback_request	vmlinux	kernel
ae29cbdd	usb_gadget_map_request	vmlinux	kernel
57e9758f	usb_gadget_map_request_by_dev	vmlinux	kernel
05c97baf	usb_gadget_probe_driver	vmlinux	kernel
1b1ced9c	usb_gadget_set_selfpowered	vmlinux	kernel
009f5130	usb_gadget_set_state	vmlinux	kernel
12883d92	usb_gadget_udc_reset	vmlinux	kernel
811caac5	usb_gadget_unmap_request	vmlinux	kernel
1bc41256	usb_gadget_unmap_request_by_dev	vmlinux	kernel
b3db88ba	usb_gadget_unregister_driver	vmlinux	kernel
bd1aa771	usb_gadget_vbus_connect	vmlinux	kernel
98c9a408	usb_gadget_vbus_disconnect	vmlinux	kernel
9ad0e3fe	usb_gadget_vbus_draw	vmlinux	kernel
cedd2b6e	usb_gadget_wakeup	vmlinux	REQUIRED
b999b45f	usb_get_dev	vmlinux	kernel
2e336678	usb_get_dr_mode	vmlinux	kernel
626f77cb	usb_get_from_anchor	vmlinux	kernel
d463183c	usb_get_function	vmlinux	kernel
4092778a	usb_get_function_instance	vmlinux	kernel
50b88f41	usb_get_gadget_udc_name	vmlinux	kernel
e9df4cc0	usb_get_intf	vmlinux	kernel
ecda20ec	usb_get_maximum_speed	vmlinux	kernel
0332583b	usb_get_urb	vmlinux	kernel
10c531af	usb_gstrings_attach	vmlinux	kernel
ca1b4672	usb_hc_died	vmlinux	kernel
a644ea97	usb_hcd_check_unlink_urb	vmlinux	kernel
97109aa3	usb_hcd_end_port_resume	vmlinux	kernel
3fc5072e	usb_hcd_giveback_urb	vmlinux	kernel
70cf032f	usb_hcd_irq	vmlinux	kernel
6875328a	usb_hcd_is_primary_hcd	vmlinux	kernel
0d526bd5	usb_hcd_link_urb_to_ep	vmlinux	kernel
4aa01787	usb_hcd_map_urb_for_dma	vmlinux	kernel
57b277fa	usb_hcd_pci_pm_ops	vmlinux	kernel
80945d0e	usb_hcd_pci_probe	vmlinux	kernel
a911a4af	usb_hcd_pci_remove	vmlinux	kernel
bd6c2a8b	usb_hcd_pci_shutdown	vmlinux	kernel
60dfc47c	usb_hcd_platform_shutdown	vmlinux	kernel
e99d39b2	usb_hcd_poll_rh_status	vmlinux	kernel
5094011a	usb_hcd_resume_root_hub	vmlinux	kernel
917842be	usb_hcd_start_port_resume	vmlinux	kernel
2da87985	usb_hcd_unlink_urb_from_ep	vmlinux	kernel
e11e3bed	usb_hcd_unmap_urb_for_dma	vmlinux	kernel
c17515d7	usb_hcds_loaded	vmlinux	kernel
329af0a3	usb_hid_driver	vmlinux	kernel
b839ed8d	usb_hub_clear_tt_buffer	vmlinux	kernel
3301cee6	usb_hub_find_child	vmlinux	kernel
79b60370	usb_ifnum_to_if	vmlinux	REQUIRED
bca10e8f	usb_initialize_gadget	vmlinux	kernel
e7b7798d	usb_interface_id	vmlinux	REQUIRED
962c8ae1	usb_kill_anchored_urbs	vmlinux	kernel
a50a37e8	usb_kill_urb	vmlinux	kernel
8015af83	usb_match_id	vmlinux	kernel
40c63064	usb_match_one_id	vmlinux	kernel
64479d25	usb_os_desc_prepare_interf_dir	vmlinux	kernel
2f0d9053	usb_otg_state_string	vmlinux	kernel
6a0032e1	usb_phy_get_charger_current	vmlinux	kernel
9c1af30f	usb_phy_set_charger_current	vmlinux	REQUIRED
5183d962	usb_phy_set_charger_state	vmlinux	kernel
cf271221	usb_phy_set_event	vmlinux	kernel
842f046d	usb_poison_anchored_urbs	vmlinux	kernel
b2484436	usb_poison_urb	vmlinux	REQUIRED
f6f3714c	usb_put_dev	vmlinux	REQUIRED
a09504a8	usb_put_function	vmlinux	kernel
15993252	usb_put_function_instance	vmlinux	REQUIRED
5279e353	usb_put_hcd	vmlinux	kernel
ef5d3e52	usb_put_intf	vmlinux	kernel
c3543bdc	usb_queue_reset_device	vmlinux	kernel
fc426e57	usb_register_dev	vmlinux	kernel
8ef88460	usb_register_driver	vmlinux	REQUIRED
89bbafc6	usb_register_notify	vmlinux	REQUIRED
62ecc28b	usb_remove_function	vmlinux	kernel
9a048fef	usb_remove_hcd	vmlinux	kernel
f6d7a707	usb_remove_phy	vmlinux	REQUIRED
7652f247	usb_role_switch_find_by_fwnode	vmlinux	REQUIRED
c67dad16	usb_role_switch_get	vmlinux	kernel
1690b503	usb_role_switch_get_drvdata	vmlinux	REQUIRED
ff42c374	usb_role_switch_get_role	vmlinux	kernel
c9fd634a	usb_role_switch_put	vmlinux	kernel
d918957c	usb_role_switch_register	vmlinux	REQUIRED
d5474690	usb_role_switch_set_role	vmlinux	REQUIRED
2882d40e	usb_role_switch_unregister	vmlinux	REQUIRED
1ca66e75	usb_root_hub_lost_power	vmlinux	kernel
807766ea	usb_scuttle_anchored_urbs	vmlinux	kernel
c405a128	usb_set_device_state	vmlinux	REQUIRED
c5eb1739	usb_set_interface	vmlinux	kernel
c17e9946	usb_show_dynids	vmlinux	kernel
77ae495d	usb_speed_string	vmlinux	REQUIRED
9f1f0846	usb_store_new_id	vmlinux	kernel
ac9e3175	usb_string_id	vmlinux	REQUIRED
7e007410	usb_submit_urb	vmlinux	REQUIRED
5ca7ee45	usb_udc_vbus_handler	vmlinux	kernel
399a458c	usb_unanchor_urb	vmlinux	kernel
c518a377	usb_unpoison_urb	vmlinux	kernel
811dc334	usb_unregister_notify	vmlinux	REQUIRED
0a8576ad	usb_wakeup_enabled_descendants	vmlinux	kernel
84edb62f	usb_wakeup_notification	vmlinux	kernel
d8edf3d6	usbnet_cdc_unbind	vmlinux	kernel
29b080fc	usbnet_change_mtu	vmlinux	REQUIRED
983cd249	usbnet_defer_kevent	vmlinux	kernel
0ff76f05	usbnet_disconnect	vmlinux	REQUIRED
5b3d46dd	usbnet_generic_cdc_bind	vmlinux	kernel
c9eac17c	usbnet_get_drvinfo	vmlinux	REQUIRED
f4f15b5b	usbnet_get_endpoints	vmlinux	REQUIRED
d7a67954	usbnet_get_link	vmlinux	REQUIRED
380a7431	usbnet_get_link_ksettings	vmlinux	REQUIRED
f3d72f22	usbnet_get_msglevel	vmlinux	REQUIRED
215193d5	usbnet_get_stats64	vmlinux	REQUIRED
b1cd063c	usbnet_link_change	vmlinux	REQUIRED
6c1511e8	usbnet_nway_reset	vmlinux	REQUIRED
c3a67b97	usbnet_open	vmlinux	REQUIRED
de28ecc9	usbnet_probe	vmlinux	REQUIRED
2964220d	usbnet_read_cmd	vmlinux	REQUIRED
8e53eb27	usbnet_read_cmd_nopm	vmlinux	REQUIRED
b8a6dd7e	usbnet_resume	vmlinux	REQUIRED
7259d95e	usbnet_set_link_ksettings	vmlinux	REQUIRED
7f387937	usbnet_set_msglevel	vmlinux	REQUIRED
cdd5b8b2	usbnet_skb_return	vmlinux	REQUIRED
f39235cd	usbnet_start_xmit	vmlinux	REQUIRED
f92f93f3	usbnet_stop	vmlinux	REQUIRED
075b826b	usbnet_suspend	vmlinux	REQUIRED
2c5d3733	usbnet_tx_timeout	vmlinux	REQUIRED
29e590f9	usbnet_unlink_rx_urbs	vmlinux	REQUIRED
a88a6b99	usbnet_update_max_qlen	vmlinux	REQUIRED
6df8715a	usbnet_write_cmd	vmlinux	REQUIRED
3e2f2f49	usbnet_write_cmd_async	vmlinux	REQUIRED
2ccb9d2d	usbnet_write_cmd_nopm	vmlinux	REQUIRED
12a38747	usleep_range	vmlinux	REQUIRED
abf32f29	utf16s_to_utf8s	vmlinux	kernel
e0955f76	utf8_casefold	vmlinux	kernel
fc399557	utf8_load	vmlinux	kernel
4c38d4e0	utf8_strncasecmp_folded	vmlinux	kernel
3d56e7b3	utf8_unload	vmlinux	kernel
97adb487	utf8s_to_utf16s	vmlinux	kernel
69e683de	uuid_gen	vmlinux	kernel
6dcf857f	uuid_null	vmlinux	kernel
b67fec0e	uuid_parse	vmlinux	kernel
30ba57be	v4l2_async_notifier_add_devname_subdev	vmlinux	kernel
91b7897e	v4l2_async_notifier_add_fwnode_subdev	vmlinux	kernel
c00effd0	v4l2_async_notifier_add_subdev	vmlinux	kernel
96197152	v4l2_async_notifier_cleanup	vmlinux	kernel
753d70e7	v4l2_async_notifier_init	vmlinux	kernel
b38b93d3	v4l2_async_notifier_register	vmlinux	kernel
fb46fd33	v4l2_async_notifier_unregister	vmlinux	kernel
a357b7b4	v4l2_async_register_subdev	vmlinux	kernel
50c78f4d	v4l2_async_subdev_notifier_register	vmlinux	kernel
8b4f304a	v4l2_async_unregister_subdev	vmlinux	kernel
b1161c5e	v4l2_compat_ioctl32	vmlinux	REQUIRED
fe01df9e	v4l2_ctrl_auto_cluster	vmlinux	kernel
e52b7238	v4l2_ctrl_find	vmlinux	REQUIRED
2bcc77c6	v4l2_ctrl_g_ctrl	vmlinux	kernel
f5757c9e	v4l2_ctrl_g_ctrl_int64	vmlinux	kernel
b955ffde	v4l2_ctrl_handler_free	vmlinux	REQUIRED
48598beb	v4l2_ctrl_handler_init_class	vmlinux	REQUIRED
fe70f9dd	v4l2_ctrl_handler_setup	vmlinux	kernel
8aa2828c	v4l2_ctrl_log_status	vmlinux	kernel
bef09d5c	v4l2_ctrl_new_custom	vmlinux	REQUIRED
a6beb5d9	v4l2_ctrl_new_int_menu	vmlinux	kernel
3da5d575	v4l2_ctrl_new_std	vmlinux	REQUIRED
663d2402	v4l2_ctrl_new_std_menu	vmlinux	REQUIRED
dbdd5c77	v4l2_ctrl_new_std_menu_items	vmlinux	kernel
ffb03d55	v4l2_ctrl_poll	vmlinux	kernel
b168bbac	v4l2_ctrl_request_complete	vmlinux	kernel
69331bbd	v4l2_ctrl_request_setup	vmlinux	kernel
c8f0e7e2	v4l2_ctrl_subdev_log_status	vmlinux	kernel
9f197468	v4l2_ctrl_subdev_subscribe_event	vmlinux	kernel
497b3676	v4l2_ctrl_subscribe_event	vmlinux	kernel
6cd98629	v4l2_device_register	vmlinux	REQUIRED
385661da	v4l2_device_register_subdev	vmlinux	REQUIRED
f0e5bdf9	v4l2_device_set_name	vmlinux	kernel
e690bb6b	v4l2_device_unregister	vmlinux	REQUIRED
1ddcdfef	v4l2_device_unregister_subdev	vmlinux	REQUIRED
922ecd29	v4l2_enum_dv_timings_cap	vmlinux	kernel
cb01d998	v4l2_event_dequeue	vmlinux	REQUIRED
3a54f024	v4l2_event_pending	vmlinux	REQUIRED
9a178788	v4l2_event_queue	vmlinux	REQUIRED
972d372d	v4l2_event_queue_fh	vmlinux	REQUIRED
2b461572	v4l2_event_subdev_unsubscribe	vmlinux	kernel
1d367307	v4l2_event_subscribe	vmlinux	REQUIRED
9f4125f7	v4l2_event_unsubscribe	vmlinux	REQUIRED
d9db2e55	v4l2_fh_add	vmlinux	REQUIRED
8a86946c	v4l2_fh_del	vmlinux	REQUIRED
b007f7ca	v4l2_fh_exit	vmlinux	REQUIRED
35d6e3e8	v4l2_fh_init	vmlinux	REQUIRED
0edab880	v4l2_fh_is_singular	vmlinux	kernel
45171035	v4l2_fh_open	vmlinux	REQUIRED
69a9a3ab	v4l2_fh_release	vmlinux	REQUIRED
28b12cc9	v4l2_format_info	vmlinux	kernel
0d999b29	v4l2_g_parm_cap	vmlinux	kernel
3b8959c2	v4l2_i2c_subdev_init	vmlinux	kernel
449fac4e	v4l2_m2m_buf_copy_metadata	vmlinux	kernel
8b075cad	v4l2_m2m_buf_queue	vmlinux	kernel
d0d42e4c	v4l2_m2m_buf_remove	vmlinux	kernel
93c69952	v4l2_m2m_buf_remove_by_buf	vmlinux	kernel
49354d39	v4l2_m2m_ctx_init	vmlinux	kernel
04b7ae0c	v4l2_m2m_ctx_release	vmlinux	kernel
35202f21	v4l2_m2m_dqbuf	vmlinux	kernel
2ab37d60	v4l2_m2m_fop_mmap	vmlinux	kernel
a61b18c9	v4l2_m2m_fop_poll	vmlinux	kernel
459e133f	v4l2_m2m_get_curr_priv	vmlinux	kernel
d82fa258	v4l2_m2m_get_vq	vmlinux	kernel
730f2eae	v4l2_m2m_init	vmlinux	kernel
4f8e6639	v4l2_m2m_ioctl_create_bufs	vmlinux	kernel
1650b837	v4l2_m2m_ioctl_dqbuf	vmlinux	kernel
967bfebc	v4l2_m2m_ioctl_expbuf	vmlinux	kernel
f7d59980	v4l2_m2m_ioctl_prepare_buf	vmlinux	kernel
097d5e62	v4l2_m2m_ioctl_qbuf	vmlinux	kernel
7214ae03	v4l2_m2m_ioctl_querybuf	vmlinux	kernel
fa07348f	v4l2_m2m_ioctl_reqbufs	vmlinux	kernel
b0151eb7	v4l2_m2m_ioctl_streamoff	vmlinux	kernel
194194bf	v4l2_m2m_ioctl_streamon	vmlinux	kernel
589c9e9f	v4l2_m2m_job_finish	vmlinux	kernel
7067b652	v4l2_m2m_mmap	vmlinux	kernel
dc783b70	v4l2_m2m_next_buf	vmlinux	kernel
0be15335	v4l2_m2m_poll	vmlinux	kernel
ffdfd145	v4l2_m2m_qbuf	vmlinux	kernel
a210f387	v4l2_m2m_querybuf	vmlinux	kernel
d9cdc0de	v4l2_m2m_register_media_controller	vmlinux	kernel
c6fca5ad	v4l2_m2m_release	vmlinux	kernel
d4345c6e	v4l2_m2m_reqbufs	vmlinux	kernel
ee849da4	v4l2_m2m_request_queue	vmlinux	kernel
5352d022	v4l2_m2m_resume	vmlinux	kernel
fc5be2fd	v4l2_m2m_streamoff	vmlinux	kernel
33162a83	v4l2_m2m_streamon	vmlinux	kernel
f626dd03	v4l2_m2m_suspend	vmlinux	kernel
8ff063ec	v4l2_m2m_try_schedule	vmlinux	kernel
f13ff84d	v4l2_m2m_unregister_media_controller	vmlinux	kernel
d034392d	v4l2_match_dv_timings	vmlinux	kernel
8b4f4749	v4l2_pipeline_link_notify	vmlinux	kernel
4d475fda	v4l2_pipeline_pm_get	vmlinux	kernel
213d9e9d	v4l2_pipeline_pm_put	vmlinux	kernel
08402862	v4l2_print_dv_timings	vmlinux	kernel
ae9f2785	v4l2_querymenu	vmlinux	kernel
81f0747c	v4l2_s_ctrl	vmlinux	REQUIRED
b1e6233e	v4l2_s_parm_cap	vmlinux	kernel
d7f32d29	v4l2_spi_subdev_init	vmlinux	kernel
b8be0571	v4l2_src_change_event_subdev_subscribe	vmlinux	kernel
8178ccbb	v4l2_src_change_event_subscribe	vmlinux	kernel
79ef8d9e	v4l2_subdev_call_wrappers	vmlinux	REQUIRED
6a0a6a61	v4l2_subdev_init	vmlinux	REQUIRED
5fb34aa9	v4l2_subdev_link_validate	vmlinux	kernel
65e7a9be	v4l2_subdev_link_validate_default	vmlinux	kernel
789d5647	v4l2_subdev_notify_event	vmlinux	kernel
123959a1	v4l2_type_names	vmlinux	kernel
0af3d134	v4l2_valid_dv_timings	vmlinux	kernel
f5ef842e	v4l_bound_align_image	vmlinux	kernel
c56a41e6	vabits_actual	vmlinux	REQUIRED
171bbe32	vb2_buffer_done	vmlinux	REQUIRED
45fd5dda	vb2_common_vm_ops	vmlinux	kernel
e35b3a98	vb2_create_bufs	vmlinux	kernel
a21fa765	vb2_create_framevec	vmlinux	kernel
ccd197c7	vb2_destroy_framevec	vmlinux	kernel
e7b9b5bb	vb2_dma_contig_memops	vmlinux	kernel
189bbdb6	vb2_dqbuf	vmlinux	REQUIRED
585d110e	vb2_expbuf	vmlinux	kernel
a111b4f4	vb2_fop_mmap	vmlinux	kernel
6b8fb2d8	vb2_fop_poll	vmlinux	kernel
eb7c3df9	vb2_fop_read	vmlinux	kernel
bddb9e0f	vb2_fop_release	vmlinux	kernel
5656f800	vb2_ioctl_create_bufs	vmlinux	kernel
32961040	vb2_ioctl_dqbuf	vmlinux	kernel
aa13d86f	vb2_ioctl_expbuf	vmlinux	kernel
cdc72f48	vb2_ioctl_prepare_buf	vmlinux	kernel
7b768f91	vb2_ioctl_qbuf	vmlinux	kernel
37738196	vb2_ioctl_querybuf	vmlinux	kernel
91c536ab	vb2_ioctl_reqbufs	vmlinux	kernel
063cbc7e	vb2_ioctl_streamoff	vmlinux	kernel
56ce6080	vb2_ioctl_streamon	vmlinux	kernel
b47c6cb2	vb2_mmap	vmlinux	kernel
b43f5074	vb2_ops_wait_finish	vmlinux	kernel
4517b427	vb2_ops_wait_prepare	vmlinux	kernel
4150a3aa	vb2_plane_cookie	vmlinux	kernel
cef56e09	vb2_plane_vaddr	vmlinux	kernel
42ce4fd3	vb2_poll	vmlinux	kernel
f3b0e6d5	vb2_prepare_buf	vmlinux	kernel
b579f1b3	vb2_qbuf	vmlinux	REQUIRED
5e4617f8	vb2_querybuf	vmlinux	kernel
e690b40a	vb2_queue_init	vmlinux	REQUIRED
444004dd	vb2_queue_release	vmlinux	REQUIRED
6a118e35	vb2_read	vmlinux	kernel
7328de08	vb2_reqbufs	vmlinux	REQUIRED
f449a054	vb2_request_object_is_buffer	vmlinux	kernel
b96ee5aa	vb2_request_queue	vmlinux	kernel
9b40fb41	vb2_request_validate	vmlinux	kernel
19d4eba6	vb2_streamoff	vmlinux	REQUIRED
1bd32790	vb2_streamon	vmlinux	REQUIRED
514882ed	vb2_vmalloc_memops	vmlinux	kernel
aab5c4bc	vb2_wait_for_all_buffers	vmlinux	kernel
1fbc8ac9	vchan_dma_desc_free_list	vmlinux	REQUIRED
45ab010a	vchan_find_desc	vmlinux	REQUIRED
2256ac56	vchan_init	vmlinux	REQUIRED
1117b53f	vchan_tx_desc_free	vmlinux	REQUIRED
4062113e	vchan_tx_submit	vmlinux	REQUIRED
02c33200	verify_pkcs7_signature	vmlinux	kernel
999e8297	vfree	vmlinux	REQUIRED
401f6c37	vfs_fallocate	vmlinux	kernel
cd1b966b	vfs_fsync	vmlinux	kernel
e83b1f5d	vfs_fsync_range	vmlinux	kernel
3a03350f	vfs_getattr	vmlinux	kernel
58186576	vfs_ioc_fssetxattr_check	vmlinux	kernel
81ac57fc	vfs_ioc_setflags_prepare	vmlinux	kernel
314bd930	vfs_llseek	vmlinux	kernel
819ffdeb	vfs_setpos	vmlinux	kernel
04207749	video_devdata	vmlinux	REQUIRED
a0b2d8ce	video_device_alloc	vmlinux	REQUIRED
284b3c6c	video_device_release	vmlinux	REQUIRED
f068dddb	video_device_release_empty	vmlinux	REQUIRED
7207d3a9	video_ioctl2	vmlinux	REQUIRED
a16f80e7	video_unregister_device	vmlinux	REQUIRED
a1d8004a	videomode_from_timing	vmlinux	kernel
414d119a	videomode_from_timings	vmlinux	kernel
b9b985d5	virtio_break_device	vmlinux	kernel
7cd12bd8	virtio_check_driver_offered_feature	vmlinux	kernel
7629ccea	virtio_config_changed	vmlinux	kernel
ce15e2e4	virtio_device_freeze	vmlinux	kernel
76bb6b58	virtio_device_restore	vmlinux	kernel
71a780c8	virtio_max_dma_size	vmlinux	kernel
7fac4357	virtio_transport_connect	vmlinux	kernel
c2291e47	virtio_transport_deliver_tap_pkt	vmlinux	kernel
a7ad997f	virtio_transport_destruct	vmlinux	kernel
babd30f5	virtio_transport_dgram_allow	vmlinux	kernel
ac9ee667	virtio_transport_dgram_bind	vmlinux	kernel
18764ab2	virtio_transport_dgram_dequeue	vmlinux	kernel
f021fa7d	virtio_transport_dgram_enqueue	vmlinux	kernel
0910764d	virtio_transport_do_socket_init	vmlinux	kernel
dd99488b	virtio_transport_free_pkt	vmlinux	kernel
9eed1d1b	virtio_transport_notify_buffer_size	vmlinux	kernel
cd4b86c1	virtio_transport_notify_poll_in	vmlinux	kernel
8428b746	virtio_transport_notify_poll_out	vmlinux	kernel
8bacf634	virtio_transport_notify_recv_init	vmlinux	kernel
79f5a8d0	virtio_transport_notify_recv_post_dequeue	vmlinux	kernel
09c4a207	virtio_transport_notify_recv_pre_block	vmlinux	kernel
5ecea389	virtio_transport_notify_recv_pre_dequeue	vmlinux	kernel
b1400264	virtio_transport_notify_send_init	vmlinux	kernel
66a9f79d	virtio_transport_notify_send_post_enqueue	vmlinux	kernel
0ecbfc8c	virtio_transport_notify_send_pre_block	vmlinux	kernel
7e73840d	virtio_transport_notify_send_pre_enqueue	vmlinux	kernel
9a540f07	virtio_transport_recv_pkt	vmlinux	kernel
3da09463	virtio_transport_release	vmlinux	kernel
2cafc001	virtio_transport_shutdown	vmlinux	kernel
03a81e69	virtio_transport_stream_allow	vmlinux	kernel
de99f150	virtio_transport_stream_dequeue	vmlinux	kernel
1e6e4c89	virtio_transport_stream_enqueue	vmlinux	kernel
f736cb15	virtio_transport_stream_has_data	vmlinux	kernel
dd8ed9aa	virtio_transport_stream_has_space	vmlinux	kernel
ee8e9817	virtio_transport_stream_is_active	vmlinux	kernel
e977dadb	virtio_transport_stream_rcvhiwat	vmlinux	kernel
3cfcd792	virtqueue_add_inbuf	vmlinux	kernel
300b25b7	virtqueue_add_inbuf_ctx	vmlinux	kernel
d3533cee	virtqueue_add_outbuf	vmlinux	kernel
2edb0d1b	virtqueue_add_sgs	vmlinux	kernel
a9eef8d0	virtqueue_detach_unused_buf	vmlinux	kernel
73ca1648	virtqueue_disable_cb	vmlinux	kernel
af2acdab	virtqueue_enable_cb	vmlinux	kernel
60409654	virtqueue_enable_cb_delayed	vmlinux	kernel
32021fae	virtqueue_enable_cb_prepare	vmlinux	kernel
d7a61721	virtqueue_get_avail_addr	vmlinux	kernel
77228f83	virtqueue_get_buf	vmlinux	kernel
a33d3fa7	virtqueue_get_buf_ctx	vmlinux	kernel
5d5569cc	virtqueue_get_desc_addr	vmlinux	kernel
24af4c98	virtqueue_get_used_addr	vmlinux	kernel
ff332973	virtqueue_get_vring_size	vmlinux	kernel
3cc710ce	virtqueue_is_broken	vmlinux	kernel
ffcf2c5d	virtqueue_kick	vmlinux	kernel
b33e781c	virtqueue_kick_prepare	vmlinux	kernel
f965a57b	virtqueue_notify	vmlinux	kernel
0e1285f7	virtqueue_poll	vmlinux	kernel
be72514d	vm_event_states	vmlinux	kernel
2c91e17c	vm_get_page_prot	vmlinux	REQUIRED
2d4cbadb	vm_insert_page	vmlinux	REQUIRED
9855e94b	vm_iomap_memory	vmlinux	REQUIRED
c143e7be	vm_map_pages	vmlinux	kernel
92e8f035	vm_map_ram	vmlinux	kernel
26520970	vm_memory_committed	vmlinux	kernel
f9acde6c	vm_mmap	vmlinux	kernel
5b56860c	vm_munmap	vmlinux	kernel
6513ba54	vm_node_stat	vmlinux	REQUIRED
c22a3091	vm_unmap_aliases	vmlinux	kernel
03fd2571	vm_unmap_ram	vmlinux	kernel
064b9739	vm_unmapped_area	vmlinux	kernel
02ba1187	vm_zone_stat	vmlinux	REQUIRED
d6ee688f	vmalloc	vmlinux	REQUIRED
7ccb0ada	vmalloc_nr_pages	vmlinux	REQUIRED
5e0556c0	vmalloc_to_page	vmlinux	REQUIRED
3744cf36	vmalloc_to_pfn	vmlinux	kernel
5635a60a	vmalloc_user	vmlinux	kernel
1270d593	vmap	vmlinux	REQUIRED
90576ec4	vmemdup_user	vmlinux	REQUIRED
335212b6	vmf_insert_mixed	vmlinux	REQUIRED
3c9de235	vmf_insert_pfn	vmlinux	REQUIRED
4c67350d	vmf_insert_pfn_prot	vmlinux	kernel
715a5ed0	vprintk	vmlinux	REQUIRED
ee8c02e9	vprintk_emit	vmlinux	kernel
d4e0ca24	vring_create_virtqueue	vmlinux	kernel
1a67569d	vring_del_virtqueue	vmlinux	kernel
ff05fa13	vring_interrupt	vmlinux	kernel
5b80b3a6	vring_new_virtqueue	vmlinux	kernel
eb0324f4	vring_transport_features	vmlinux	kernel
aa0c318b	vscnprintf	vmlinux	REQUIRED
00148653	vsnprintf	vmlinux	REQUIRED
73879664	vsock_addr_init	vmlinux	kernel
d92f239a	vsock_core_register	vmlinux	kernel
92f526b7	vsock_core_unregister	vmlinux	kernel
72136f78	vsock_for_each_connected_socket	vmlinux	kernel
a644921c	vsock_remove_sock	vmlinux	kernel
78b887ed	vsprintf	vmlinux	kernel
50d035c2	vsscanf	vmlinux	kernel
94961283	vunmap	vmlinux	REQUIRED
40a9b349	vzalloc	vmlinux	REQUIRED
9e0c711d	vzalloc_node	vmlinux	kernel
25974000	wait_for_completion	vmlinux	REQUIRED
2e3bcce2	wait_for_completion_interruptible	vmlinux	REQUIRED
f02aa937	wait_for_completion_interruptible_timeout	vmlinux	REQUIRED
392b1fea	wait_for_completion_io	vmlinux	kernel
5c26a53b	wait_for_completion_io_timeout	vmlinux	kernel
20463df4	wait_for_completion_killable	vmlinux	REQUIRED
726bc3c7	wait_for_completion_killable_timeout	vmlinux	kernel
4a3ad70e	wait_for_completion_timeout	vmlinux	REQUIRED
4484a5a4	wait_for_device_probe	vmlinux	REQUIRED
0fcf0bbc	wait_for_stable_page	vmlinux	kernel
689632ca	wait_on_page_bit	vmlinux	kernel
be4a6af7	wait_on_page_writeback	vmlinux	kernel
b308c97d	wait_woken	vmlinux	REQUIRED
ca431c05	wake_bit_function	vmlinux	kernel
a0fbac79	wake_up_bit	vmlinux	kernel
f6abaae1	wake_up_if_idle	vmlinux	REQUIRED
a4304a36	wake_up_process	vmlinux	REQUIRED
51e13065	wakeup_source_add	vmlinux	kernel
b65019af	wakeup_source_create	vmlinux	kernel
b3d8636e	wakeup_source_destroy	vmlinux	kernel
28230a3f	wakeup_source_register	vmlinux	REQUIRED
4fe8ab47	wakeup_source_remove	vmlinux	kernel
357b5405	wakeup_source_unregister	vmlinux	REQUIRED
c2692173	wakeup_sources_read_lock	vmlinux	kernel
24ad11db	wakeup_sources_read_unlock	vmlinux	kernel
09dc4df4	wakeup_sources_walk_next	vmlinux	kernel
154df64e	wakeup_sources_walk_start	vmlinux	kernel
436cf34c	walk_page_range	vmlinux	kernel
f7235039	watchdog_init_timeout	vmlinux	kernel
ae0d6e28	watchdog_register_device	vmlinux	kernel
f9962c66	watchdog_set_restart_priority	vmlinux	kernel
3fd1e596	watchdog_unregister_device	vmlinux	kernel
de1a2bd1	wbc_account_cgroup_owner	vmlinux	kernel
1e8fac8e	wireless_nlevent_flush	vmlinux	kernel
5535f68b	wireless_send_event	vmlinux	REQUIRED
d0654aba	woken_wake_function	vmlinux	REQUIRED
86ab091d	work_busy	vmlinux	REQUIRED
f82f3657	work_on_cpu	vmlinux	kernel
bf7d8211	wq_worker_comm	vmlinux	kernel
6ba18146	write_inode_now	vmlinux	kernel
0ff8b7bf	write_one_page	vmlinux	kernel
c3dce33a	ww_mutex_lock	vmlinux	kernel
8d55f432	ww_mutex_lock_interruptible	vmlinux	kernel
b55e131a	ww_mutex_unlock	vmlinux	kernel
d9491c14	xa_destroy	vmlinux	kernel
0745a981	xa_erase	vmlinux	kernel
8fa25c24	xa_find	vmlinux	kernel
df36914b	xa_find_after	vmlinux	kernel
01b6865c	xa_get_mark	vmlinux	kernel
a85a3e6d	xa_load	vmlinux	kernel
5b3e282f	xa_store	vmlinux	kernel
3b09ece1	xdp_convert_zc_to_xdp_frame	vmlinux	kernel
b9681621	xdp_do_flush	vmlinux	kernel
d29f2c33	xdp_do_redirect	vmlinux	kernel
ccf9c950	xdp_return_frame	vmlinux	kernel
31fc743a	xdp_return_frame_rx_napi	vmlinux	kernel
c6e94764	xdp_rxq_info_reg	vmlinux	kernel
f4393639	xdp_rxq_info_reg_mem_model	vmlinux	kernel
b919fa4d	xdp_rxq_info_unreg	vmlinux	kernel
bb7195a5	xdp_warn	vmlinux	kernel
2cb3e5ce	xfrm_lookup	vmlinux	REQUIRED
3b454d69	xfrm_output	vmlinux	kernel
1a15ef6c	xfrm_state_lookup_byspi	vmlinux	kernel
c4c0e5a9	xfrm_stateonly_find	vmlinux	kernel
653e0cb8	xhci_add_endpoint	vmlinux	kernel
6cea113c	xhci_address_device	vmlinux	kernel
d96f9a48	xhci_alloc_command	vmlinux	REQUIRED
60ee5dbe	xhci_alloc_erst	vmlinux	REQUIRED
3c627f22	xhci_bus_resume	vmlinux	kernel
7664b3d3	xhci_bus_suspend	vmlinux	kernel
f3033055	xhci_check_bandwidth	vmlinux	kernel
f7a476b4	xhci_check_trb_in_td_math	vmlinux	kernel
b049a9fa	xhci_drop_endpoint	vmlinux	kernel
871c5f42	xhci_free_command	vmlinux	REQUIRED
fbe5c52f	xhci_free_erst	vmlinux	kernel
76f28618	xhci_gen_setup	vmlinux	kernel
57d4050a	xhci_get_endpoint_index	vmlinux	REQUIRED
e2747216	xhci_get_ep_ctx	vmlinux	kernel
a7033702	xhci_get_slot_ctx	vmlinux	kernel
4391ec5d	xhci_handle_event	vmlinux	kernel
e4a9e82d	xhci_init_driver	vmlinux	kernel
f412b9dd	xhci_initialize_ring_info	vmlinux	kernel
9a727e20	xhci_link_segments	vmlinux	kernel
cf932950	xhci_queue_stop_endpoint	vmlinux	REQUIRED
7396e606	xhci_reset_bandwidth	vmlinux	kernel
eeb3273d	xhci_resume	vmlinux	kernel
a2a6bae1	xhci_ring_alloc	vmlinux	REQUIRED
cc80957b	xhci_ring_cmd_db	vmlinux	REQUIRED
1dfa58d5	xhci_ring_free	vmlinux	REQUIRED
3e27a21f	xhci_run	vmlinux	kernel
eb22ab4e	xhci_segment_free	vmlinux	kernel
0e2c4697	xhci_suspend	vmlinux	kernel
83e71096	xhci_trb_virt_to_dma	vmlinux	REQUIRED
31c3e5d5	xhci_update_erst_dequeue	vmlinux	kernel
5e9f7a97	xhci_vendor_get_ops	vmlinux	kernel
85efc7e0	zero_pfn	vmlinux	kernel
f2c43f3f	zlib_deflate	vmlinux	kernel
c890c008	zlib_deflateEnd	vmlinux	kernel
5a0b73d0	zlib_deflateInit2	vmlinux	kernel
6aeefac4	zlib_deflateReset	vmlinux	kernel
e9f7149c	zlib_deflate_workspacesize	vmlinux	kernel
53b5d86a	zone_watermark_ok	vmlinux	kernel
548933fb	zone_watermark_ok_safe	vmlinux	kernel
ba78c88a	__cfg80211_alloc_event_skb	MODULE	MODULE
dbfb23ed	__cfg80211_alloc_reply_skb	MODULE	MODULE
733be38f	__cfg80211_send_event_skb	MODULE	MODULE
de4d75b5	__devm_regmap_init_swr	MODULE	MODULE
e703e99c	__get_mtd_device	MODULE	MODULE
45989981	__gpr_driver_register	MODULE	MODULE
54138bbe	__icnss_register_driver	MODULE	MODULE
52f49c88	__mhi_driver_register	MODULE	MODULE
e361f5e0	__mtd_next_device	MODULE	MODULE
af414af4	__put_mtd_device	MODULE	MODULE
a4f192a7	__register_mtd_parser	MODULE	MODULE
7b37d9d5	__slim_driver_register	MODULE	MODULE
12b92842	__traceiter_memlat_dev_meas	MODULE	MODULE
93480e80	__traceiter_memlat_dev_update	MODULE	MODULE
f3c16c70	__traceiter_memlat_spm_update	MODULE	MODULE
f8ae6971	__traceiter_print_icmp_rx	MODULE	MODULE
1425f383	__traceiter_rmnet_freq_boost	MODULE	MODULE
b93e79c7	__traceiter_rmnet_freq_reset	MODULE	MODULE
7d601d34	__traceiter_rmnet_shs_err	MODULE	MODULE
aeb50352	__traceiter_rmnet_shs_high	MODULE	MODULE
6f448d01	__traceiter_rmnet_shs_low	MODULE	MODULE
bf68f38c	__traceiter_rmnet_shs_wq_high	MODULE	MODULE
b3bf0fda	__traceiter_rmnet_shs_wq_low	MODULE	MODULE
1b792262	__traceiter_rproc_qcom_event	MODULE	MODULE
1d14d8bf	__tracepoint_memlat_dev_meas	MODULE	MODULE
d7078fd9	__tracepoint_memlat_dev_update	MODULE	MODULE
bfd8c891	__tracepoint_memlat_spm_update	MODULE	MODULE
9f96f449	__tracepoint_print_icmp_rx	MODULE	MODULE
99737759	__tracepoint_rmnet_freq_boost	MODULE	MODULE
d2715a86	__tracepoint_rmnet_freq_reset	MODULE	MODULE
4a7e7fa8	__tracepoint_rmnet_shs_err	MODULE	MODULE
6cee2a59	__tracepoint_rmnet_shs_high	MODULE	MODULE
5efff444	__tracepoint_rmnet_shs_low	MODULE	MODULE
90b8b08d	__tracepoint_rmnet_shs_wq_high	MODULE	MODULE
b1ed5c1f	__tracepoint_rmnet_shs_wq_low	MODULE	MODULE
96e7c744	__tracepoint_rproc_qcom_event	MODULE	MODULE
0a652a91	adc_tm_channel_measure	MODULE	MODULE
9ee435e3	adc_tm_disable_chan_meas	MODULE	MODULE
d5a8bbb1	add_mtd_blktrans_dev	MODULE	MODULE
9a7e7b53	altmode_deregister_client	MODULE	MODULE
87097cb6	altmode_deregister_notifier	MODULE	MODULE
fd8ff2a5	altmode_register_client	MODULE	MODULE
d647e74d	altmode_register_notifier	MODULE	MODULE
107d0406	altmode_send_data	MODULE	MODULE
c5656b4d	audio_notifier_deregister	MODULE	MODULE
4717c148	audio_notifier_probe_status	MODULE	MODULE
a7fe7810	audio_notifier_register	MODULE	MODULE
386bf0da	audio_pdr_service_deregister	MODULE	MODULE
e4555ceb	audio_pdr_service_register	MODULE	MODULE
e22d993f	audio_prm_set_cdc_earpa_duty_cycling_req	MODULE	MODULE
0df30c99	audio_prm_set_lpass_clk_cfg	MODULE	MODULE
8e0a0301	audio_prm_set_lpass_hw_core_req	MODULE	MODULE
a7257344	btpower_get_chipset_version	MODULE	MODULE
4857e702	btpower_register_slimdev	MODULE	MODULE
15a37cf3	cfg80211_calculate_bitrate	MODULE	MODULE
7c04a552	cfg80211_ch_switch_notify	MODULE	MODULE
ef265f27	cfg80211_chandef_create	MODULE	MODULE
f4e79daf	cfg80211_connect_done	MODULE	MODULE
148cb80e	cfg80211_del_sta_sinfo	MODULE	MODULE
56d15730	cfg80211_disconnected	MODULE	MODULE
75f1f51e	cfg80211_external_auth_request	MODULE	MODULE
3a63d1bc	cfg80211_get_bss	MODULE	MODULE
77684f21	cfg80211_gtk_rekey_notify	MODULE	MODULE
6fc51b51	cfg80211_inform_bss_frame_data	MODULE	MODULE
6c5f9bf5	cfg80211_mgmt_tx_status	MODULE	MODULE
5f4d63da	cfg80211_michael_mic_failure	MODULE	MODULE
f01b72dc	cfg80211_new_sta	MODULE	MODULE
9c76854d	cfg80211_pmksa_candidate_notify	MODULE	MODULE
c2a311b8	cfg80211_put_bss	MODULE	MODULE
3f482687	cfg80211_ready_on_channel	MODULE	MODULE
df903a43	cfg80211_remain_on_channel_expired	MODULE	MODULE
c4248da0	cfg80211_roamed	MODULE	MODULE
57dfa00e	cfg80211_rx_mgmt_khz	MODULE	MODULE
6c3d6742	cfg80211_rx_unprot_mlme_mgmt	MODULE	MODULE
9890d055	cfg80211_scan_done	MODULE	MODULE
5e504522	cfg80211_sched_scan_results	MODULE	MODULE
0bb8de6f	cfg80211_stop_iface	MODULE	MODULE
db49bc14	cfg80211_tdls_oper_request	MODULE	MODULE
60086fcb	cfg80211_unlink_bss	MODULE	MODULE
4c094245	cfg80211_update_owe_info_event	MODULE	MODULE
4fed605c	cfg80211_vendor_cmd_get_sender	MODULE	MODULE
ec30f208	cfg80211_vendor_cmd_reply	MODULE	MODULE
0c567a5e	cld80211_get_genl_family	MODULE	MODULE
69af2081	clk_alpha_pll_lucid_evo_ops	MODULE	MODULE
77938de3	clk_alpha_pll_postdiv_lucid_evo_ops	MODULE	MODULE
ef9c7849	clk_alpha_pll_postdiv_rivian_evo_ops	MODULE	MODULE
c6721d97	clk_alpha_pll_regs	MODULE	MODULE
4c3e4490	clk_alpha_pll_rivian_evo_ops	MODULE	MODULE
c31e4410	clk_branch2_aon_ops	MODULE	MODULE
b3b96e04	clk_branch2_ops	MODULE	MODULE
8dde4e2e	clk_debug_measure_register	MODULE	MODULE
bc26ec60	clk_debug_mux_ops	MODULE	MODULE
a0907d04	clk_dummy_ops	MODULE	MODULE
d9a974d7	clk_lucid_evo_pll_configure	MODULE	MODULE
791f11c0	clk_rcg2_ops	MODULE	MODULE
6ddd27f0	clk_regmap_div_ro_ops	MODULE	MODULE
7dc98922	clk_rivian_evo_pll_configure	MODULE	MODULE
fb078433	cluster_head	MODULE	MODULE
08e39398	cmd_db_read_addr	MODULE	MODULE
f0b2419f	cmd_db_read_aux_data	MODULE	MODULE
5203d176	cmd_db_ready	MODULE	MODULE
eee5ba60	cnss_athdiag_read	MODULE	MODULE
fe9cae52	cnss_athdiag_write	MODULE	MODULE
4d87cd5e	cnss_auto_resume	MODULE	MODULE
62160479	cnss_auto_suspend	MODULE	MODULE
f32edb01	cnss_device_crashed	MODULE	MODULE
a74c2f78	cnss_force_collect_rddm	MODULE	MODULE
c8c9a739	cnss_force_fw_assert	MODULE	MODULE
90d0101a	cnss_get_fw_files_for_target	MODULE	MODULE
dad77c5a	cnss_get_msi_address	MODULE	MODULE
941253e1	cnss_get_msi_irq	MODULE	MODULE
8de4884c	cnss_get_pci_slot	MODULE	MODULE
8f045611	cnss_get_platform_cap	MODULE	MODULE
97d835b6	cnss_get_soc_info	MODULE	MODULE
f573a473	cnss_get_user_msi_assignment	MODULE	MODULE
e15ab3eb	cnss_get_virt_ramdump_mem	MODULE	MODULE
99284e7e	cnss_idle_restart	MODULE	MODULE
bf30ffb0	cnss_idle_shutdown	MODULE	MODULE
4992791a	cnss_lock_pm_sem	MODULE	MODULE
927363b4	cnss_pci_allow_l1	MODULE	MODULE
95f29b58	cnss_pci_force_wake_release	MODULE	MODULE
0f275641	cnss_pci_force_wake_request	MODULE	MODULE
d0bd5ba4	cnss_pci_force_wake_request_sync	MODULE	MODULE
75183ab3	cnss_pci_get_reg_dump	MODULE	MODULE
821918f8	cnss_pci_is_device_awake	MODULE	MODULE
fee0d9e6	cnss_pci_is_device_down	MODULE	MODULE
ae9eb7c9	cnss_pci_is_drv_connected	MODULE	MODULE
94b2d9b2	cnss_pci_link_down	MODULE	MODULE
d566570a	cnss_pci_lock_reg_window	MODULE	MODULE
ea595402	cnss_pci_prevent_l1	MODULE	MODULE
32980315	cnss_pci_unlock_reg_window	MODULE	MODULE
b65296d9	cnss_plat_ipc_qmi_daemon_config	MODULE	MODULE
5657b1fe	cnss_plat_ipc_qmi_file_download	MODULE	MODULE
9546e7ec	cnss_plat_ipc_qmi_file_upload	MODULE	MODULE
ce10a382	cnss_plat_ipc_register	MODULE	MODULE
7e699049	cnss_plat_ipc_unregister	MODULE	MODULE
49e77e6e	cnss_qmi_send	MODULE	MODULE
1eb70c28	cnss_qmi_send_get	MODULE	MODULE
e2249869	cnss_qmi_send_put	MODULE	MODULE
9cf97641	cnss_release_pm_sem	MODULE	MODULE
2947f332	cnss_remove_pm_qos	MODULE	MODULE
fde3141f	cnss_request_bus_bandwidth	MODULE	MODULE
38190346	cnss_request_pm_qos	MODULE	MODULE
22f1a54d	cnss_schedule_recovery	MODULE	MODULE
1de76ad2	cnss_self_recovery	MODULE	MODULE
ddb5a463	cnss_set_fw_log_mode	MODULE	MODULE
b5e05139	cnss_set_pcie_gen_speed	MODULE	MODULE
657b5c8a	cnss_smmu_get_domain	MODULE	MODULE
141aef1d	cnss_smmu_map	MODULE	MODULE
0fc3f432	cnss_statistic_wow_wakeup	MODULE	MODULE
42ac3501	cnss_utils_get_wlan_derived_mac_address	MODULE	MODULE
6c694aef	cnss_utils_get_wlan_mac_address	MODULE	MODULE
eecb40b4	cnss_utils_get_wlan_unsafe_channel	MODULE	MODULE
ecb8febc	cnss_utils_increment_driver_load_cnt	MODULE	MODULE
6d7535cb	cnss_utils_set_wlan_unsafe_channel	MODULE	MODULE
1e9e70e6	cnss_utils_wlan_get_dfs_nol	MODULE	MODULE
8759c48e	cnss_utils_wlan_set_dfs_nol	MODULE	MODULE
8684df73	cnss_wlan_disable	MODULE	MODULE
218252b7	cnss_wlan_enable	MODULE	MODULE
a493c217	cnss_wlan_pm_control	MODULE	MODULE
fd78b5eb	cnss_wlan_register_driver	MODULE	MODULE
17c98f8c	cnss_wlan_unregister_driver	MODULE	MODULE
68d6b22e	core_ctl_notifier_register	MODULE	MODULE
bfa9e450	core_ctl_notifier_unregister	MODULE	MODULE
ba4235f0	core_ctl_set_boost	MODULE	MODULE
4a4d9a72	coresight_add_sysfs_link	MODULE	MODULE
32b70b85	coresight_alloc_device_name	MODULE	MODULE
ecfb329f	coresight_barrier_pkt	MODULE	MODULE
3c1cbfe9	coresight_claim_device	MODULE	MODULE
d4c11911	coresight_claim_device_unlocked	MODULE	MODULE
b4feef5a	coresight_csr_get	MODULE	MODULE
4dcbd5e8	coresight_csr_hwctrl_set	MODULE	MODULE
b437edd3	coresight_csr_set_byte_cntr	MODULE	MODULE
4920e280	coresight_csr_set_etr_atid	MODULE	MODULE
c8edc70c	coresight_disable	MODULE	MODULE
ad9007c5	coresight_disclaim_device	MODULE	MODULE
2c9be0d4	coresight_disclaim_device_unlocked	MODULE	MODULE
7340dd8c	coresight_enable	MODULE	MODULE
7c3b8d4d	coresight_find_csdev_by_fwnode	MODULE	MODULE
2259633b	coresight_get_platform_data	MODULE	MODULE
c7474525	coresight_register	MODULE	MODULE
2d61a1cb	coresight_remove_csr_ops	MODULE	MODULE
4a0e600f	coresight_remove_cti_ops	MODULE	MODULE
45f2f873	coresight_remove_sysfs_link	MODULE	MODULE
2cb886ef	coresight_set_assoc_ectdev_mutex	MODULE	MODULE
5786f47b	coresight_set_csr_ops	MODULE	MODULE
029a00dd	coresight_set_cti_ops	MODULE	MODULE
eca1a8e2	coresight_timeout	MODULE	MODULE
8734242b	coresight_unregister	MODULE	MODULE
47056e54	cpucp_gplaf_init	MODULE	MODULE
fd9c086b	cpucp_plh_init	MODULE	MODULE
11ae8b62	cpucp_scmi_shared_rail_boost_init	MODULE	MODULE
3a4ab88b	cqhci_deactivate	MODULE	MODULE
a7af4c12	cqhci_init	MODULE	MODULE
d9104dd3	cqhci_irq	MODULE	MODULE
9f5de3a1	cqhci_pltfm_init	MODULE	MODULE
2c12aa48	crypto_qti_disable	MODULE	MODULE
320e9aeb	ddr_stats_freq_sync_send_msg	MODULE	MODULE
4a5b5d98	del_mtd_blktrans_dev	MODULE	MODULE
1a4d338d	deregister_cld_cmd_cb	MODULE	MODULE
d99faa96	deregister_mtd_blktrans	MODULE	MODULE
f3a4d615	deregister_mtd_parser	MODULE	MODULE
7887295d	devm_clk_register_debug_mux	MODULE	MODULE
4008faee	devm_hwmon_device_register_with_groups	MODULE	MODULE
d99d2acd	devm_reboot_mode_register	MODULE	MODULE
36e1adba	devm_register_esoc_client	MODULE	MODULE
acb55c79	devm_regmap_qti_debugfs_register	MODULE	MODULE
9dcc87f9	devm_regulator_debug_register	MODULE	MODULE
bab23aa3	devm_unregister_esoc_client	MODULE	MODULE
03c3e04d	devm_usb_get_repeater_by_phandle	MODULE	MODULE
50d84231	digital_cdc_rsc_mgr_hw_vote_disable	MODULE	MODULE
910302ce	digital_cdc_rsc_mgr_hw_vote_enable	MODULE	MODULE
05850611	digital_cdc_rsc_mgr_hw_vote_reset	MODULE	MODULE
4c2b1d40	dms_get_mac_address_req_msg_v01_ei	MODULE	MODULE
40bcd2b8	dms_get_mac_address_resp_msg_v01_ei	MODULE	MODULE
9624fa3f	dump_enabled	MODULE	MODULE
e834d43b	dwc3_msm_set_dp_mode	MODULE	MODULE
334c4032	edma_dump	MODULE	MODULE
a29e88a3	ep_pcie_config_db_routing	MODULE	MODULE
ed2c3349	ep_pcie_config_outbound_iatu	MODULE	MODULE
3be2c5d5	ep_pcie_configure_inactivity_timer	MODULE	MODULE
da7395d5	ep_pcie_core_l1ss_sleep_config_enable	MODULE	MODULE
c6f4ae7a	ep_pcie_disable_endpoint	MODULE	MODULE
0067aa53	ep_pcie_enable_endpoint	MODULE	MODULE
a3fbf647	ep_pcie_get_linkstatus	MODULE	MODULE
57d6a2fc	ep_pcie_get_msi_config	MODULE	MODULE
f8782a19	ep_pcie_get_phandle	MODULE	MODULE
01128c26	ep_pcie_mask_irq_event	MODULE	MODULE
98d456ee	ep_pcie_register_event	MODULE	MODULE
d5da842d	ep_pcie_trigger_msi	MODULE	MODULE
f41846d3	ep_pcie_wakeup_host	MODULE	MODULE
4e15221c	esoc_register_client_hook	MODULE	MODULE
996ec25b	esoc_unregister_client_hook	MODULE	MODULE
7b2d3b16	fastrpc_driver_invoke	MODULE	MODULE
978d4d9e	fastrpc_driver_register	MODULE	MODULE
b01f9b53	fastrpc_driver_unregister	MODULE	MODULE
c33dbc8b	frozen_uid_min	MODULE	MODULE
0a553821	fsa4480_reg_notifier	MODULE	MODULE
3d8b5680	fsa4480_switch_event	MODULE	MODULE
f269d51a	fsa4480_unreg_notifier	MODULE	MODULE
b88eefae	g_long_press_reason	MODULE	MODULE
cdbb58a3	geni_abort_m_cmd	MODULE	MODULE
ea9a2e73	geni_cancel_m_cmd	MODULE	MODULE
5cc7a5f4	geni_read_reg	MODULE	MODULE
fa7d3ef5	geni_read_reg_nolog	MODULE	MODULE
f2bd55fb	geni_se_clk_freq_match	MODULE	MODULE
399db7c9	geni_se_dump_dbg_regs	MODULE	MODULE
beae67c3	geni_se_init	MODULE	MODULE
6fee0b20	geni_se_iommu_map_buf	MODULE	MODULE
eb8019fb	geni_se_iommu_unmap_buf	MODULE	MODULE
e2589995	geni_se_qupv3_hw_version	MODULE	MODULE
e2913665	geni_se_resources_init	MODULE	MODULE
6bdfc869	geni_se_rx_dma_prep	MODULE	MODULE
10106876	geni_se_rx_dma_unprep	MODULE	MODULE
6137ffe9	geni_se_select_mode	MODULE	MODULE
0ec03692	geni_se_tx_dma_prep	MODULE	MODULE
2e9664a3	geni_se_tx_dma_unprep	MODULE	MODULE
d64d405d	geni_setup_m_cmd	MODULE	MODULE
79376c1a	geni_write_reg	MODULE	MODULE
507b4d72	get_adc_tm	MODULE	MODULE
96478687	get_bam2bam_connection_info	MODULE	MODULE
2d830246	get_cluster_type	MODULE	MODULE
9495fede	get_frmboost_sta_hook	MODULE	MODULE
1b138c6d	get_hw_country_version	MODULE	MODULE
89a009ef	get_hw_id_value	MODULE	MODULE
4766f8d8	get_hw_version_platform	MODULE	MODULE
28205f0e	get_matching_swr_slave_device	MODULE	MODULE
28f1ca0a	get_mi_task_struct	MODULE	MODULE
0b6bb7ef	get_mi_user_struct	MODULE	MODULE
5c6563cd	get_qdss_bam_connection_info	MODULE	MODULE
4672870a	get_qdss_bam_info	MODULE	MODULE
87b215a5	get_rx_fifo_depth	MODULE	MODULE
effe09e9	get_scale_exec_time	MODULE	MODULE
1c7db96f	get_se_m_fw	MODULE	MODULE
7fc076f4	get_se_proto	MODULE	MODULE
dad8715a	get_se_s_fw	MODULE	MODULE
ec697903	get_tx_fifo_depth	MODULE	MODULE
c19e921e	get_tx_fifo_width	MODULE	MODULE
435efd5e	get_ufs_qcom_phy	MODULE	MODULE
c6f32a24	get_xiaomi_touch_class	MODULE	MODULE
682a3a6b	gh_dbl_rx_register	MODULE	MODULE
5ba5a53d	gh_dbl_rx_unregister	MODULE	MODULE
f3de714a	gh_dbl_send	MODULE	MODULE
e32600ac	gh_dbl_tx_register	MODULE	MODULE
307ec99b	gh_dbl_tx_unregister	MODULE	MODULE
a1bfeb77	gh_irq_accept	MODULE	MODULE
facd6f60	gh_irq_lend_notify	MODULE	MODULE
14f3cfad	gh_irq_lend_v2	MODULE	MODULE
0913be50	gh_irq_reclaim	MODULE	MODULE
4c522be3	gh_irq_release	MODULE	MODULE
2455d9df	gh_irq_release_notify	MODULE	MODULE
73ec8a97	gh_irq_wait_for_lend_v2	MODULE	MODULE
b61451eb	gh_mem_notifier_register	MODULE	MODULE
2d06579b	gh_mem_notifier_unregister	MODULE	MODULE
d9338e14	gh_msgq_recv	MODULE	MODULE
2e907c70	gh_msgq_register	MODULE	MODULE
d9649238	gh_msgq_send	MODULE	MODULE
b553bdf3	gh_msgq_unregister	MODULE	MODULE
81bb9691	gh_rm_console_close	MODULE	MODULE
4d1517ee	gh_rm_console_flush	MODULE	MODULE
66ee5c0c	gh_rm_console_open	MODULE	MODULE
e93711a2	gh_rm_console_write	MODULE	MODULE
54638286	gh_rm_get_vm_id_info	MODULE	MODULE
bffea94c	gh_rm_get_vm_name	MODULE	MODULE
335865f7	gh_rm_get_vmid	MODULE	MODULE
71ebefc5	gh_rm_irq_to_virq	MODULE	MODULE
d22a3b48	gh_rm_mem_accept	MODULE	MODULE
dbeefff8	gh_rm_mem_lend	MODULE	MODULE
b5006d01	gh_rm_mem_notify	MODULE	MODULE
7d6144cd	gh_rm_mem_reclaim	MODULE	MODULE
4884e997	gh_rm_mem_release	MODULE	MODULE
fd527caf	gh_rm_mem_share	MODULE	MODULE
a7f031f9	gh_rm_populate_hyp_res	MODULE	MODULE
7cf771df	gh_rm_register_notifier	MODULE	MODULE
95ebf38d	gh_rm_reset_vcpu_affinity_cb	MODULE	MODULE
6ed5244e	gh_rm_reset_vpm_grp_cb	MODULE	MODULE
48db628d	gh_rm_set_vcpu_affinity_cb	MODULE	MODULE
5159447f	gh_rm_set_virtio_mmio_cb	MODULE	MODULE
b0cd622d	gh_rm_set_vpm_grp_cb	MODULE	MODULE
4fd830d5	gh_rm_unregister_notifier	MODULE	MODULE
89079a32	gh_rm_unset_virtio_mmio_cb	MODULE	MODULE
d24cfe55	gh_rm_virq_to_irq	MODULE	MODULE
70586f69	gh_rm_vm_alloc_vmid	MODULE	MODULE
a2f900bd	gh_rm_vm_irq_accept	MODULE	MODULE
8dc3c039	gh_rm_vm_irq_accept_notify	MODULE	MODULE
f6a937b4	gh_rm_vm_irq_lend	MODULE	MODULE
c9206468	gh_rm_vm_irq_lend_notify	MODULE	MODULE
312f9fb3	gh_rm_vm_irq_reclaim	MODULE	MODULE
fbaecf52	gh_rm_vm_irq_release	MODULE	MODULE
680df70c	gh_rm_vm_irq_release_notify	MODULE	MODULE
7f8b025f	gh_rm_vm_start	MODULE	MODULE
c938c206	glink_native_pm_ops	MODULE	MODULE
34526b5f	gpr_driver_unregister	MODULE	MODULE
66e00834	gpr_get_q6_state	MODULE	MODULE
2ee7045d	gpr_send_pkt	MODULE	MODULE
4aeed581	gsi_alloc_channel	MODULE	MODULE
4440f85c	gsi_alloc_channel_ee	MODULE	MODULE
434e8274	gsi_alloc_evt_ring	MODULE	MODULE
75a63ffb	gsi_config_channel_mode	MODULE	MODULE
20688075	gsi_configure_regs	MODULE	MODULE
82476bba	gsi_dealloc_channel	MODULE	MODULE
05da4216	gsi_dealloc_evt_ring	MODULE	MODULE
7a2175df	gsi_deregister_device	MODULE	MODULE
2dd5ef5a	gsi_enable_flow_control_ee	MODULE	MODULE
9be2f9a9	gsi_enable_fw	MODULE	MODULE
a9a99ac1	gsi_flow_control_ee	MODULE	MODULE
68184311	gsi_get_chan_poll_mode	MODULE	MODULE
79d70395	gsi_get_chan_props_db_in_bytes	MODULE	MODULE
e102c194	gsi_get_chan_prot_type	MODULE	MODULE
04e0546e	gsi_get_chan_state	MODULE	MODULE
0a3265d4	gsi_get_chan_stop_stm	MODULE	MODULE
3f0404d0	gsi_get_drop_stats	MODULE	MODULE
979778d1	gsi_get_evt_ring_len	MODULE	MODULE
7d7d7a72	gsi_get_evt_ring_re_size	MODULE	MODULE
139c05cb	gsi_get_evt_ring_rp	MODULE	MODULE
3a57a245	gsi_get_inst_ram_offset_and_size	MODULE	MODULE
9775a36e	gsi_get_peripheral_ee	MODULE	MODULE
d118057d	gsi_get_refetch_reg	MODULE	MODULE
9d093b9c	gsi_get_ring_len	MODULE	MODULE
77d468d0	gsi_get_wp	MODULE	MODULE
174a6ffc	gsi_halt_channel_ee	MODULE	MODULE
86ae1c82	gsi_is_channel_empty	MODULE	MODULE
dda5bbc6	gsi_map_base	MODULE	MODULE
03dcebd1	gsi_map_virtual_ch_to_per_ep	MODULE	MODULE
aaaba345	gsi_ntn3_client_stats_get	MODULE	MODULE
a378b933	gsi_pending_irq_type	MODULE	MODULE
ae102122	gsi_poll_channel	MODULE	MODULE
63c5ed4a	gsi_poll_n_channel	MODULE	MODULE
3bcfe6d2	gsi_query_channel_db_addr	MODULE	MODULE
f6663290	gsi_query_channel_info	MODULE	MODULE
c740e84a	gsi_query_device_msi_addr	MODULE	MODULE
a7cd6f4f	gsi_query_evt_ring_db_addr	MODULE	MODULE
7760f9dd	gsi_query_flow_control_state_ee	MODULE	MODULE
abad466b	gsi_query_msi_addr	MODULE	MODULE
9b52625b	gsi_queue_xfer	MODULE	MODULE
408c8697	gsi_read_chan_ring_bp	MODULE	MODULE
ad628886	gsi_read_chan_ring_rp	MODULE	MODULE
59cc640a	gsi_read_chan_ring_wp	MODULE	MODULE
913861aa	gsi_read_channel_scratch	MODULE	MODULE
baa2892b	gsi_read_event_ring_bp	MODULE	MODULE
4e2a0ede	gsi_read_event_ring_wp	MODULE	MODULE
a6ba2653	gsi_read_wdi3_channel_scratch2_reg	MODULE	MODULE
ed9c261c	gsi_register_device	MODULE	MODULE
0ba2ab43	gsi_reset_channel	MODULE	MODULE
c132ed6e	gsi_reset_evt_ring	MODULE	MODULE
7133aed0	gsi_ring_ch_ring_db	MODULE	MODULE
34eb0e78	gsi_ring_evt_doorbell_polling_mode	MODULE	MODULE
5938dc29	gsi_ring_evt_ring_db	MODULE	MODULE
6662b582	gsi_start_channel	MODULE	MODULE
39c30bdd	gsi_stop_channel	MODULE	MODULE
e6aba294	gsi_unmap_base	MODULE	MODULE
e7b81ccc	gsi_update_almst_empty_thrshold	MODULE	MODULE
9ffa1b68	gsi_update_mhi_channel_scratch	MODULE	MODULE
6d88d9f1	gsi_wdi3_write_evt_ring_db	MODULE	MODULE
d600847d	gsi_write_channel_scratch	MODULE	MODULE
17e4baf4	gsi_write_channel_scratch2_reg	MODULE	MODULE
ecf74397	gsi_write_channel_scratch3_reg	MODULE	MODULE
624ea7ac	gsi_write_device_scratch	MODULE	MODULE
b49d41c6	gsi_write_evt_ring_scratch	MODULE	MODULE
ce4e703d	gsi_write_wdi3_channel_scratch2_reg	MODULE	MODULE
65e0d535	has_subsystem_slept	MODULE	MODULE
7b4cee80	has_system_slept	MODULE	MODULE
0c1b6ea3	hdcp1_deinit	MODULE	MODULE
428b02ca	hdcp1_feature_supported	MODULE	MODULE
f6f01d13	hdcp1_init	MODULE	MODULE
726c5663	hdcp1_ops_notify	MODULE	MODULE
4d0f81ea	hdcp1_set_enc	MODULE	MODULE
bf9f9ca2	hdcp1_start	MODULE	MODULE
4c837e8a	hdcp1_stop	MODULE	MODULE
fed9a8ba	hdcp2_app_comm	MODULE	MODULE
177e5577	hdcp2_close_stream	MODULE	MODULE
a3b22369	hdcp2_deinit	MODULE	MODULE
51a33bb9	hdcp2_feature_supported	MODULE	MODULE
1d384434	hdcp2_force_encryption	MODULE	MODULE
28ff8398	hdcp2_init	MODULE	MODULE
399d03b1	hdcp2_open_stream	MODULE	MODULE
398b9914	hyp_assign_phys	MODULE	MODULE
6218b1cc	hyp_assign_table	MODULE	MODULE
c893232c	icc_qnoc_qos_regs	MODULE	MODULE
bb5b7249	icnss_allow_l1	MODULE	MODULE
e36008d2	icnss_athdiag_read	MODULE	MODULE
9f209609	icnss_athdiag_write	MODULE	MODULE
d62b7a93	icnss_exit_power_save	MODULE	MODULE
0ffc7211	icnss_force_wake_release	MODULE	MODULE
be1000b0	icnss_force_wake_request	MODULE	MODULE
8b2f3441	icnss_get_curr_therm_cdev_state	MODULE	MODULE
2989d54c	icnss_get_mhi_state	MODULE	MODULE
f966946a	icnss_get_msi_address	MODULE	MODULE
871d9454	icnss_get_msi_irq	MODULE	MODULE
85ea056a	icnss_get_soc_info	MODULE	MODULE
f5fefd13	icnss_get_user_msi_assignment	MODULE	MODULE
2828eafe	icnss_idle_restart	MODULE	MODULE
67a49fd9	icnss_idle_shutdown	MODULE	MODULE
686d6b5f	icnss_is_device_awake	MODULE	MODULE
9b5bd3f7	icnss_is_fw_down	MODULE	MODULE
0ad404f7	icnss_is_pci_ep_awake	MODULE	MODULE
7ab75866	icnss_power_off	MODULE	MODULE
9a13bfc8	icnss_power_on	MODULE	MODULE
cb1ea179	icnss_prevent_l1	MODULE	MODULE
70b502e1	icnss_qmi_send	MODULE	MODULE
f9a31468	icnss_set_fw_log_mode	MODULE	MODULE
20fae080	icnss_smmu_get_domain	MODULE	MODULE
fde43273	icnss_smmu_map	MODULE	MODULE
2d67de8c	icnss_thermal_cdev_register	MODULE	MODULE
430d908b	icnss_thermal_cdev_unregister	MODULE	MODULE
b0096fd2	icnss_trigger_recovery	MODULE	MODULE
e77867d2	icnss_unregister_driver	MODULE	MODULE
7d96dcc4	icnss_wlan_disable	MODULE	MODULE
3179d0ef	icnss_wlan_enable	MODULE	MODULE
6bedf402	ieee80211_freq_khz_to_channel	MODULE	MODULE
02016da9	ieee80211_get_channel_khz	MODULE	MODULE
7ef39823	ieee80211_hdrlen	MODULE	MODULE
5a24d0d7	in_perf_mod	MODULE	MODULE
61857cae	init_millet_subsystem	MODULE	MODULE
d487e0cb	ipa3_add_hdr	MODULE	MODULE
7bea1388	ipa3_add_hdr_hpc	MODULE	MODULE
22149a27	ipa3_cfg_ep	MODULE	MODULE
5844bbaf	ipa3_cfg_ep_holb	MODULE	MODULE
81819387	ipa3_conn_wdi3_pipes	MODULE	MODULE
1c606712	ipa3_conn_wigig_client_i	MODULE	MODULE
43335943	ipa3_conn_wigig_rx_pipe_i	MODULE	MODULE
0b695bf9	ipa3_connect_mhi_pipe	MODULE	MODULE
b7beb9b3	ipa3_connect_wdi_pipe	MODULE	MODULE
e523d4f1	ipa3_create_wdi_mapping	MODULE	MODULE
20895d97	ipa3_ctx	MODULE	MODULE
ab40656a	ipa3_dec_client_disable_clks	MODULE	MODULE
a3c5262f	ipa3_del_hdr	MODULE	MODULE
526892c5	ipa3_deregister_client_callback	MODULE	MODULE
50a32f74	ipa3_deregister_intf	MODULE	MODULE
3bc93ff3	ipa3_disable_wdi3_pipes	MODULE	MODULE
f007b95e	ipa3_disable_wdi_pipe	MODULE	MODULE
de79a9e1	ipa3_disable_wigig_pipe_i	MODULE	MODULE
3ea01b7a	ipa3_disconn_wdi3_pipes	MODULE	MODULE
6b8f0901	ipa3_disconn_wigig_pipe_i	MODULE	MODULE
0a27ddee	ipa3_disconnect_mhi_pipe	MODULE	MODULE
721a5798	ipa3_disconnect_wdi_pipe	MODULE	MODULE
e69456fd	ipa3_enable_wdi3_pipes	MODULE	MODULE
b34ab24f	ipa3_enable_wdi_pipe	MODULE	MODULE
1ed9be04	ipa3_enable_wigig_pipe_i	MODULE	MODULE
fb838722	ipa3_eth_connect	MODULE	MODULE
7aaf800c	ipa3_eth_debugfs_add_node	MODULE	MODULE
347c01bb	ipa3_eth_debugfs_init	MODULE	MODULE
059c5796	ipa3_eth_disconnect	MODULE	MODULE
390a0486	ipa3_get_client_mapping	MODULE	MODULE
0b899c0d	ipa3_get_ctx	MODULE	MODULE
8d4323cc	ipa3_get_dma_dev	MODULE	MODULE
0953f0af	ipa3_get_ipc_logbuf	MODULE	MODULE
1f3d094e	ipa3_get_ipc_logbuf_low	MODULE	MODULE
5e48dfa3	ipa3_get_r_rev_version	MODULE	MODULE
c29d9912	ipa3_get_smmu_ctx	MODULE	MODULE
3f5f007b	ipa3_get_smmu_params	MODULE	MODULE
4bab0146	ipa3_has_open_aggr_frame	MODULE	MODULE
f42314fd	ipa3_inc_client_enable_clks	MODULE	MODULE
0d775748	ipa3_iommu_map	MODULE	MODULE
bfe0085b	ipa3_is_mhip_offload_enabled	MODULE	MODULE
7128f1b6	ipa3_is_ulso_supported	MODULE	MODULE
b04e76d5	ipa3_mhi_destroy_channel	MODULE	MODULE
802f6841	ipa3_mhi_init_engine	MODULE	MODULE
0fa461d1	ipa3_mhi_query_ch_info	MODULE	MODULE
9c6bc80b	ipa3_mhi_reset_channel_internal	MODULE	MODULE
7f2980e0	ipa3_mhi_resume_channels_internal	MODULE	MODULE
169677c7	ipa3_mhi_stop_gsi_channel	MODULE	MODULE
cbdd873b	ipa3_notify_clients_registered	MODULE	MODULE
9637cedf	ipa3_ntn_uc_dereg_rdyCB	MODULE	MODULE
31fd7f74	ipa3_ntn_uc_reg_rdyCB	MODULE	MODULE
b98679de	ipa3_qdss_register	MODULE	MODULE
3418a115	ipa3_qmi_disable_force_clear_datapath_send	MODULE	MODULE
19499b6b	ipa3_qmi_enable_force_clear_datapath_send	MODULE	MODULE
8079ce3a	ipa3_register_client_callback	MODULE	MODULE
e65ad4f0	ipa3_register_intf	MODULE	MODULE
561252c5	ipa3_release_gsi_channel	MODULE	MODULE
53b67637	ipa3_release_wdi_mapping	MODULE	MODULE
b9654c01	ipa3_request_gsi_channel	MODULE	MODULE
11708ab6	ipa3_reset_gsi_channel	MODULE	MODULE
56880c3c	ipa3_reset_gsi_event_ring	MODULE	MODULE
a009fcaf	ipa3_resume_wdi_pipe	MODULE	MODULE
529f18ea	ipa3_set_tag_process_before_gating	MODULE	MODULE
e962490e	ipa3_set_usb_max_packet_size	MODULE	MODULE
23574aed	ipa3_set_wlan_tx_info	MODULE	MODULE
788540c2	ipa3_setup_uc_ntn_pipes	MODULE	MODULE
0d6957dd	ipa3_smmu_map_peer_buff	MODULE	MODULE
cbc4569a	ipa3_smmu_map_peer_reg	MODULE	MODULE
15d21684	ipa3_start_gsi_channel	MODULE	MODULE
68706d71	ipa3_stop_gsi_channel	MODULE	MODULE
0e04fe07	ipa3_suspend_wdi_pipe	MODULE	MODULE
2f2bcee8	ipa3_tear_down_uc_offload_pipes	MODULE	MODULE
aadc41f2	ipa3_teth_bridge_connect	MODULE	MODULE
15439518	ipa3_teth_bridge_disconnect	MODULE	MODULE
a866e493	ipa3_teth_bridge_init	MODULE	MODULE
849793f5	ipa3_uc_loaded_check	MODULE	MODULE
181dc92f	ipa3_uc_reg_rdyCB	MODULE	MODULE
ac3833c8	ipa3_uc_register_ready_cb	MODULE	MODULE
6a391267	ipa3_uc_state_check	MODULE	MODULE
e000eb3b	ipa3_update_mhi_ctrl_state	MODULE	MODULE
2852992d	ipa3_wigig_internal_init	MODULE	MODULE
d00472c5	ipa3_wigig_uc_msi_init	MODULE	MODULE
d17661ec	ipa3_wwan_cleanup	MODULE	MODULE
b910bdea	ipa3_wwan_platform_driver_register	MODULE	MODULE
017da7aa	ipa3_xdci_connect	MODULE	MODULE
a3c4fb10	ipa3_xdci_disconnect	MODULE	MODULE
6028648a	ipa3_xdci_ep_delay_rm	MODULE	MODULE
845446d1	ipa3_xdci_resume	MODULE	MODULE
e9062857	ipa3_xdci_start	MODULE	MODULE
dcfb1eb1	ipa3_xdci_suspend	MODULE	MODULE
c973d1d2	ipa_assert	MODULE	MODULE
3aa05516	ipa_cfg_ep_ctrl	MODULE	MODULE
4228203b	ipa_clients_strings	MODULE	MODULE
764efde8	ipa_dma_async_memcpy	MODULE	MODULE
5776bb86	ipa_dma_destroy	MODULE	MODULE
b5cb931a	ipa_dma_disable	MODULE	MODULE
5fe04dbf	ipa_dma_enable	MODULE	MODULE
36c2b6a8	ipa_dma_init	MODULE	MODULE
38b00309	ipa_dma_sync_memcpy	MODULE	MODULE
c65b31a0	ipa_eth_client_exist	MODULE	MODULE
77dec512	ipa_eth_get_ipa_client_type_from_eth_type	MODULE	MODULE
bf795b1c	ipa_fmwk_register_gsb	MODULE	MODULE
c29f72b1	ipa_fmwk_register_ipa	MODULE	MODULE
ca581a88	ipa_fmwk_register_ipa_eth	MODULE	MODULE
eeca633e	ipa_fmwk_register_ipa_mhi	MODULE	MODULE
b93f9cc4	ipa_fmwk_register_ipa_qdss	MODULE	MODULE
b35caa88	ipa_fmwk_register_ipa_usb	MODULE	MODULE
b099ef21	ipa_fmwk_register_ipa_wdi3	MODULE	MODULE
0a1e0cd6	ipa_fmwk_register_ipa_wigig	MODULE	MODULE
f32198eb	ipa_fmwk_register_uc_offload	MODULE	MODULE
6077a56d	ipa_get_ep_mapping	MODULE	MODULE
5c2ecd04	ipa_get_hw_type	MODULE	MODULE
930dacc2	ipa_get_lan_rx_napi	MODULE	MODULE
47ce0010	ipa_get_wdi_stats	MODULE	MODULE
b282ba20	ipa_get_wdi_version	MODULE	MODULE
63ab245a	ipa_hdrs_hpc_destroy	MODULE	MODULE
4455296a	ipa_is_ready	MODULE	MODULE
989c8c3e	ipa_is_vlan_mode	MODULE	MODULE
6fed4d90	ipa_mhi_connect_pipe	MODULE	MODULE
cf75fcf4	ipa_mhi_destroy	MODULE	MODULE
07f9c72f	ipa_mhi_disconnect_pipe	MODULE	MODULE
6a8cd956	ipa_mhi_handle_ipa_config_req	MODULE	MODULE
4d0b4ee1	ipa_mhi_init	MODULE	MODULE
9ea0f7c4	ipa_mhi_resume	MODULE	MODULE
e4cc0320	ipa_mhi_start	MODULE	MODULE
a1d234b4	ipa_mhi_suspend	MODULE	MODULE
503edb62	ipa_mhi_update_mstate	MODULE	MODULE
fb031f48	ipa_mpm_mhip_xdci_pipe_disable	MODULE	MODULE
81a1a605	ipa_mpm_mhip_xdci_pipe_enable	MODULE	MODULE
485e6c8f	ipa_pm_activate	MODULE	MODULE
4f7f501d	ipa_pm_activate_sync	MODULE	MODULE
57a00c87	ipa_pm_associate_ipa_cons_to_client	MODULE	MODULE
22d7510a	ipa_pm_deactivate_sync	MODULE	MODULE
e448ce4c	ipa_pm_deferred_deactivate	MODULE	MODULE
8dee820e	ipa_pm_deregister	MODULE	MODULE
7cbf535e	ipa_pm_register	MODULE	MODULE
a8a907ef	ipa_pm_set_throughput	MODULE	MODULE
3bde4690	ipa_pm_wrapper_wdi_set_perf_profile_internal	MODULE	MODULE
3526a70c	ipa_register_intf	MODULE	MODULE
23fed57a	ipa_register_ipa_ready_cb	MODULE	MODULE
9822a4af	ipa_register_rmnet_ctl_cb	MODULE	MODULE
bb7b0fc8	ipa_register_rmnet_ll_cb	MODULE	MODULE
909d9a85	ipa_rmnet_ctl_xmit	MODULE	MODULE
f3c79702	ipa_rmnet_ll_xmit	MODULE	MODULE
8aff364a	ipa_send_mhi_coal_endp_ind_to_modem	MODULE	MODULE
804e397e	ipa_send_msg	MODULE	MODULE
61e12efc	ipa_set_pkt_init_ex_hdr_ofst	MODULE	MODULE
63286b62	ipa_setup_sys_pipe	MODULE	MODULE
511f5eb9	ipa_smmu_free_sgt	MODULE	MODULE
c0f3d614	ipa_smmu_store_sgt	MODULE	MODULE
0ae7fddf	ipa_teardown_sys_pipe	MODULE	MODULE
3c1c8d1e	ipa_tx_dp	MODULE	MODULE
4c839de6	ipa_uc_bw_monitor	MODULE	MODULE
2750226d	ipa_unregister_rmnet_ctl_cb	MODULE	MODULE
027d9976	ipa_unregister_rmnet_ll_cb	MODULE	MODULE
9daf63f7	ipa_usb_deinit_teth_prot	MODULE	MODULE
2c408f11	ipa_usb_init_teth_prot	MODULE	MODULE
186bcd7a	ipa_usb_is_teth_prot_connected	MODULE	MODULE
7a386ee0	ipa_usb_xdci_connect	MODULE	MODULE
6abaa791	ipa_usb_xdci_disconnect	MODULE	MODULE
c9a19caf	ipa_usb_xdci_resume	MODULE	MODULE
5720db49	ipa_usb_xdci_suspend	MODULE	MODULE
5692d8b4	ipa_wdi_is_tx1_used	MODULE	MODULE
d6cf0839	ipa_wigig_is_smmu_enabled	MODULE	MODULE
e2b34d94	ipa_wigig_save_regs	MODULE	MODULE
f8ada100	ipa_wigig_send_msg	MODULE	MODULE
0f22f760	ipa_wigig_send_wlan_msg	MODULE	MODULE
40f5bee9	ipahal_get_ep_bit	MODULE	MODULE
7fb5d482	ipahal_get_ep_reg_idx	MODULE	MODULE
d0ac05f2	ipc_lite_msg_send	MODULE	MODULE
df3d14d1	ipc_lite_register_client	MODULE	MODULE
6fdbaa2a	ipc_log_context_create	MODULE	MODULE
f470e1fe	ipc_log_context_destroy	MODULE	MODULE
8b83a1e8	ipc_log_string	MODULE	MODULE
a1452604	kgsl_get_stats	MODULE	MODULE
9e978bfa	last_touch_events_collect	MODULE	MODULE
efb7aaf9	llcc_get_slice_id	MODULE	MODULE
bc8055f8	llcc_get_slice_size	MODULE	MODULE
6b7609b9	llcc_slice_activate	MODULE	MODULE
7e5ade52	llcc_slice_deactivate	MODULE	MODULE
2dc32291	llcc_slice_getd	MODULE	MODULE
cf51ae91	llcc_slice_putd	MODULE	MODULE
8bd01556	lpass_cdc_check_core_votes	MODULE	MODULE
6c12176e	lpass_cdc_clear_amic_tx_hold	MODULE	MODULE
a79c4c73	lpass_cdc_clk_rsc_fs_gen_request	MODULE	MODULE
1875baae	lpass_cdc_clk_rsc_request_clock	MODULE	MODULE
721e79cc	lpass_cdc_dmic_clk_enable	MODULE	MODULE
08e950e0	lpass_cdc_get_device_ptr	MODULE	MODULE
8cf1aef1	lpass_cdc_get_version	MODULE	MODULE
df3fe266	lpass_cdc_info_create_codec_entry	MODULE	MODULE
a098c9e9	lpass_cdc_is_va_macro_registered	MODULE	MODULE
7c28035b	lpass_cdc_load_compander_coeff	MODULE	MODULE
55d5a145	lpass_cdc_register_macro	MODULE	MODULE
698edab2	lpass_cdc_register_wake_irq	MODULE	MODULE
01421186	lpass_cdc_rsc_clk_reset	MODULE	MODULE
aa8fe81d	lpass_cdc_runtime_resume	MODULE	MODULE
89b639b8	lpass_cdc_runtime_suspend	MODULE	MODULE
d3e15d1b	lpass_cdc_rx_set_fir_capability	MODULE	MODULE
35ed6941	lpass_cdc_set_port_map	MODULE	MODULE
f6f83862	lpass_cdc_tx_macro_mute_hs	MODULE	MODULE
63e036a2	lpass_cdc_tx_mclk_enable	MODULE	MODULE
781b05da	lpass_cdc_unregister_macro	MODULE	MODULE
8fc81c38	lpass_cdc_update_compander_setting	MODULE	MODULE
2b0acf2b	lpass_cdc_wsa_pa_on	MODULE	MODULE
e972dfb3	map_debug_bases	MODULE	MODULE
aae7d1de	mem_alloc_generic_req_msg_data_v01_ei	MODULE	MODULE
3f44a368	mem_alloc_generic_resp_msg_data_v01_ei	MODULE	MODULE
878f1779	mem_buf_dma_buf_copy_vmperm	MODULE	MODULE
0c76db23	mem_buf_dma_buf_exclusive_owner	MODULE	MODULE
ece5979a	mem_buf_dma_buf_set_destructor	MODULE	MODULE
4aff2270	mem_buf_lend	MODULE	MODULE
7977203c	mem_free_generic_req_msg_data_v01_ei	MODULE	MODULE
7193b0cd	mem_free_generic_resp_msg_data_v01_ei	MODULE	MODULE
fc09fc89	mem_query_size_req_msg_data_v01_ei	MODULE	MODULE
ca1d8912	mem_query_size_resp_msg_data_v01_ei	MODULE	MODULE
b910675a	mhi_alloc_controller	MODULE	MODULE
eb420574	mhi_async_power_up	MODULE	MODULE
b68b81f5	mhi_bdf_to_controller	MODULE	MODULE
5823ebfe	mhi_controller_get_privdata	MODULE	MODULE
4fdb61d2	mhi_controller_set_base	MODULE	MODULE
7200b579	mhi_controller_set_bw_scale_cb	MODULE	MODULE
69b0ab67	mhi_controller_set_privdata	MODULE	MODULE
cbed8e74	mhi_controller_set_sfr_support	MODULE	MODULE
69bc0794	mhi_controller_setup_timesync	MODULE	MODULE
7934cfa2	mhi_debug_reg_dump	MODULE	MODULE
5defabf7	mhi_dev_net_interface_init	MODULE	MODULE
51e452fd	mhi_device_configure	MODULE	MODULE
803fadc8	mhi_device_get	MODULE	MODULE
edcfd08c	mhi_device_get_sync	MODULE	MODULE
ae3179c2	mhi_device_get_sync_atomic	MODULE	MODULE
13fdc762	mhi_device_ioctl	MODULE	MODULE
34227f15	mhi_device_put	MODULE	MODULE
9c47f86f	mhi_download_rddm_image	MODULE	MODULE
3c074fe1	mhi_driver_unregister	MODULE	MODULE
e2d8da5c	mhi_dump_sfr	MODULE	MODULE
81000f7d	mhi_force_rddm_mode	MODULE	MODULE
36a6ac8b	mhi_force_reset	MODULE	MODULE
0528c558	mhi_free_controller	MODULE	MODULE
7356566f	mhi_get_channel_db_base	MODULE	MODULE
8988316f	mhi_get_device_for_channel	MODULE	MODULE
f6cc97de	mhi_get_event_ring_db_base	MODULE	MODULE
dd048de6	mhi_get_exec_env	MODULE	MODULE
aa95f4d9	mhi_get_free_desc_count	MODULE	MODULE
35d7fc98	mhi_notify	MODULE	MODULE
15a57343	mhi_pm_fast_resume	MODULE	MODULE
ebb678d0	mhi_pm_fast_suspend	MODULE	MODULE
b10ab168	mhi_pm_resume	MODULE	MODULE
5a3e2557	mhi_pm_suspend	MODULE	MODULE
be0bf88d	mhi_poll	MODULE	MODULE
4ae3e978	mhi_power_down	MODULE	MODULE
32c8eb53	mhi_prepare_for_power_up	MODULE	MODULE
d10c14ea	mhi_prepare_for_transfer	MODULE	MODULE
a1a7c0f2	mhi_queue_buf	MODULE	MODULE
f990376c	mhi_queue_dma	MODULE	MODULE
5e338461	mhi_queue_skb	MODULE	MODULE
efe5eb7b	mhi_register_controller	MODULE	MODULE
fe0adc6b	mhi_report_error	MODULE	MODULE
93e54f9e	mhi_scan_rddm_cookie	MODULE	MODULE
b81a1b28	mhi_set_m2_timeout_ms	MODULE	MODULE
d719e08e	mhi_start_transfer	MODULE	MODULE
140c5ecb	mhi_stop_transfer	MODULE	MODULE
b505f701	mhi_sync_power_up	MODULE	MODULE
34670287	mhi_unprepare_after_power_down	MODULE	MODULE
12a72e6c	mhi_unprepare_from_transfer	MODULE	MODULE
06988500	mhi_unregister_controller	MODULE	MODULE
657ebd73	mi_clean_fas_req	MODULE	MODULE
12535de7	mi_set_fas_req	MODULE	MODULE
9a2b9e45	mi_vip_task	MODULE	MODULE
a63dea9a	millet_sendmsg	MODULE	MODULE
5ea270a4	millet_sendto_user	MODULE	MODULE
085480c0	miwill_mode_register	MODULE	MODULE
15065cb0	miwill_mode_unregister	MODULE	MODULE
75f0e027	miwill_modeop_port_enter	MODULE	MODULE
de9150a8	mmrm_client_check_scaling_supported	MODULE	MODULE
15e4a2d8	mmrm_client_deregister	MODULE	MODULE
b6f77941	mmrm_client_get_value	MODULE	MODULE
bbd8dc5d	mmrm_client_register	MODULE	MODULE
6be8a03a	mmrm_client_set_value	MODULE	MODULE
f77f51e3	mmrm_client_set_value_in_range	MODULE	MODULE
13b963ad	msm_audio_get_phy_addr	MODULE	MODULE
9b4f1f33	msm_audio_ion_crash_handler	MODULE	MODULE
b0b9178b	msm_cdc_disable_ondemand_supply	MODULE	MODULE
cc3e7df1	msm_cdc_enable_ondemand_supply	MODULE	MODULE
00fa5f9e	msm_cdc_enable_static_supplies	MODULE	MODULE
975a83a0	msm_cdc_get_power_supplies	MODULE	MODULE
773ea9e0	msm_cdc_init_supplies	MODULE	MODULE
a67dbf43	msm_cdc_is_ondemand_supply	MODULE	MODULE
4a3f91e7	msm_cdc_pinctrl_get_state	MODULE	MODULE
ad51424f	msm_cdc_pinctrl_select_active_state	MODULE	MODULE
e1d928f0	msm_cdc_pinctrl_select_sleep_state	MODULE	MODULE
d0a9b5e5	msm_cdc_pinctrl_set_wakeup_capable	MODULE	MODULE
527fed23	msm_cdc_release_supplies	MODULE	MODULE
6fb791e4	msm_cdc_set_supplies_lpm_mode	MODULE	MODULE
1e52a708	msm_data_fifo_config	MODULE	MODULE
364ea308	msm_dma_unmap_all_for_dev	MODULE	MODULE
0dd501da	msm_dump_data_register_nominidump	MODULE	MODULE
06680e6f	msm_ep_clear_ops	MODULE	MODULE
ca10be4d	msm_ep_config	MODULE	MODULE
c8ca5ffb	msm_ep_set_mode	MODULE	MODULE
a7743da8	msm_ep_unconfig	MODULE	MODULE
a9a5cf04	msm_ep_update_ops	MODULE	MODULE
49ae6b24	msm_ext_disp_deregister_intf	MODULE	MODULE
fc64f7b2	msm_ext_disp_register_audio_codec	MODULE	MODULE
275abb07	msm_ext_disp_register_intf	MODULE	MODULE
1a9c4ffc	msm_ext_disp_select_audio_codec	MODULE	MODULE
435a71a8	msm_gpio_get_pin_address	MODULE	MODULE
dc9d499c	msm_gpio_mpm_wake_set	MODULE	MODULE
5bb305e8	msm_minidump_add_region	MODULE	MODULE
584e21a2	msm_minidump_enabled	MODULE	MODULE
817876ce	msm_minidump_remove_region	MODULE	MODULE
eaffb00b	msm_pcie_allow_l1	MODULE	MODULE
1df5aa4c	msm_pcie_deregister_event	MODULE	MODULE
83a5a53a	msm_pcie_enumerate	MODULE	MODULE
ef886dd5	msm_pcie_l1ss_timeout_disable	MODULE	MODULE
e07351d9	msm_pcie_l1ss_timeout_enable	MODULE	MODULE
632971a3	msm_pcie_pm_control	MODULE	MODULE
7ecfa503	msm_pcie_prevent_l1	MODULE	MODULE
c76539cf	msm_pcie_reg_dump	MODULE	MODULE
28391169	msm_pcie_register_event	MODULE	MODULE
7dac1e68	msm_pcie_set_link_bandwidth	MODULE	MODULE
a82e96cf	msm_pcie_set_target_link_speed	MODULE	MODULE
2c5bf99d	msm_perf_events_update	MODULE	MODULE
af4e8c38	msm_qdss_csr_disable_bam_to_usb	MODULE	MODULE
8f753304	msm_qdss_csr_disable_flush	MODULE	MODULE
9b150412	msm_qdss_csr_enable_bam_to_usb	MODULE	MODULE
5b3cc0ae	msm_qdss_csr_enable_flush	MODULE	MODULE
05c8d2c7	msm_qup_write	MODULE	MODULE
e1bb7104	mtd_block_isbad	MODULE	MODULE
1baee66d	mtd_block_markbad	MODULE	MODULE
dce94c17	mtd_device_parse_register	MODULE	MODULE
bde38391	mtd_device_unregister	MODULE	MODULE
22339bd0	mtd_erase	MODULE	MODULE
9f8ede33	mtd_panic_write	MODULE	MODULE
27ee6b3c	mtd_read	MODULE	MODULE
2266e97d	mtd_table_mutex	MODULE	MODULE
6298555d	mtd_write	MODULE	MODULE
e862d5c2	mtdoops_do_dump_if	MODULE	MODULE
4a2535fb	oem_register_binder_hook	MODULE	MODULE
8dab465f	of_get_coresight_csr_name	MODULE	MODULE
f2ef8420	of_register_swr_devices	MODULE	MODULE
6465e0b6	of_slim_get_device	MODULE	MODULE
85881243	panel_event_notification_trigger	MODULE	MODULE
3b743066	panel_event_notifier_register	MODULE	MODULE
a138dda0	panel_event_notifier_unregister	MODULE	MODULE
432975e6	pdr_add_lookup	MODULE	MODULE
47b2ed49	pdr_handle_alloc	MODULE	MODULE
f618ca5b	pdr_handle_release	MODULE	MODULE
1c76ea4d	pdr_restart_pd	MODULE	MODULE
c215d854	perf_min_freq	MODULE	MODULE
1c59acc7	pmic_glink_register_client	MODULE	MODULE
56e3edd9	pmic_glink_unregister_client	MODULE	MODULE
5a5edc5c	pmic_glink_write	MODULE	MODULE
4462e04e	qce_ablk_cipher_req	MODULE	MODULE
575c81e1	qce_close	MODULE	MODULE
81a61e31	qce_disable_clk	MODULE	MODULE
0d26f8cb	qce_enable_clk	MODULE	MODULE
7e4c4355	qce_get_crypto_status	MODULE	MODULE
46a7cef5	qce_hw_support	MODULE	MODULE
0e30ff3f	qce_manage_timeout	MODULE	MODULE
b7f0d8f2	qce_open	MODULE	MODULE
ccf2c8be	qce_process_sha_req	MODULE	MODULE
4fde47cc	qce_set_irqs	MODULE	MODULE
e2aa0591	qcom_adc5_hw_scale	MODULE	MODULE
31a5f4db	qcom_add_glink_subdev	MODULE	MODULE
a23d7470	qcom_add_smd_subdev	MODULE	MODULE
14b29f0e	qcom_add_ssr_subdev	MODULE	MODULE
a948507a	qcom_add_sysmon_subdev	MODULE	MODULE
191c946b	qcom_alloc_io_pgtable_ops	MODULE	MODULE
93390ed0	qcom_cc_map	MODULE	MODULE
1701d683	qcom_cc_really_probe	MODULE	MODULE
3b0c851a	qcom_cc_runtime_init	MODULE	MODULE
0b3cea94	qcom_cc_runtime_resume	MODULE	MODULE
d27f2d4b	qcom_cc_runtime_suspend	MODULE	MODULE
60e2e760	qcom_cc_sync_state	MODULE	MODULE
a9a939b7	qcom_clk_dump	MODULE	MODULE
2e5a6763	qcom_clk_get_voltage	MODULE	MODULE
808a7fdf	qcom_clk_set_flags	MODULE	MODULE
22c047f2	qcom_create_ramdump_device	MODULE	MODULE
f8ed3ae0	qcom_dcvs_get_ddr_child_node	MODULE	MODULE
eb65b1b1	qcom_dcvs_hw_minmax_get	MODULE	MODULE
31b9cda5	qcom_dcvs_kobject_get	MODULE	MODULE
425e7e2c	qcom_dcvs_register_voter	MODULE	MODULE
27547f87	qcom_dcvs_unregister_voter	MODULE	MODULE
def933ab	qcom_dcvs_update_votes	MODULE	MODULE
16b6cbc9	qcom_destroy_ramdump_device	MODULE	MODULE
8712782c	qcom_dump	MODULE	MODULE
f620d0d9	qcom_edma_init	MODULE	MODULE
4f464391	qcom_elf_dump	MODULE	MODULE
a5ccf378	qcom_free_io_pgtable_ops	MODULE	MODULE
ade3e7e8	qcom_get_cpucp_id	MODULE	MODULE
2e272328	qcom_get_scm_device	MODULE	MODULE
f70aabd6	qcom_glink_early_ssr_notify	MODULE	MODULE
943635f9	qcom_glink_is_wakeup	MODULE	MODULE
91d85fd6	qcom_glink_native_probe	MODULE	MODULE
149236da	qcom_glink_native_remove	MODULE	MODULE
44a1e069	qcom_glink_native_start	MODULE	MODULE
fd2d5a1d	qcom_glink_native_unregister	MODULE	MODULE
39c59f7c	qcom_glink_smem_register	MODULE	MODULE
0173aa48	qcom_glink_smem_start	MODULE	MODULE
72dd75d9	qcom_glink_smem_unregister	MODULE	MODULE
f14f5684	qcom_glink_ssr_notify	MODULE	MODULE
1f4951b9	qcom_icc_rpmh_probe	MODULE	MODULE
33a7df1e	qcom_icc_rpmh_remove	MODULE	MODULE
268d2423	qcom_icc_rpmh_sync_state	MODULE	MODULE
8da091b4	qcom_iommu_get_fault_ids	MODULE	MODULE
950853bb	qcom_iommu_iova_to_phys_hard	MODULE	MODULE
f0076fd9	qcom_iommu_sid_switch	MODULE	MODULE
91ebe8fe	qcom_mdt_free_metadata	MODULE	MODULE
e8a3861c	qcom_mdt_get_size	MODULE	MODULE
ce2ad607	qcom_mdt_load	MODULE	MODULE
7200bb88	qcom_mdt_load_no_free	MODULE	MODULE
ee14fdf9	qcom_notify_early_ssr_clients	MODULE	MODULE
30e58241	qcom_pil_info_store	MODULE	MODULE
ef11b635	qcom_pil_timeouts_disabled	MODULE	MODULE
5f238620	qcom_pmu_event_supported	MODULE	MODULE
7eb04ed9	qcom_pmu_idle_register	MODULE	MODULE
ca8c4758	qcom_pmu_read	MODULE	MODULE
b88bcbd9	qcom_pmu_read_all_local	MODULE	MODULE
fe04bff4	qcom_q6v5_init	MODULE	MODULE
452e7447	qcom_q6v5_panic	MODULE	MODULE
5eb43fd6	qcom_q6v5_prepare	MODULE	MODULE
ab2ebacf	qcom_q6v5_register_ssr_subdev	MODULE	MODULE
0c688d10	qcom_q6v5_request_stop	MODULE	MODULE
1becefa8	qcom_q6v5_unprepare	MODULE	MODULE
beb2b648	qcom_q6v5_wait_for_start	MODULE	MODULE
d198a117	qcom_qnoc4_ops	MODULE	MODULE
c5fb8453	qcom_register_early_ssr_notifier	MODULE	MODULE
0fa538df	qcom_register_ssr_notifier	MODULE	MODULE
205a044d	qcom_remove_glink_subdev	MODULE	MODULE
30a2067e	qcom_remove_smd_subdev	MODULE	MODULE
44bbb4c6	qcom_remove_ssr_subdev	MODULE	MODULE
a881c6fc	qcom_remove_sysmon_subdev	MODULE	MODULE
170fe239	qcom_scm_camera_protect_phy_lanes	MODULE	MODULE
48df548b	qcom_scm_config_set_ice_key	MODULE	MODULE
c0431727	qcom_scm_dcvs_ca_available	MODULE	MODULE
3ba7797d	qcom_scm_dcvs_core_available	MODULE	MODULE
1deaf3c9	qcom_scm_dcvs_init_ca_v2	MODULE	MODULE
99937451	qcom_scm_dcvs_init_v2	MODULE	MODULE
93bf905f	qcom_scm_dcvs_reset	MODULE	MODULE
5b5c52ab	qcom_scm_dcvs_update	MODULE	MODULE
945bcb2b	qcom_scm_dcvs_update_ca_v2	MODULE	MODULE
b57a87ee	qcom_scm_dcvs_update_v2	MODULE	MODULE
8e1b7c28	qcom_scm_get_sec_dump_state	MODULE	MODULE
ae116aaa	qcom_scm_get_tz_feat_id_version	MODULE	MODULE
3d251a04	qcom_scm_get_tz_log_feat_id	MODULE	MODULE
fc9ed8c3	qcom_scm_ice_available	MODULE	MODULE
1de59c22	qcom_scm_ice_invalidate_key	MODULE	MODULE
46af89ee	qcom_scm_invoke_callback_response	MODULE	MODULE
6a57beeb	qcom_scm_invoke_smc	MODULE	MODULE
d3f11128	qcom_scm_invoke_smc_legacy	MODULE	MODULE
4e2e74c1	qcom_scm_io_readl	MODULE	MODULE
9a70fd21	qcom_scm_io_reset	MODULE	MODULE
1de67f9b	qcom_scm_io_writel	MODULE	MODULE
99094fb2	qcom_scm_is_available	MODULE	MODULE
61b3c1c3	qcom_scm_kgsl_set_smmu_aperture	MODULE	MODULE
63d450ba	qcom_scm_kgsl_set_smmu_lpac_aperture	MODULE	MODULE
51f70c4c	qcom_scm_mem_protect_region_id	MODULE	MODULE
8430fbf7	qcom_scm_mem_protect_sd_ctrl	MODULE	MODULE
8d4112df	qcom_scm_mem_protect_video_var	MODULE	MODULE
dd7e3192	qcom_scm_pas_auth_and_reset	MODULE	MODULE
37c173c5	qcom_scm_pas_init_image	MODULE	MODULE
5b54903b	qcom_scm_pas_mem_setup	MODULE	MODULE
fc52abc7	qcom_scm_pas_shutdown	MODULE	MODULE
c1538ee3	qcom_scm_pas_shutdown_retry	MODULE	MODULE
1e77ab1a	qcom_scm_qseecom_call	MODULE	MODULE
9d909c45	qcom_scm_query_encrypted_log_feature	MODULE	MODULE
640e3f5d	qcom_scm_register_qsee_log_buf	MODULE	MODULE
fae9bc40	qcom_scm_request_encrypted_log	MODULE	MODULE
9b128a66	qcom_scm_set_remote_state	MODULE	MODULE
fae85203	qcom_scm_smmu_notify_secure_lut	MODULE	MODULE
3a632d1e	qcom_smd_register_edge	MODULE	MODULE
3330a1c8	qcom_smd_unregister_edge	MODULE	MODULE
34b57571	qcom_smem_alloc	MODULE	MODULE
eeffa750	qcom_smem_get	MODULE	MODULE
5a710273	qcom_smem_get_free_space	MODULE	MODULE
9979b76e	qcom_smem_virt_to_phys	MODULE	MODULE
7cd95956	qcom_sysmon_get_reason	MODULE	MODULE
b2fae318	qcom_sysmon_get_txn_id	MODULE	MODULE
56174ceb	qcom_sysmon_register_ssr_subdev	MODULE	MODULE
1482d168	qcom_sysmon_shutdown_acked	MODULE	MODULE
b2f63518	qcom_unregister_early_ssr_notifier	MODULE	MODULE
d6cc0cc0	qcom_unregister_ssr_notifier	MODULE	MODULE
0adc5e07	qcom_wdt_pet_resume	MODULE	MODULE
7c43e405	qcom_wdt_pet_suspend	MODULE	MODULE
3e0f37ac	qcom_wdt_register	MODULE	MODULE
96ede3b3	qcom_wdt_remove	MODULE	MODULE
2d1144ae	qmap_encapsulate_skb	MODULE	MODULE
e3b1dcf0	qmi_add_lookup	MODULE	MODULE
002163c4	qmi_add_server	MODULE	MODULE
a8bb3ddf	qmi_handle_init	MODULE	MODULE
dbc58213	qmi_handle_release	MODULE	MODULE
21ce5888	qmi_response_type_v01_ei	MODULE	MODULE
8a43c967	qmi_rmnet_ps_ind_deregister	MODULE	MODULE
7171cf27	qmi_rmnet_ps_ind_register	MODULE	MODULE
ae3ac0a5	qmi_send_indication	MODULE	MODULE
99a1aa04	qmi_send_request	MODULE	MODULE
e3dbb380	qmi_send_response	MODULE	MODULE
7cbf7116	qmi_txn_cancel	MODULE	MODULE
6fd25b0e	qmi_txn_init	MODULE	MODULE
db9be386	qmi_txn_wait	MODULE	MODULE
a867a843	qmp_get	MODULE	MODULE
9e2aa1df	qmp_send	MODULE	MODULE
02928b49	qpnp_lpg_pwm_get_output_types_supported	MODULE	MODULE
2eab0059	qpnp_lpg_pwm_set_output_type	MODULE	MODULE
02011b88	qpnp_pbs_trigger_event	MODULE	MODULE
c7b5839b	qpnp_pbs_trigger_single_event	MODULE	MODULE
b88b23dc	qrtr_endpoint_post	MODULE	MODULE
fd123571	qrtr_endpoint_register	MODULE	MODULE
a56d7f97	qrtr_endpoint_unregister	MODULE	MODULE
680df8f1	qrtr_peek_pkt_size	MODULE	MODULE
3fbd4070	qrtr_print_wakeup_reason	MODULE	MODULE
3eb297e8	qseecom_process_listener_from_smcinvoke	MODULE	MODULE
53d35828	qseecom_send_command	MODULE	MODULE
d516a511	qseecom_shutdown_app	MODULE	MODULE
802d7623	qseecom_start_app	MODULE	MODULE
79123a12	qtee_shmbridge_allocate_shm	MODULE	MODULE
5658fa1f	qtee_shmbridge_deregister	MODULE	MODULE
75369b91	qtee_shmbridge_flush_shm_buf	MODULE	MODULE
0b87d78b	qtee_shmbridge_free_shm	MODULE	MODULE
67847272	qtee_shmbridge_inv_shm_buf	MODULE	MODULE
99367cb2	qtee_shmbridge_is_enabled	MODULE	MODULE
dd0a170f	qtee_shmbridge_query	MODULE	MODULE
97c3c32d	qtee_shmbridge_register	MODULE	MODULE
47653d56	qti_battery_charger_get_prop	MODULE	MODULE
65ee2067	qti_flash_led_prepare	MODULE	MODULE
f442d5db	qti_flash_led_set_param	MODULE	MODULE
1257f8cd	query_binder_app_stat	MODULE	MODULE
6583be17	redriver_gadget_pullup_enter	MODULE	MODULE
9e656de2	redriver_gadget_pullup_exit	MODULE	MODULE
a14b2855	redriver_notify_connect	MODULE	MODULE
fba7874e	redriver_notify_disconnect	MODULE	MODULE
2ede723b	redriver_orientation_get	MODULE	MODULE
28550bfe	redriver_powercycle	MODULE	MODULE
01974942	redriver_release_usb_lanes	MODULE	MODULE
14d2e4b6	register_cld_cmd_cb	MODULE	MODULE
73f7ad82	register_get_perflock_last_freqs_hook	MODULE	MODULE
696c9e5f	register_hboost_event_notifier	MODULE	MODULE
d8ef7443	register_mi_find_energy_efficient_cpu	MODULE	MODULE
e5fc07c2	register_mi_walt_get_indicies	MODULE	MODULE
50cc524b	register_millet_hook	MODULE	MODULE
9e82f9a0	register_mtd_blktrans	MODULE	MODULE
d8142cf6	register_mtd_user	MODULE	MODULE
cbcc4385	register_oem_freq_hook	MODULE	MODULE
dc7fe05f	register_sched_load_update_hook	MODULE	MODULE
69ea286a	register_ucsi_glink_notifier	MODULE	MODULE
a63d6597	register_update_perflock_freq_hook	MODULE	MODULE
94ad2929	regulatory_set_wiphy_regd	MODULE	MODULE
3fb7f286	rmnet_aps_set_prio	MODULE	MODULE
b3c15579	rmnet_ctl_get_stats	MODULE	MODULE
4b46643f	rmnet_ctl_if	MODULE	MODULE
eb8a141a	rmnet_frag_deliver	MODULE	MODULE
e8489ec6	rmnet_frag_descriptor_add_frags_from	MODULE	MODULE
dac6a6b1	rmnet_frag_header_ptr	MODULE	MODULE
0e9f9626	rmnet_frag_ipv6_skip_exthdr	MODULE	MODULE
c50cca72	rmnet_get_port	MODULE	MODULE
56ccb2be	rmnet_is_real_dev_registered	MODULE	MODULE
9dcc3f9f	rmnet_map_dl_ind_deregister	MODULE	MODULE
d469949a	rmnet_map_dl_ind_register	MODULE	MODULE
4b87f955	rmnet_perf_chain_end	MODULE	MODULE
5719b79b	rmnet_perf_desc_entry	MODULE	MODULE
0a31efbe	rmnet_perf_egress_hook1	MODULE	MODULE
50b4e968	rmnet_perf_ingress_hook1	MODULE	MODULE
e71c79d0	rmnet_perf_tether_cmd_hook	MODULE	MODULE
a2244e7f	rmnet_perf_tether_egress_hook	MODULE	MODULE
8c8ce031	rmnet_perf_tether_ingress_hook	MODULE	MODULE
a903b907	rmnet_recycle_frag_descriptor	MODULE	MODULE
f1feb779	rmnet_rx_handler	MODULE	MODULE
d724601c	rmnet_shs_skb_entry	MODULE	MODULE
8523f4c2	rmnet_shs_switch	MODULE	MODULE
0ec443b0	rndis_ipa_cleanup	MODULE	MODULE
67056412	rndis_ipa_init	MODULE	MODULE
44b589e9	rndis_ipa_pipe_connect_notify	MODULE	MODULE
9eae76fa	rndis_ipa_pipe_disconnect_notify	MODULE	MODULE
46bc2a04	rpmh_invalidate	MODULE	MODULE
d45e5f93	rpmh_mode_solver_set	MODULE	MODULE
28bc47b7	rpmh_write_sleep_and_wake	MODULE	MODULE
1eba8f5f	sched_lpm_disallowed_time	MODULE	MODULE
f249da5a	se_config_packing	MODULE	MODULE
49bdaae6	se_geni_clks_off	MODULE	MODULE
ec56bf30	se_geni_clks_on	MODULE	MODULE
9d0100a2	se_geni_resources_off	MODULE	MODULE
ebcc1953	se_geni_resources_on	MODULE	MODULE
623c4b13	se_get_packing_config	MODULE	MODULE
2d442a79	set_foreground_app	MODULE	MODULE
3de2b53e	show_traced_uid	MODULE	MODULE
b56eaee5	slim_alloc_txn_tid	MODULE	MODULE
8c37b765	slim_driver_unregister	MODULE	MODULE
60f20bf4	slim_free_txn_tid	MODULE	MODULE
019f5ad9	slim_get_logical_addr	MODULE	MODULE
ba929dfd	slim_msg_response	MODULE	MODULE
51d44428	slim_readb	MODULE	MODULE
a4295b5c	slim_register_controller	MODULE	MODULE
2d5f8778	slim_report_absent	MODULE	MODULE
8dc127e0	slim_stream_allocate	MODULE	MODULE
7f142c76	slim_stream_disable	MODULE	MODULE
8118169d	slim_stream_enable	MODULE	MODULE
b1504d2d	slim_stream_prepare	MODULE	MODULE
0061a242	slim_stream_unprepare_disconnect_port	MODULE	MODULE
48d3d0d5	slim_unregister_controller	MODULE	MODULE
4d01636f	slim_writeb	MODULE	MODULE
e07e0d99	snd_event_client_deregister	MODULE	MODULE
0230947b	snd_event_client_register	MODULE	MODULE
a4054888	snd_event_master_deregister	MODULE	MODULE
17ea2de3	snd_event_master_register	MODULE	MODULE
a91703d3	snd_event_mstr_add_client	MODULE	MODULE
a51dab26	snd_event_notify	MODULE	MODULE
43272111	soc_sleep_stats_dbg_register	MODULE	MODULE
730a46e6	socinfo_get_id	MODULE	MODULE
36b5aac0	socinfo_get_id_string	MODULE	MODULE
d3b5f1bb	socinfo_get_serial_number	MODULE	MODULE
8892c6d0	spf_core_apm_close_all	MODULE	MODULE
7e8184fc	spf_core_is_apm_ready	MODULE	MODULE
3cbbd910	spmi_pmic_arb_map_address	MODULE	MODULE
3a9457ff	sps_alloc_endpoint	MODULE	MODULE
96d962ca	sps_bam_disable_irqs	MODULE	MODULE
96ccda4a	sps_bam_enable_irqs	MODULE	MODULE
13facc10	sps_connect	MODULE	MODULE
31472e84	sps_deregister_bam_device	MODULE	MODULE
b21d93eb	sps_device_reset	MODULE	MODULE
32b50d8c	sps_disconnect	MODULE	MODULE
8802ce3f	sps_free_endpoint	MODULE	MODULE
c933d2eb	sps_get_bam_addr	MODULE	MODULE
8d37946b	sps_get_bam_debug_info	MODULE	MODULE
ee9c28ca	sps_get_config	MODULE	MODULE
af0c4f48	sps_phy2h	MODULE	MODULE
5e208f0e	sps_pipe_reset	MODULE	MODULE
71166874	sps_register_bam_device	MODULE	MODULE
d2fdae62	sps_register_event	MODULE	MODULE
ee5d9cb1	sps_set_config	MODULE	MODULE
c9482643	sps_setup_bam2bam_fifo	MODULE	MODULE
f25509aa	sps_timer_ctrl	MODULE	MODULE
8793712a	sps_transfer	MODULE	MODULE
f2db5e4f	sps_transfer_one	MODULE	MODULE
4189b31b	stm_data_write	MODULE	MODULE
ae652170	stm_register_device	MODULE	MODULE
1df20651	stm_register_protocol	MODULE	MODULE
52fb094d	stm_source_register_device	MODULE	MODULE
8097f8a7	stm_source_unregister_device	MODULE	MODULE
a6d846bd	stm_source_write	MODULE	MODULE
eb05441c	stm_unregister_device	MODULE	MODULE
57299113	stm_unregister_protocol	MODULE	MODULE
bc2a01fc	subsystem_sleep_debug_enable	MODULE	MODULE
a6e0c968	subsystem_sleep_stats_dbg_register	MODULE	MODULE
83be21bd	subsystem_sleep_stats_dbg_unregister	MODULE	MODULE
455da8d8	swr_connect_port	MODULE	MODULE
41d8177c	swr_device_down	MODULE	MODULE
58032800	swr_device_up	MODULE	MODULE
8d1bee31	swr_device_wakeup_unvote	MODULE	MODULE
3750fef1	swr_device_wakeup_vote	MODULE	MODULE
fc3d74f4	swr_disconnect_port	MODULE	MODULE
070238b2	swr_driver_register	MODULE	MODULE
fa379a22	swr_driver_unregister	MODULE	MODULE
31518149	swr_get_logical_dev_num	MODULE	MODULE
4d8305ef	swr_init_port_params	MODULE	MODULE
de72802d	swr_master_add_boarddevices	MODULE	MODULE
d1466e55	swr_port_response	MODULE	MODULE
ad563e7d	swr_read	MODULE	MODULE
0f4fdc07	swr_register_master	MODULE	MODULE
5b664b91	swr_remove_device	MODULE	MODULE
541f657c	swr_remove_from_group	MODULE	MODULE
7e0044d7	swr_reset_device	MODULE	MODULE
9b7a80d5	swr_set_device_group	MODULE	MODULE
52c5ee4d	swr_slvdev_datapath_control	MODULE	MODULE
6f498430	swr_unregister_master	MODULE	MODULE
a01f6762	swr_write	MODULE	MODULE
14bb1d52	swrm_wcd_notify	MODULE	MODULE
127dc2c4	synx_deregister_ops	MODULE	MODULE
b40c7137	synx_get_status	MODULE	MODULE
cd56f629	synx_import	MODULE	MODULE
8f16b6a4	synx_initialize	MODULE	MODULE
539fd702	synx_register_ops	MODULE	MODULE
23465350	synx_release	MODULE	MODULE
9a5e29ff	synx_signal	MODULE	MODULE
19d93bd8	synx_uninitialize	MODULE	MODULE
0c094b1d	synx_wait	MODULE	MODULE
fb2b43c1	thermal_pause_notifier_register	MODULE	MODULE
e28b9a53	thermal_paused_cpumask	MODULE	MODULE
87dfe3f4	touch_irq_boost	MODULE	MODULE
71418022	tzdbg_log_wq	MODULE	MODULE
16dddae1	ufs_qcom_phy_calibrate	MODULE	MODULE
9ad59948	ufs_qcom_phy_dump_regs	MODULE	MODULE
4b4d4b15	ufs_qcom_phy_generic_probe	MODULE	MODULE
a8ba9023	ufs_qcom_phy_get_reset	MODULE	MODULE
4b292ca0	ufs_qcom_phy_init_clks	MODULE	MODULE
e0a16fc3	ufs_qcom_phy_init_vregulators	MODULE	MODULE
f44e0be4	ufs_qcom_phy_power_off	MODULE	MODULE
9c5209bb	ufs_qcom_phy_power_on	MODULE	MODULE
128632c4	ufs_qcom_phy_write_tbl	MODULE	MODULE
16d662d9	unregister_hboost_event_notifier	MODULE	MODULE
595ba62e	unregister_mi_find_energy_efficient_cpu	MODULE	MODULE
2ecc3ec3	unregister_mi_walt_get_indicies	MODULE	MODULE
b929fd5b	unregister_millet_hook	MODULE	MODULE
1aff1b8d	unregister_mtd_user	MODULE	MODULE
524d9606	unregister_sched_load_update_hook	MODULE	MODULE
f8c1938f	unregister_ucsi_glink_notifier	MODULE	MODULE
49118811	update_palm_sensor_value	MODULE	MODULE
c8917f7a	usb_add_repeater_dev	MODULE	MODULE
7803609d	usb_bam_alloc_fifos	MODULE	MODULE
69d80ab0	usb_bam_connect	MODULE	MODULE
e7838d88	usb_bam_disconnect_pipe	MODULE	MODULE
1ba2ffc4	usb_bam_free_fifos	MODULE	MODULE
ca94d11c	usb_bam_get_bam_type	MODULE	MODULE
b9793ee5	usb_bam_get_connection_idx	MODULE	MODULE
cc18a48f	usb_gsi_ep_op	MODULE	MODULE
3a9661c9	usb_qdss_alloc_req	MODULE	MODULE
a3d8f896	usb_qdss_close	MODULE	MODULE
10fbf98f	usb_qdss_free_req	MODULE	MODULE
a9291910	usb_qdss_open	MODULE	MODULE
16b296f3	usb_qdss_write	MODULE	MODULE
269134a3	usb_remove_repeater_dev	MODULE	MODULE
9ecd7f2f	walt_ktime_get_ns	MODULE	MODULE
887d656c	walt_pause_cpus	MODULE	MODULE
5fb43d01	walt_resume_cpus	MODULE	MODULE
b684191a	walt_update_task_ravg	MODULE	MODULE
198a0432	wcd937x_codec_get_dev_num	MODULE	MODULE
177a9dd2	wcd937x_get_codec_variant	MODULE	MODULE
5f9cd8e8	wcd937x_info_create_codec_entry	MODULE	MODULE
66750f82	wcd937x_mbhc_hs_detect	MODULE	MODULE
05082f1e	wcd938x_codec_force_enable_micbias_v2	MODULE	MODULE
a29fe12f	wcd938x_codec_get_dev_num	MODULE	MODULE
ac6f78cf	wcd938x_get_codec_variant	MODULE	MODULE
09cc9263	wcd938x_info_create_codec_entry	MODULE	MODULE
67a9d9fa	wcd938x_mbhc_hs_detect	MODULE	MODULE
d7c4b74e	wcd938x_swr_dmic_register_notifier	MODULE	MODULE
52b457a6	wcd_cal_create_hwdep	MODULE	MODULE
994b2f10	wcd_cls_h_fsm	MODULE	MODULE
9df709eb	wcd_cls_h_init	MODULE	MODULE
ef5c7018	wcd_clsh_set_hph_mode	MODULE	MODULE
bb2d6a5c	wcd_disable_irq	MODULE	MODULE
948cf083	wcd_enable_irq	MODULE	MODULE
452ba7f7	wcd_free_irq	MODULE	MODULE
d84aea48	wcd_irq_exit	MODULE	MODULE
86d262bc	wcd_irq_init	MODULE	MODULE
5f3cc528	wcd_mbhc_deinit	MODULE	MODULE
b5d98761	wcd_mbhc_get_impedance	MODULE	MODULE
0478f1a9	wcd_mbhc_init	MODULE	MODULE
de5d0b56	wcd_mbhc_start	MODULE	MODULE
a79f2de2	wcd_mbhc_stop	MODULE	MODULE
429e1957	wcd_request_irq	MODULE	MODULE
77396a32	wcdcal_get_fw_cal	MODULE	MODULE
dff15e8a	wcnss_prealloc_get	MODULE	MODULE
0521fc53	wcnss_prealloc_put	MODULE	MODULE
5e97829f	wiphy_free	MODULE	MODULE
ac389d85	wiphy_new_nm	MODULE	MODULE
4d2abffe	wiphy_register	MODULE	MODULE
ca357b06	wiphy_unregister	MODULE	MODULE
33c73954	wlfw_antenna_grant_req_msg_v01_ei	MODULE	MODULE
5a19eae1	wlfw_antenna_grant_resp_msg_v01_ei	MODULE	MODULE
91f4dfdb	wlfw_antenna_switch_req_msg_v01_ei	MODULE	MODULE
27bc47b6	wlfw_antenna_switch_resp_msg_v01_ei	MODULE	MODULE
57d2f778	wlfw_athdiag_read_req_msg_v01_ei	MODULE	MODULE
68a593cc	wlfw_athdiag_read_resp_msg_v01_ei	MODULE	MODULE
9e1cfa12	wlfw_athdiag_write_req_msg_v01_ei	MODULE	MODULE
c50bd587	wlfw_athdiag_write_resp_msg_v01_ei	MODULE	MODULE
f9f95072	wlfw_bdf_download_req_msg_v01_ei	MODULE	MODULE
88de5175	wlfw_bdf_download_resp_msg_v01_ei	MODULE	MODULE
82d5a295	wlfw_cal_done_ind_msg_v01_ei	MODULE	MODULE
39ee68dc	wlfw_cal_report_req_msg_v01_ei	MODULE	MODULE
b970c8a2	wlfw_cal_report_resp_msg_v01_ei	MODULE	MODULE
f93473cd	wlfw_cap_req_msg_v01_ei	MODULE	MODULE
d300324b	wlfw_cap_resp_msg_v01_ei	MODULE	MODULE
7c0786d6	wlfw_device_info_req_msg_v01_ei	MODULE	MODULE
59e0c852	wlfw_device_info_resp_msg_v01_ei	MODULE	MODULE
20ffae1a	wlfw_dynamic_feature_mask_req_msg_v01_ei	MODULE	MODULE
cb6ebee1	wlfw_dynamic_feature_mask_resp_msg_v01_ei	MODULE	MODULE
1ae65c6b	wlfw_fw_init_done_ind_msg_v01_ei	MODULE	MODULE
4eaa6981	wlfw_fw_mem_ready_ind_msg_v01_ei	MODULE	MODULE
f5f3f81b	wlfw_fw_ready_ind_msg_v01_ei	MODULE	MODULE
648deec0	wlfw_get_info_req_msg_v01_ei	MODULE	MODULE
ad2cf76b	wlfw_get_info_resp_msg_v01_ei	MODULE	MODULE
cb847d99	wlfw_host_cap_req_msg_v01_ei	MODULE	MODULE
bf3417a8	wlfw_host_cap_resp_msg_v01_ei	MODULE	MODULE
ae90a96c	wlfw_ind_register_req_msg_v01_ei	MODULE	MODULE
728605ef	wlfw_ind_register_resp_msg_v01_ei	MODULE	MODULE
555fb702	wlfw_ini_file_download_req_msg_v01_ei	MODULE	MODULE
d87786ae	wlfw_ini_file_download_resp_msg_v01_ei	MODULE	MODULE
394d6346	wlfw_ini_req_msg_v01_ei	MODULE	MODULE
a9aa11f3	wlfw_ini_resp_msg_v01_ei	MODULE	MODULE
f9807164	wlfw_m3_dump_upload_done_req_msg_v01_ei	MODULE	MODULE
7c0a9d05	wlfw_m3_dump_upload_done_resp_msg_v01_ei	MODULE	MODULE
285b5d6e	wlfw_m3_dump_upload_segments_req_ind_msg_v01_ei	MODULE	MODULE
50f7baa5	wlfw_m3_info_req_msg_v01_ei	MODULE	MODULE
90c018e8	wlfw_m3_info_resp_msg_v01_ei	MODULE	MODULE
8bde4e47	wlfw_mac_addr_req_msg_v01_ei	MODULE	MODULE
de1fb248	wlfw_mac_addr_resp_msg_v01_ei	MODULE	MODULE
efbf61b1	wlfw_msa_info_req_msg_v01_ei	MODULE	MODULE
8aa5844e	wlfw_msa_info_resp_msg_v01_ei	MODULE	MODULE
23054b22	wlfw_msa_ready_ind_msg_v01_ei	MODULE	MODULE
8498ed9b	wlfw_msa_ready_req_msg_v01_ei	MODULE	MODULE
51756a14	wlfw_msa_ready_resp_msg_v01_ei	MODULE	MODULE
51b142a3	wlfw_pcie_gen_switch_req_msg_v01_ei	MODULE	MODULE
79a2fb25	wlfw_pcie_gen_switch_resp_msg_v01_ei	MODULE	MODULE
360becd3	wlfw_pin_connect_result_ind_msg_v01_ei	MODULE	MODULE
b291014b	wlfw_power_save_req_msg_v01_ei	MODULE	MODULE
ff41d476	wlfw_qdss_trace_config_download_req_msg_v01_ei	MODULE	MODULE
8fb52de8	wlfw_qdss_trace_config_download_resp_msg_v01_ei	MODULE	MODULE
3aba511d	wlfw_qdss_trace_data_req_msg_v01_ei	MODULE	MODULE
55106ebd	wlfw_qdss_trace_data_resp_msg_v01_ei	MODULE	MODULE
9fadaee0	wlfw_qdss_trace_free_ind_msg_v01_ei	MODULE	MODULE
67bf5287	wlfw_qdss_trace_mem_info_req_msg_v01_ei	MODULE	MODULE
459711e4	wlfw_qdss_trace_mem_info_resp_msg_v01_ei	MODULE	MODULE
3fef7722	wlfw_qdss_trace_mode_req_msg_v01_ei	MODULE	MODULE
e37316a6	wlfw_qdss_trace_mode_resp_msg_v01_ei	MODULE	MODULE
cf6bbe28	wlfw_qdss_trace_req_mem_ind_msg_v01_ei	MODULE	MODULE
effd72d5	wlfw_qdss_trace_save_ind_msg_v01_ei	MODULE	MODULE
a195c252	wlfw_rejuvenate_ack_req_msg_v01_ei	MODULE	MODULE
b3e81d2f	wlfw_rejuvenate_ack_resp_msg_v01_ei	MODULE	MODULE
5f2db6f1	wlfw_rejuvenate_ind_msg_v01_ei	MODULE	MODULE
eb31ed49	wlfw_request_mem_ind_msg_v01_ei	MODULE	MODULE
3d1468c6	wlfw_respond_get_info_ind_msg_v01_ei	MODULE	MODULE
f8be713a	wlfw_respond_mem_req_msg_v01_ei	MODULE	MODULE
f0d8dff6	wlfw_respond_mem_resp_msg_v01_ei	MODULE	MODULE
7ac72048	wlfw_shutdown_req_msg_v01_ei	MODULE	MODULE
4e51b6b7	wlfw_shutdown_resp_msg_v01_ei	MODULE	MODULE
4ca918a2	wlfw_soc_wake_req_msg_v01_ei	MODULE	MODULE
0eb8d3e9	wlfw_soc_wake_resp_msg_v01_ei	MODULE	MODULE
6966cca0	wlfw_subsys_restart_level_req_msg_v01_ei	MODULE	MODULE
e0937d11	wlfw_subsys_restart_level_resp_msg_v01_ei	MODULE	MODULE
dfb04206	wlfw_vbatt_req_msg_v01_ei	MODULE	MODULE
df90ad42	wlfw_vbatt_resp_msg_v01_ei	MODULE	MODULE
d207cbd7	wlfw_wfc_call_status_req_msg_v01_ei	MODULE	MODULE
2e49f889	wlfw_wfc_call_status_resp_msg_v01_ei	MODULE	MODULE
1f34ef07	wlfw_wfc_call_twt_config_ind_msg_v01_ei	MODULE	MODULE
7651b256	wlfw_wlan_cfg_req_msg_v01_ei	MODULE	MODULE
b4521d46	wlfw_wlan_cfg_resp_msg_v01_ei	MODULE	MODULE
3b62851c	wlfw_wlan_mode_req_msg_v01_ei	MODULE	MODULE
221686ff	wlfw_wlan_mode_resp_msg_v01_ei	MODULE	MODULE
635b9cbb	wow_suspend_type	MODULE	MODULE
25e565c6	wsa883x_codec_get_dev_num	MODULE	MODULE
3e42c134	wsa883x_codec_info_create_codec_entry	MODULE	MODULE
cd403c50	wsa883x_set_channel_map	MODULE	MODULE
c4c4e0af	xiaomitouch_register_modedata	MODULE	MODULE
5da67adc	zs_compact	MODULE	MODULE
bcf1f0e6	zs_create_pool	MODULE	MODULE
c69b7ee5	zs_destroy_pool	MODULE	MODULE
958df3ac	zs_free	MODULE	MODULE
cbe56bc2	zs_get_total_pages	MODULE	MODULE
3d8baf3b	zs_huge_class_size	MODULE	MODULE
b29533ee	zs_malloc	MODULE	MODULE
c341ae6d	zs_map_object	MODULE	MODULE
7cceaf92	zs_pool_stats	MODULE	MODULE
924c46f8	zs_unmap_object	MODULE	MODULE
